worker_id,rep,role,quartet_pos,participantlabel,female,r2score,quartet_id,r3score
55747e4afdf99b6752df4183,8,self,1,55747e4afdf99b6752df4183,1.0,9.0,68,8.0
55747e4afdf99b6752df4183,8,other,2,5e372dfecb3c096c83115563,1.0,9.0,68,11.0
55747e4afdf99b6752df4183,8,other,3,5ee0df4ff87654455ad1cb9a,0.0,12.0,68,11.0
55747e4afdf99b6752df4183,8,other,4,6114ba31072fc0bcc226b89d,0.0,11.0,68,16.0
55747e4afdf99b6752df4183,9,self,1,55747e4afdf99b6752df4183,1.0,9.0,69,8.0
55747e4afdf99b6752df4183,9,other,2,5ea015577dd57200089eb811,1.0,4.0,69,4.0
55747e4afdf99b6752df4183,9,other,3,5d514a73f20feb00160b5e0e,0.0,10.0,69,16.0
55747e4afdf99b6752df4183,9,other,4,65e9b627677d2452e3c72b89,0.0,12.0,69,17.0
55885869fdf99b4020ba0b64,3,self,1,55885869fdf99b4020ba0b64,1.0,14.0,83,18.0
55885869fdf99b4020ba0b64,3,other,2,6634e6202da0719ae4ec6455,1.0,17.0,83,11.0
55885869fdf99b4020ba0b64,3,other,3,5ea433f82992293d5e604ad1,0.0,10.0,83,14.0
55885869fdf99b4020ba0b64,3,other,4,60e990a445aa4bae855c303f,0.0,11.0,83,9.0
55885869fdf99b4020ba0b64,9,self,1,55885869fdf99b4020ba0b64,1.0,14.0,89,18.0
55885869fdf99b4020ba0b64,9,other,2,5f146f8b9a35f72602d03ddc,1.0,8.0,89,9.0
55885869fdf99b4020ba0b64,9,other,3,66ae0709d8dd8981a2d6ee04,0.0,16.0,89,22.0
55885869fdf99b4020ba0b64,9,other,4,5c3c7913b4f22c0001a0809c,0.0,11.0,89,13.0
55885869fdf99b4020ba0b64,16,self,1,55885869fdf99b4020ba0b64,1.0,14.0,96,18.0
55885869fdf99b4020ba0b64,16,other,2,6112c7a6b0cc80578975e648,1.0,17.0,96,25.0
55885869fdf99b4020ba0b64,16,other,3,64125a2a86177f9e395541f1,0.0,22.0,96,25.0
55885869fdf99b4020ba0b64,16,other,4,5ee267c69586fe718ee7c582,0.0,20.0,96,16.0
559d75befdf99b1e2b2dc522,8,self,1,559d75befdf99b1e2b2dc522,0.0,21.0,168,16.0
559d75befdf99b1e2b2dc522,8,other,2,63d408a690705bd9c54c50a6,1.0,16.0,168,16.0
559d75befdf99b1e2b2dc522,8,other,3,65fb799d1bb244733095cf20,1.0,1.0,168,5.0
559d75befdf99b1e2b2dc522,8,other,4,570570eb61ab6a0010d484d0,0.0,9.0,168,17.0
55b5f6b6fdf99b713277dc94,2,self,1,55b5f6b6fdf99b713277dc94,0.0,19.0,182,10.0
55b5f6b6fdf99b713277dc94,2,other,2,670ff7a65beb0c8e83fe3fa3,1.0,9.0,182,8.0
55b5f6b6fdf99b713277dc94,2,other,3,5a75d51a0f1bce0001219703,1.0,11.0,182,9.0
55b5f6b6fdf99b713277dc94,2,other,4,586d6b28de1cea0001f7a125,0.0,13.0,182,24.0
55b5f6b6fdf99b713277dc94,16,self,1,55b5f6b6fdf99b713277dc94,0.0,19.0,196,10.0
55b5f6b6fdf99b713277dc94,16,other,2,672a401ef9623837c59f3af2,1.0,4.0,196,12.0
55b5f6b6fdf99b713277dc94,16,other,3,6599760dff590951e558d1fc,1.0,9.0,196,16.0
55b5f6b6fdf99b713277dc94,16,other,4,648646988a5170373da06a9e,0.0,11.0,196,16.0
55b8d0bffdf99b0f2859fe73,2,self,1,55b8d0bffdf99b0f2859fe73,0.0,23.0,202,33.0
55b8d0bffdf99b0f2859fe73,2,other,2,5a9c4162b5e2110001c6d247,1.0,18.0,202,9.0
55b8d0bffdf99b0f2859fe73,2,other,3,6786ac16415168abd9f21d6b,1.0,9.0,202,16.0
55b8d0bffdf99b0f2859fe73,2,other,4,59d395800118340001369be1,0.0,18.0,202,16.0
55b8d0bffdf99b0f2859fe73,4,self,1,55b8d0bffdf99b0f2859fe73,0.0,23.0,204,33.0
55b8d0bffdf99b0f2859fe73,4,other,2,5e695632d40a492070942196,1.0,2.0,204,8.0
55b8d0bffdf99b0f2859fe73,4,other,3,6701206a49833a2065d10763,1.0,4.0,204,9.0
55b8d0bffdf99b0f2859fe73,4,other,4,614ff24d1d1982c8442aad56,0.0,12.0,204,13.0
55b8d0bffdf99b0f2859fe73,8,self,1,55b8d0bffdf99b0f2859fe73,0.0,23.0,208,33.0
55b8d0bffdf99b0f2859fe73,8,other,2,667852bad1ab6be8543df6d8,1.0,4.0,208,20.0
55b8d0bffdf99b0f2859fe73,8,other,3,5d47901043518d0017bf3c04,1.0,9.0,208,8.0
55b8d0bffdf99b0f2859fe73,8,other,4,5f96d1d4c1cd3c03ad1ee15c,0.0,10.0,208,16.0
55b8d0bffdf99b0f2859fe73,9,self,1,55b8d0bffdf99b0f2859fe73,0.0,23.0,209,33.0
55b8d0bffdf99b0f2859fe73,9,other,2,5f42966cafb00848de3c0355,1.0,17.0,209,16.0
55b8d0bffdf99b0f2859fe73,9,other,3,615a170c6eca532c6f57e09c,1.0,18.0,209,16.0
55b8d0bffdf99b0f2859fe73,9,other,4,632b3639f61612815d100608,0.0,2.0,209,10.0
55b8d0bffdf99b0f2859fe73,10,self,1,55b8d0bffdf99b0f2859fe73,0.0,23.0,210,33.0
55b8d0bffdf99b0f2859fe73,10,other,2,63d8c92d2f5a27eb3c7edb89,1.0,19.0,210,16.0
55b8d0bffdf99b0f2859fe73,10,other,3,5c1ebf5f658e9200017ae7e9,1.0,9.0,210,12.0
55b8d0bffdf99b0f2859fe73,10,other,4,677168d70ec2f9f7f9f6ac05,0.0,12.0,210,21.0
55b8d0bffdf99b0f2859fe73,11,self,1,55b8d0bffdf99b0f2859fe73,0.0,23.0,211,33.0
55b8d0bffdf99b0f2859fe73,11,other,2,676bc93236a95a162cd215a4,1.0,18.0,211,16.0
55b8d0bffdf99b0f2859fe73,11,other,3,671fae2215cb796cfc9d1207,1.0,10.0,211,18.0
55b8d0bffdf99b0f2859fe73,11,other,4,6445b13023ac3b3eb202881f,0.0,12.0,211,12.0
55b8d0bffdf99b0f2859fe73,18,self,1,55b8d0bffdf99b0f2859fe73,0.0,23.0,218,33.0
55b8d0bffdf99b0f2859fe73,18,other,2,583ef6f5ad2f4300014b358d,1.0,16.0,218,16.0
55b8d0bffdf99b0f2859fe73,18,other,3,6724d3673a5391f6e028d659,1.0,4.0,218,9.0
55b8d0bffdf99b0f2859fe73,18,other,4,638a3fd5992f01b81d0e1e93,0.0,13.0,218,12.0
55b8d0bffdf99b0f2859fe73,20,self,1,55b8d0bffdf99b0f2859fe73,0.0,23.0,220,33.0
55b8d0bffdf99b0f2859fe73,20,other,2,67870824e02758bc16fa96f3,1.0,8.0,220,8.0
55b8d0bffdf99b0f2859fe73,20,other,3,5ed51b1808865206f3d88900,1.0,26.0,220,16.0
55b8d0bffdf99b0f2859fe73,20,other,4,610525c46749d49578a452d7,0.0,16.0,220,25.0
55e356dac70c7a00052a57ec,5,self,1,55e356dac70c7a00052a57ec,0.0,14.0,285,17.0
55e356dac70c7a00052a57ec,5,other,2,677aa8d8f01b0f81923c3d1c,1.0,4.0,285,16.0
55e356dac70c7a00052a57ec,5,other,3,60e845f301f5a5901200baf4,1.0,20.0,285,15.0
55e356dac70c7a00052a57ec,5,other,4,654cec9d03f822b4b2b4133a,0.0,18.0,285,16.0
55e356dac70c7a00052a57ec,6,self,1,55e356dac70c7a00052a57ec,0.0,14.0,286,17.0
55e356dac70c7a00052a57ec,6,other,2,66351c39f862c014cfa831c4,1.0,13.0,286,12.0
55e356dac70c7a00052a57ec,6,other,3,5fefa037c9707d2dde068a38,1.0,10.0,286,16.0
55e356dac70c7a00052a57ec,6,other,4,5e4761e624b17f2239a6473a,0.0,11.0,286,13.0
563fc664074be600055e9677,7,self,1,563fc664074be600055e9677,1.0,11.0,367,0.0
563fc664074be600055e9677,7,other,2,5eadc384e00264461f74d7c8,1.0,9.0,367,8.0
563fc664074be600055e9677,7,other,3,6631dd70c1393b01137d8453,0.0,9.0,367,11.0
563fc664074be600055e9677,7,other,4,62fce9a6d7fa7bc8559d6ce1,0.0,12.0,367,16.0
566d5997d408ea00051a2a86,3,self,1,566d5997d408ea00051a2a86,0.0,28.0,383,22.0
566d5997d408ea00051a2a86,3,other,2,5d5167d1374c5d0001b56d8b,1.0,12.0,383,8.0
566d5997d408ea00051a2a86,3,other,3,66eb5adf63cae551875a7667,1.0,3.0,383,1.0
566d5997d408ea00051a2a86,3,other,4,6765f0f70b5bf9820e27589e,0.0,9.0,383,11.0
566d5997d408ea00051a2a86,4,self,1,566d5997d408ea00051a2a86,0.0,28.0,384,22.0
566d5997d408ea00051a2a86,4,other,2,6764697d9d4afb4e6bfe1c4e,1.0,17.0,384,16.0
566d5997d408ea00051a2a86,4,other,3,667c80ad23f9daa7c9e0470a,1.0,16.0,384,18.0
566d5997d408ea00051a2a86,4,other,4,67f7f883cb3cd4c0f5177411,0.0,16.0,384,16.0
566d5997d408ea00051a2a86,5,self,1,566d5997d408ea00051a2a86,0.0,28.0,385,22.0
566d5997d408ea00051a2a86,5,other,2,67effc951ce344a94949e0e7,1.0,16.0,385,16.0
566d5997d408ea00051a2a86,5,other,3,654514db35400eff3daddcf5,1.0,16.0,385,17.0
566d5997d408ea00051a2a86,5,other,4,5a1342b7f2e3460001edbfd2,0.0,6.0,385,4.0
566d5997d408ea00051a2a86,8,self,1,566d5997d408ea00051a2a86,0.0,28.0,388,22.0
566d5997d408ea00051a2a86,8,other,2,615a170c6eca532c6f57e09c,1.0,18.0,388,16.0
566d5997d408ea00051a2a86,8,other,3,5e8601d90126b207e8c7a2aa,1.0,18.0,388,13.0
566d5997d408ea00051a2a86,8,other,4,67e6d14022a912cd6c3fb682,0.0,16.0,388,19.0
566d5997d408ea00051a2a86,9,self,1,566d5997d408ea00051a2a86,0.0,28.0,389,22.0
566d5997d408ea00051a2a86,9,other,2,67cadeb08bf55a9b89a9f487,1.0,18.0,389,16.0
566d5997d408ea00051a2a86,9,other,3,65e7795d1685521fd01bd49a,1.0,9.0,389,8.0
566d5997d408ea00051a2a86,9,other,4,5fa1636a77c875235bd8e1f6,0.0,14.0,389,18.0
566d5997d408ea00051a2a86,13,self,1,566d5997d408ea00051a2a86,0.0,28.0,393,22.0
566d5997d408ea00051a2a86,13,other,2,5d7fd2a5987f70001602d95b,1.0,18.0,393,17.0
566d5997d408ea00051a2a86,13,other,3,66043087e6f547531945bb3f,1.0,11.0,393,17.0
566d5997d408ea00051a2a86,13,other,4,64727ea9591087aef21f3dcf,0.0,11.0,393,18.0
566d5997d408ea00051a2a86,14,self,1,566d5997d408ea00051a2a86,0.0,28.0,394,22.0
566d5997d408ea00051a2a86,14,other,2,6609a35ed745fef53c0c1034,1.0,17.0,394,16.0
566d5997d408ea00051a2a86,14,other,3,66439d24bf5f2505d7929c12,1.0,17.0,394,21.0
566d5997d408ea00051a2a86,14,other,4,63fcb1bc5430196e4e652913,0.0,14.0,394,12.0
566d5997d408ea00051a2a86,15,self,1,566d5997d408ea00051a2a86,0.0,28.0,395,22.0
566d5997d408ea00051a2a86,15,other,2,65c2ae40c10cbd17296e6914,1.0,10.0,395,11.0
566d5997d408ea00051a2a86,15,other,3,664413a1fae91cf971a208f7,1.0,9.0,395,11.0
566d5997d408ea00051a2a86,15,other,4,66048ef245166519a03d0fef,0.0,8.0,395,9.0
566d5997d408ea00051a2a86,20,self,1,566d5997d408ea00051a2a86,0.0,28.0,400,22.0
566d5997d408ea00051a2a86,20,other,2,5f60fa0a0543ce036fa68ba0,1.0,5.0,400,6.0
566d5997d408ea00051a2a86,20,other,3,5a0b42e4fe645f0001e9f480,1.0,11.0,400,21.0
566d5997d408ea00051a2a86,20,other,4,67254fcd428ad2813fcdcd94,0.0,10.0,400,16.0
567dd32b4f0ef30006dbb718,3,self,1,567dd32b4f0ef30006dbb718,1.0,7.0,423,6.0
567dd32b4f0ef30006dbb718,3,other,2,5e9ffa9ee172201b04f1a4c6,1.0,10.0,423,8.0
567dd32b4f0ef30006dbb718,3,other,3,66d31a1b0515fe747830bab9,0.0,15.0,423,13.0
567dd32b4f0ef30006dbb718,3,other,4,59014a56baa70f0001ea4c3b,0.0,11.0,423,16.0
567dd32b4f0ef30006dbb718,9,self,1,567dd32b4f0ef30006dbb718,1.0,7.0,429,6.0
567dd32b4f0ef30006dbb718,9,other,2,5e4db97c679288216771f059,1.0,11.0,429,16.0
567dd32b4f0ef30006dbb718,9,other,3,677168d70ec2f9f7f9f6ac05,0.0,12.0,429,21.0
567dd32b4f0ef30006dbb718,9,other,4,5ec79cbd44972a1fceed2719,0.0,15.0,429,10.0
567dd32b4f0ef30006dbb718,20,self,1,567dd32b4f0ef30006dbb718,1.0,7.0,440,6.0
567dd32b4f0ef30006dbb718,20,other,2,63d038b1a4c7fdf5bb9259a0,1.0,13.0,440,16.0
567dd32b4f0ef30006dbb718,20,other,3,65595aaabe1790ca0d744fbc,0.0,24.0,440,23.0
567dd32b4f0ef30006dbb718,20,other,4,5fbf90f025a567296d943c7e,0.0,17.0,440,12.0
56888951d7848e000c39a122,3,self,1,56888951d7848e000c39a122,1.0,1.0,503,2.0
56888951d7848e000c39a122,3,other,2,58a5cf959e040a0001399f07,1.0,19.0,503,24.0
56888951d7848e000c39a122,3,other,3,5b1bc42168a5ed0001737ef3,0.0,16.0,503,13.0
56888951d7848e000c39a122,3,other,4,60ce350a7a082517c8666e92,0.0,18.0,503,18.0
56888951d7848e000c39a122,11,self,1,56888951d7848e000c39a122,1.0,1.0,511,2.0
56888951d7848e000c39a122,11,other,2,5e69987e0873d600084bc920,1.0,12.0,511,16.0
56888951d7848e000c39a122,11,other,3,63d79c177448168e7afd6930,0.0,14.0,511,17.0
56888951d7848e000c39a122,11,other,4,63f77983c22478f8fb1d79a8,0.0,24.0,511,29.0
568aab53316b10000d50d76b,3,self,1,568aab53316b10000d50d76b,0.0,10.0,523,16.0
568aab53316b10000d50d76b,3,other,2,66abd5f44f64fabe413971e8,1.0,9.0,523,12.0
568aab53316b10000d50d76b,3,other,3,6786c02b927bff134b80264c,1.0,11.0,523,12.0
568aab53316b10000d50d76b,3,other,4,6599b15ac5bd63ec64f8b1f5,0.0,19.0,523,8.0
56d1af6521cd29000b973ff2,5,self,1,56d1af6521cd29000b973ff2,1.0,12.0,685,8.0
56d1af6521cd29000b973ff2,5,other,2,5f0a7dec44c42c19a6c9f6d9,1.0,12.0,685,8.0
56d1af6521cd29000b973ff2,5,other,3,5c28113978fad50001932f58,0.0,18.0,685,19.0
56d1af6521cd29000b973ff2,5,other,4,599ab130b5566b0001aa85bb,0.0,16.0,685,10.0
56d1f7f67bbc32000589a588,11,self,1,56d1f7f67bbc32000589a588,1.0,21.0,711,16.0
56d1f7f67bbc32000589a588,11,other,2,67cf0c70aa43b13b6168ecbf,1.0,12.0,711,12.0
56d1f7f67bbc32000589a588,11,other,3,64416693b9184dbb9b169324,0.0,11.0,711,11.0
56d1f7f67bbc32000589a588,11,other,4,5c8e05e7aa473f00015e5fe7,0.0,21.0,711,11.0
56d84c584a9be1000a535f9c,13,self,1,56d84c584a9be1000a535f9c,0.0,13.0,733,8.0
56d84c584a9be1000a535f9c,13,other,2,56888951d7848e000c39a122,1.0,1.0,733,2.0
56d84c584a9be1000a535f9c,13,other,3,5cb77fa063c0780017857c2e,1.0,16.0,733,14.0
56d84c584a9be1000a535f9c,13,other,4,62a2548381f399e5f4f52746,0.0,8.0,733,9.0
56f92b84895094000b8f485a,1,self,1,56f92b84895094000b8f485a,1.0,13.0,741,9.0
56f92b84895094000b8f485a,1,other,2,65c14eb17b368ee1ed773e03,1.0,12.0,741,9.0
56f92b84895094000b8f485a,1,other,3,5f96d1d4c1cd3c03ad1ee15c,0.0,10.0,741,16.0
56f92b84895094000b8f485a,1,other,4,667c2175b570aa694ce2f63c,0.0,11.0,741,16.0
56f92b84895094000b8f485a,10,self,1,56f92b84895094000b8f485a,1.0,13.0,750,9.0
56f92b84895094000b8f485a,10,other,2,613a32539be30e10dca2c288,1.0,18.0,750,16.0
56f92b84895094000b8f485a,10,other,3,6308dca0fefa374b1d697aba,0.0,11.0,750,20.0
56f92b84895094000b8f485a,10,other,4,5d654a1e855d77001b10dd92,0.0,11.0,750,17.0
570570eb61ab6a0010d484d0,20,self,1,570570eb61ab6a0010d484d0,0.0,9.0,820,17.0
570570eb61ab6a0010d484d0,20,other,2,63d8c92d2f5a27eb3c7edb89,1.0,19.0,820,16.0
570570eb61ab6a0010d484d0,20,other,3,66eada82e2a59d472d2dd086,1.0,17.0,820,16.0
570570eb61ab6a0010d484d0,20,other,4,66b732e2824f3862c1739187,0.0,11.0,820,9.0
57165ba7c5aca2000a8d32ca,4,self,1,57165ba7c5aca2000a8d32ca,0.0,29.0,844,25.0
57165ba7c5aca2000a8d32ca,4,other,2,6599760dff590951e558d1fc,1.0,9.0,844,16.0
57165ba7c5aca2000a8d32ca,4,other,3,661d4230dd564f5f2a226612,1.0,10.0,844,16.0
57165ba7c5aca2000a8d32ca,4,other,4,665e680164927b18554b66ec,0.0,16.0,844,12.0
57165ba7c5aca2000a8d32ca,6,self,1,57165ba7c5aca2000a8d32ca,0.0,29.0,846,25.0
57165ba7c5aca2000a8d32ca,6,other,2,62c9ed717a2882d689eb27c1,1.0,16.0,846,19.0
57165ba7c5aca2000a8d32ca,6,other,3,5f60fa0a0543ce036fa68ba0,1.0,5.0,846,6.0
57165ba7c5aca2000a8d32ca,6,other,4,672a6f5fc7bda7ce7ce814a7,0.0,30.0,846,16.0
57165ba7c5aca2000a8d32ca,8,self,1,57165ba7c5aca2000a8d32ca,0.0,29.0,848,25.0
57165ba7c5aca2000a8d32ca,8,other,2,603d3e53d42711c0d0c38b30,1.0,18.0,848,17.0
57165ba7c5aca2000a8d32ca,8,other,3,5e3d33b27525e7117bd31778,1.0,10.0,848,16.0
57165ba7c5aca2000a8d32ca,8,other,4,66fcc3a673471394133c1d2f,0.0,1.0,848,2.0
57165ba7c5aca2000a8d32ca,14,self,1,57165ba7c5aca2000a8d32ca,0.0,29.0,854,25.0
57165ba7c5aca2000a8d32ca,14,other,2,6788d82f8ec0422c248b737a,1.0,17.0,854,10.0
57165ba7c5aca2000a8d32ca,14,other,3,607f179ab5b13c7618778498,1.0,11.0,854,16.0
57165ba7c5aca2000a8d32ca,14,other,4,596e1edd39e9d00001b7bb98,0.0,16.0,854,19.0
57165ba7c5aca2000a8d32ca,18,self,1,57165ba7c5aca2000a8d32ca,0.0,29.0,858,25.0
57165ba7c5aca2000a8d32ca,18,other,2,5e6b11a7704ee10c3d5e203a,1.0,8.0,858,10.0
57165ba7c5aca2000a8d32ca,18,other,3,56fb454534a0d300061a5070,1.0,24.0,858,18.0
57165ba7c5aca2000a8d32ca,18,other,4,6668929d181484a688e8d5d0,0.0,25.0,858,18.0
572b912c3ab9df000dba9eef,2,self,1,572b912c3ab9df000dba9eef,1.0,29.0,902,29.0
572b912c3ab9df000dba9eef,2,other,2,60db380112e336c6450e22ce,1.0,10.0,902,3.0
572b912c3ab9df000dba9eef,2,other,3,674df7409688c680113b8316,0.0,9.0,902,13.0
572b912c3ab9df000dba9eef,2,other,4,622a11c552b2b35bab72a39c,0.0,4.0,902,8.0
572b912c3ab9df000dba9eef,3,self,1,572b912c3ab9df000dba9eef,1.0,29.0,903,29.0
572b912c3ab9df000dba9eef,3,other,2,674d4315219570a745daddc3,1.0,16.0,903,10.0
572b912c3ab9df000dba9eef,3,other,3,6400e0dd862feacb579475a8,0.0,4.0,903,12.0
572b912c3ab9df000dba9eef,3,other,4,65e209621fce0d5fd8b3265f,0.0,17.0,903,16.0
572b912c3ab9df000dba9eef,5,self,1,572b912c3ab9df000dba9eef,1.0,29.0,905,29.0
572b912c3ab9df000dba9eef,5,other,2,66c5118758e462c3fe742d2a,1.0,14.0,905,19.0
572b912c3ab9df000dba9eef,5,other,3,677a8e5affbe5673b3a79e6b,0.0,14.0,905,11.0
572b912c3ab9df000dba9eef,5,other,4,5de398993cf27939a25abc5f,0.0,8.0,905,20.0
572b912c3ab9df000dba9eef,6,self,1,572b912c3ab9df000dba9eef,1.0,29.0,906,29.0
572b912c3ab9df000dba9eef,6,other,2,6775f7bf80cba9df1032a472,1.0,10.0,906,17.0
572b912c3ab9df000dba9eef,6,other,3,659ada02ac94d554396360f9,0.0,8.0,906,10.0
572b912c3ab9df000dba9eef,6,other,4,5ee55d2d0eccfc2a733ad0db,0.0,16.0,906,28.0
572b912c3ab9df000dba9eef,7,self,1,572b912c3ab9df000dba9eef,1.0,29.0,907,29.0
572b912c3ab9df000dba9eef,7,other,2,6643b6fd551de255d4e917d3,1.0,12.0,907,16.0
572b912c3ab9df000dba9eef,7,other,3,6566231923f79d4cff72f7d0,0.0,17.0,907,10.0
572b912c3ab9df000dba9eef,7,other,4,6729bad18d2045651882cfed,0.0,9.0,907,14.0
572b912c3ab9df000dba9eef,15,self,1,572b912c3ab9df000dba9eef,1.0,29.0,915,29.0
572b912c3ab9df000dba9eef,15,other,2,673ccffc13c6b41210c3de41,1.0,13.0,915,16.0
572b912c3ab9df000dba9eef,15,other,3,5ed7a6ffc0996607d735bd66,0.0,11.0,915,8.0
572b912c3ab9df000dba9eef,15,other,4,65b3dc2f924ee9deee8b40b9,0.0,8.0,915,12.0
572b912c3ab9df000dba9eef,16,self,1,572b912c3ab9df000dba9eef,1.0,29.0,916,29.0
572b912c3ab9df000dba9eef,16,other,2,5e9f6d2a0f600f0dc07ea1f8,1.0,16.0,916,17.0
572b912c3ab9df000dba9eef,16,other,3,61003c2003503aa8e90b6a31,0.0,24.0,916,19.0
572b912c3ab9df000dba9eef,16,other,4,6413573794d196f457448a39,0.0,10.0,916,12.0
572b912c3ab9df000dba9eef,17,self,1,572b912c3ab9df000dba9eef,1.0,29.0,917,29.0
572b912c3ab9df000dba9eef,17,other,2,60fce0bedbae8b8996c93203,1.0,10.0,917,20.0
572b912c3ab9df000dba9eef,17,other,3,60a3ac51b06fa9eb29a105bc,0.0,16.0,917,16.0
572b912c3ab9df000dba9eef,17,other,4,6719170f0f458ffa099009cd,0.0,8.0,917,5.0
572b912c3ab9df000dba9eef,19,self,1,572b912c3ab9df000dba9eef,1.0,29.0,919,29.0
572b912c3ab9df000dba9eef,19,other,2,66d1a34290c0181302a08f66,1.0,19.0,919,16.0
572b912c3ab9df000dba9eef,19,other,3,5ff45beefdb6e6b063b4c520,0.0,5.0,919,16.0
572b912c3ab9df000dba9eef,19,other,4,667326a0e84c107129cb3b26,0.0,18.0,919,17.0
574ce0a57fd0ec000db73aa6,5,self,1,574ce0a57fd0ec000db73aa6,1.0,13.0,945,13.0
574ce0a57fd0ec000db73aa6,5,other,2,6769288134782c10a82b7080,1.0,3.0,945,10.0
574ce0a57fd0ec000db73aa6,5,other,3,5ee7606915ecab01d42ddde6,0.0,19.0,945,18.0
574ce0a57fd0ec000db73aa6,5,other,4,5c01758473cbae00010f654a,0.0,9.0,945,16.0
5763c7d096fd3c0006385bb4,6,self,1,5763c7d096fd3c0006385bb4,0.0,10.0,966,13.0
5763c7d096fd3c0006385bb4,6,other,2,674377f77b539c33d343553c,1.0,3.0,966,9.0
5763c7d096fd3c0006385bb4,6,other,3,65ca7ce3db12aa7ea5156a0c,1.0,17.0,966,8.0
5763c7d096fd3c0006385bb4,6,other,4,67a85137a6f2eda1f128b8c0,0.0,13.0,966,9.0
577e1f75160201000103d95a,13,self,1,577e1f75160201000103d95a,1.0,11.0,993,16.0
577e1f75160201000103d95a,13,other,2,67ad517b1efac540ebdd1752,1.0,16.0,993,12.0
577e1f75160201000103d95a,13,other,3,5ef7c6094ffead5091899f98,0.0,20.0,993,19.0
577e1f75160201000103d95a,13,other,4,63da6f2e309a94d0e03079b0,0.0,15.0,993,9.0
5800eb53beccf8000100cb06,7,self,1,5800eb53beccf8000100cb06,0.0,13.0,1127,11.0
5800eb53beccf8000100cb06,7,other,2,62c7e2035db496124cf69b56,1.0,19.0,1127,16.0
5800eb53beccf8000100cb06,7,other,3,5c72af4a04d7bc00013899b3,1.0,8.0,1127,8.0
5800eb53beccf8000100cb06,7,other,4,5c762ce8eda5da001662be0b,0.0,24.0,1127,16.0
5800eb53beccf8000100cb06,12,self,1,5800eb53beccf8000100cb06,0.0,13.0,1132,11.0
5800eb53beccf8000100cb06,12,other,2,66116b936273edeae82eb481,1.0,10.0,1132,9.0
5800eb53beccf8000100cb06,12,other,3,5c8d4db8c6eef00001bd2510,1.0,14.0,1132,9.0
5800eb53beccf8000100cb06,12,other,4,648646988a5170373da06a9e,0.0,11.0,1132,16.0
5810dfccaba80400016f13ea,20,self,1,5810dfccaba80400016f13ea,0.0,14.0,1200,17.0
5810dfccaba80400016f13ea,20,other,2,5f1ad337b6464a21cea3a611,1.0,12.0,1200,11.0
5810dfccaba80400016f13ea,20,other,3,667ac006811ee1f6ab6be9cd,1.0,16.0,1200,24.0
5810dfccaba80400016f13ea,20,other,4,63b726bd148ea7d9910f50d2,0.0,16.0,1200,11.0
581d38509b5b8800014d507e,3,self,1,581d38509b5b8800014d507e,0.0,12.0,1203,16.0
581d38509b5b8800014d507e,3,other,2,63ea6344bf5cfafd40b0dce2,1.0,16.0,1203,16.0
581d38509b5b8800014d507e,3,other,3,5fd6b4a35025425f9acafb30,1.0,8.0,1203,12.0
581d38509b5b8800014d507e,3,other,4,663f6c71063220be73b4ba2f,0.0,18.0,1203,16.0
581d38509b5b8800014d507e,16,self,1,581d38509b5b8800014d507e,0.0,12.0,1216,16.0
581d38509b5b8800014d507e,16,other,2,66fcb4019a3324429051348c,1.0,9.0,1216,10.0
581d38509b5b8800014d507e,16,other,3,5ea32a0ea7b59a0c92e82ac8,1.0,8.0,1216,8.0
581d38509b5b8800014d507e,16,other,4,66c75a9fc11b8f1e78671076,0.0,10.0,1216,16.0
5855b89fee6ade0001fa2f45,2,self,1,5855b89fee6ade0001fa2f45,1.0,1.0,1262,9.0
5855b89fee6ade0001fa2f45,2,other,2,66562875b665d8e2b1b6fc66,1.0,9.0,1262,19.0
5855b89fee6ade0001fa2f45,2,other,3,5b82e33f184f45000155f0ba,0.0,12.0,1262,13.0
5855b89fee6ade0001fa2f45,2,other,4,676f0bdedfb3362f560115f0,0.0,19.0,1262,27.0
5855b89fee6ade0001fa2f45,16,self,1,5855b89fee6ade0001fa2f45,1.0,1.0,1276,9.0
5855b89fee6ade0001fa2f45,16,other,2,5e170b9ad51cf301722d91d2,1.0,15.0,1276,11.0
5855b89fee6ade0001fa2f45,16,other,3,66465a9ce1c681c9cbb78eca,0.0,19.0,1276,12.0
5855b89fee6ade0001fa2f45,16,other,4,5b5f35fe64516800018b8ed2,0.0,13.0,1276,12.0
5883d68d300c0b000113db56,2,self,1,5883d68d300c0b000113db56,1.0,4.0,1342,9.0
5883d68d300c0b000113db56,2,other,2,5edd36ee4aaed5a3a0d9b6d1,1.0,10.0,1342,12.0
5883d68d300c0b000113db56,2,other,3,60743e408fd768b1a939ed4c,0.0,11.0,1342,8.0
5883d68d300c0b000113db56,2,other,4,6772f7a8866216d035ca2057,0.0,13.0,1342,18.0
5883d68d300c0b000113db56,3,self,1,5883d68d300c0b000113db56,1.0,4.0,1343,9.0
5883d68d300c0b000113db56,3,other,2,605e491b152b38b079a9ca7c,1.0,16.0,1343,9.0
5883d68d300c0b000113db56,3,other,3,5bb356db42eb6700017d5196,0.0,12.0,1343,4.0
5883d68d300c0b000113db56,3,other,4,5bf3150128e0b90001cabeaa,0.0,10.0,1343,16.0
588938e3b08cc30001b77771,7,self,1,588938e3b08cc30001b77771,1.0,17.0,1367,16.0
588938e3b08cc30001b77771,7,other,2,6050ea8a95817a2bfddc9d09,1.0,21.0,1367,21.0
588938e3b08cc30001b77771,7,other,3,5f4d968cacc80fa73143cdf3,0.0,32.0,1367,30.0
588938e3b08cc30001b77771,7,other,4,672a57f001263d65e0a989d7,0.0,16.0,1367,11.0
58a43e029a17120001d910d5,18,self,1,58a43e029a17120001d910d5,1.0,17.0,1438,14.0
58a43e029a17120001d910d5,18,other,2,66a9843c53827f826e9738ed,1.0,1.0,1438,9.0
58a43e029a17120001d910d5,18,other,3,5bf3150128e0b90001cabeaa,0.0,10.0,1438,16.0
58a43e029a17120001d910d5,18,other,4,5de831cad4995d000c5fb540,0.0,10.0,1438,0.0
58a5cf959e040a0001399f07,20,self,1,58a5cf959e040a0001399f07,1.0,19.0,1460,24.0
58a5cf959e040a0001399f07,20,other,2,609c2dcbc88bdd19e0be4b98,1.0,16.0,1460,10.0
58a5cf959e040a0001399f07,20,other,3,59ef022eae9f950001d84a43,0.0,13.0,1460,11.0
58a5cf959e040a0001399f07,20,other,4,67e0863f736da524dbe7ac66,0.0,16.0,1460,9.0
58cdc4790b6a0e00011d822f,14,self,1,58cdc4790b6a0e00011d822f,0.0,23.0,1494,24.0
58cdc4790b6a0e00011d822f,14,other,2,6384704a7b906e6298d5087f,1.0,12.0,1494,14.0
58cdc4790b6a0e00011d822f,14,other,3,669596ba18d75e2e696b992e,1.0,19.0,1494,16.0
58cdc4790b6a0e00011d822f,14,other,4,66912d746957af5438f296e1,0.0,24.0,1494,20.0
58cdc4790b6a0e00011d822f,15,self,1,58cdc4790b6a0e00011d822f,0.0,23.0,1495,24.0
58cdc4790b6a0e00011d822f,15,other,2,66a90e7caa371f25183bdce2,1.0,21.0,1495,17.0
58cdc4790b6a0e00011d822f,15,other,3,5b0d1b8e444cef0001ca66ac,1.0,16.0,1495,13.0
58cdc4790b6a0e00011d822f,15,other,4,666b6cd0fd4835707cae439b,0.0,2.0,1495,10.0
58cdc4790b6a0e00011d822f,16,self,1,58cdc4790b6a0e00011d822f,0.0,23.0,1496,24.0
58cdc4790b6a0e00011d822f,16,other,2,66855d242110c5a64bff991b,1.0,16.0,1496,16.0
58cdc4790b6a0e00011d822f,16,other,3,5f75285712d5ca1a99723b3a,1.0,8.0,1496,0.0
58cdc4790b6a0e00011d822f,16,other,4,675a42d99110f59947a4f393,0.0,16.0,1496,17.0
58cdc4790b6a0e00011d822f,17,self,1,58cdc4790b6a0e00011d822f,0.0,23.0,1497,24.0
58cdc4790b6a0e00011d822f,17,other,2,675f3be0be195f020b9fc600,1.0,16.0,1497,13.0
58cdc4790b6a0e00011d822f,17,other,3,66e05f2a0ec721282adc76de,1.0,8.0,1497,8.0
58cdc4790b6a0e00011d822f,17,other,4,641359b5040c453203e2c088,0.0,8.0,1497,0.0
58cdc4790b6a0e00011d822f,20,self,1,58cdc4790b6a0e00011d822f,0.0,23.0,1500,24.0
58cdc4790b6a0e00011d822f,20,other,2,5e421b4bc503670be09335c7,1.0,12.0,1500,17.0
58cdc4790b6a0e00011d822f,20,other,3,63d420b1d5b7dc6a3a4c50aa,1.0,6.0,1500,2.0
58cdc4790b6a0e00011d822f,20,other,4,632b9d9bc38454f47019295c,0.0,8.0,1500,16.0
58dedd9f167bc20001b4a66d,19,self,1,58dedd9f167bc20001b4a66d,1.0,9.0,1519,11.0
58dedd9f167bc20001b4a66d,19,other,2,5aeb5aba7ed5460001572dad,1.0,23.0,1519,22.0
58dedd9f167bc20001b4a66d,19,other,3,63468b4dc2726a47dac86511,0.0,27.0,1519,25.0
58dedd9f167bc20001b4a66d,19,other,4,63e554b7631c8ec3ce069e32,0.0,20.0,1519,18.0
5942d73df8bfc00001985c3c,4,self,1,5942d73df8bfc00001985c3c,1.0,14.0,1624,14.0
5942d73df8bfc00001985c3c,4,other,2,66903bb5296cadf03b1a6d6e,1.0,9.0,1624,5.0
5942d73df8bfc00001985c3c,4,other,3,5d3df3d633b894001a2596a3,0.0,3.0,1624,9.0
5942d73df8bfc00001985c3c,4,other,4,63337737be6252ad76e5f983,0.0,16.0,1624,16.0
5942d73df8bfc00001985c3c,14,self,1,5942d73df8bfc00001985c3c,1.0,14.0,1634,14.0
5942d73df8bfc00001985c3c,14,other,2,6765ab69842652ea50e57d07,1.0,17.0,1634,25.0
5942d73df8bfc00001985c3c,14,other,3,6308dca0fefa374b1d697aba,0.0,11.0,1634,20.0
5942d73df8bfc00001985c3c,14,other,4,5e4eb1de8e6da203e5b070ca,0.0,3.0,1634,6.0
594a969df0ea1b0001558178,2,self,1,594a969df0ea1b0001558178,0.0,22.0,1662,19.0
594a969df0ea1b0001558178,2,other,2,6148f3d1074988c7852c1774,1.0,13.0,1662,13.0
594a969df0ea1b0001558178,2,other,3,607254cd31c9aa4682a4672c,1.0,8.0,1662,24.0
594a969df0ea1b0001558178,2,other,4,5bd2d397f92a480001c64dcb,0.0,24.0,1662,28.0
594a969df0ea1b0001558178,4,self,1,594a969df0ea1b0001558178,0.0,22.0,1664,19.0
594a969df0ea1b0001558178,4,other,2,664f7217d63b2db66feb4333,1.0,9.0,1664,9.0
594a969df0ea1b0001558178,4,other,3,562a2eaac8ffc20012514145,1.0,22.0,1664,17.0
594a969df0ea1b0001558178,4,other,4,5de21543762dc22548c937b3,0.0,16.0,1664,10.0
594a969df0ea1b0001558178,8,self,1,594a969df0ea1b0001558178,0.0,22.0,1668,19.0
594a969df0ea1b0001558178,8,other,2,6688583698ac0c14d67453cb,1.0,8.0,1668,3.0
594a969df0ea1b0001558178,8,other,3,5e6977731ff38b22e8654bc4,1.0,16.0,1668,10.0
594a969df0ea1b0001558178,8,other,4,65600aa7ff0c0fcf0ddcda34,0.0,18.0,1668,24.0
594a969df0ea1b0001558178,15,self,1,594a969df0ea1b0001558178,0.0,22.0,1675,19.0
594a969df0ea1b0001558178,15,other,2,5b4ec32e995d4e00010944ce,1.0,13.0,1675,16.0
594a969df0ea1b0001558178,15,other,3,5e55b355bf80730d4682c2e1,1.0,12.0,1675,9.0
594a969df0ea1b0001558178,15,other,4,6383abf886c60b9ad27e8d44,0.0,10.0,1675,12.0
5967e9a831394d0001abdb3f,1,self,1,5967e9a831394d0001abdb3f,1.0,17.0,1701,16.0
5967e9a831394d0001abdb3f,1,other,2,62ea886b85096aa584310ad3,1.0,8.0,1701,12.0
5967e9a831394d0001abdb3f,1,other,3,6033d643f0cc960c580c716c,0.0,11.0,1701,9.0
5967e9a831394d0001abdb3f,1,other,4,60535adfff835194160cd3bb,0.0,13.0,1701,13.0
59789a60bf453d00010a94c7,6,self,1,59789a60bf453d00010a94c7,1.0,8.0,1766,9.0
59789a60bf453d00010a94c7,6,other,2,59ef9be762637600014a873d,1.0,9.0,1766,17.0
59789a60bf453d00010a94c7,6,other,3,5eac3c1950fecd25d2d6d5ed,0.0,12.0,1766,17.0
59789a60bf453d00010a94c7,6,other,4,60e569c7dcbffadf24aa1ad0,0.0,18.0,1766,18.0
59b859e711212f0001cd10ff,9,self,1,59b859e711212f0001cd10ff,0.0,7.0,1869,17.0
59b859e711212f0001cd10ff,9,other,2,55eee81b9df9fe000efae1d4,1.0,10.0,1869,16.0
59b859e711212f0001cd10ff,9,other,3,664d2e40c74692f394c62ba5,1.0,9.0,1869,16.0
59b859e711212f0001cd10ff,9,other,4,5ebebcf619a604258a233c4f,0.0,8.0,1869,8.0
59b859e711212f0001cd10ff,11,self,1,59b859e711212f0001cd10ff,0.0,7.0,1871,17.0
59b859e711212f0001cd10ff,11,other,2,5f985f3a4bc1cf120675f408,1.0,25.0,1871,20.0
59b859e711212f0001cd10ff,11,other,3,5d150669b296b500187df8f9,1.0,23.0,1871,24.0
59b859e711212f0001cd10ff,11,other,4,5f96d1d4c1cd3c03ad1ee15c,0.0,10.0,1871,16.0
59b859e711212f0001cd10ff,13,self,1,59b859e711212f0001cd10ff,0.0,7.0,1873,17.0
59b859e711212f0001cd10ff,13,other,2,56c81007ba8e37000d7b211e,1.0,11.0,1873,16.0
59b859e711212f0001cd10ff,13,other,3,61496cada4d62f06804fa610,1.0,13.0,1873,11.0
59b859e711212f0001cd10ff,13,other,4,60fb03b73448287eb43f0706,0.0,10.0,1873,12.0
59b859e711212f0001cd10ff,17,self,1,59b859e711212f0001cd10ff,0.0,7.0,1877,17.0
59b859e711212f0001cd10ff,17,other,2,676df4319d4ed64ca5e20cdc,1.0,16.0,1877,17.0
59b859e711212f0001cd10ff,17,other,3,5a5e1ae68e6259000176271d,1.0,16.0,1877,14.0
59b859e711212f0001cd10ff,17,other,4,66a0d2b35975ab1d10e81ebb,0.0,24.0,1877,20.0
59b859e711212f0001cd10ff,20,self,1,59b859e711212f0001cd10ff,0.0,7.0,1880,17.0
59b859e711212f0001cd10ff,20,other,2,6776c640c441a770cf2f7db5,1.0,16.0,1880,9.0
59b859e711212f0001cd10ff,20,other,3,66293a5710fb93854b181793,1.0,10.0,1880,10.0
59b859e711212f0001cd10ff,20,other,4,5ea979685178b007c99e620e,0.0,3.0,1880,11.0
59d4b084115096000190dbce,13,self,1,59d4b084115096000190dbce,0.0,12.0,1953,17.0
59d4b084115096000190dbce,13,other,2,6596493da160875dd60ca0b9,1.0,17.0,1953,13.0
59d4b084115096000190dbce,13,other,3,6650ac1fae8eede91e78d6ab,1.0,14.0,1953,12.0
59d4b084115096000190dbce,13,other,4,63ea88e62f54ec96a1f8dadb,0.0,20.0,1953,17.0
59d4c100078dbe0001951236,2,self,1,59d4c100078dbe0001951236,1.0,9.0,1962,16.0
59d4c100078dbe0001951236,2,other,2,5f75285712d5ca1a99723b3a,1.0,8.0,1962,0.0
59d4c100078dbe0001951236,2,other,3,55e876f25e4d360012cc283d,0.0,16.0,1962,20.0
59d4c100078dbe0001951236,2,other,4,66bb0ec44b4fa902e18f445c,0.0,24.0,1962,18.0
59d4c100078dbe0001951236,18,self,1,59d4c100078dbe0001951236,1.0,9.0,1978,16.0
59d4c100078dbe0001951236,18,other,2,67435174b76a747138e8a47a,1.0,13.0,1978,13.0
59d4c100078dbe0001951236,18,other,3,5b4b679dff74970001256d36,0.0,12.0,1978,14.0
59d4c100078dbe0001951236,18,other,4,656f0ce82c0ba5e95ad58a03,0.0,6.0,1978,11.0
59d4e426c618a50001cf5cab,2,self,1,59d4e426c618a50001cf5cab,1.0,2.0,1982,9.0
59d4e426c618a50001cf5cab,2,other,2,66d2537675f4f1fc0aded926,1.0,17.0,1982,8.0
59d4e426c618a50001cf5cab,2,other,3,5ae31b59ea9a600001986fac,0.0,9.0,1982,19.0
59d4e426c618a50001cf5cab,2,other,4,5eecb9e2c93c1e0677084323,0.0,16.0,1982,16.0
59d4e426c618a50001cf5cab,11,self,1,59d4e426c618a50001cf5cab,1.0,2.0,1991,9.0
59d4e426c618a50001cf5cab,11,other,2,5ae88efd9d82560001bdc598,1.0,18.0,1991,13.0
59d4e426c618a50001cf5cab,11,other,3,6079fce53f74f77426b40b44,0.0,9.0,1991,7.0
59d4e426c618a50001cf5cab,11,other,4,668c893a3a9a1a960c28e9ad,0.0,11.0,1991,10.0
59d4e426c618a50001cf5cab,14,self,1,59d4e426c618a50001cf5cab,1.0,2.0,1994,9.0
59d4e426c618a50001cf5cab,14,other,2,5ef660beebde2833d8492e58,1.0,16.0,1994,11.0
59d4e426c618a50001cf5cab,14,other,3,6765d333ac870a0a1b66157c,0.0,10.0,1994,11.0
59d4e426c618a50001cf5cab,14,other,4,66a208fff5715f2926f70289,0.0,17.0,1994,17.0
59d68c3fe776fd00015ec519,1,self,1,59d68c3fe776fd00015ec519,1.0,26.0,2001,19.0
59d68c3fe776fd00015ec519,1,other,2,671b8aa1c4ef721a8f684d2c,1.0,14.0,2001,3.0
59d68c3fe776fd00015ec519,1,other,3,66048ef245166519a03d0fef,0.0,8.0,2001,9.0
59d68c3fe776fd00015ec519,1,other,4,5b82e33f184f45000155f0ba,0.0,12.0,2001,13.0
59d68c3fe776fd00015ec519,4,self,1,59d68c3fe776fd00015ec519,1.0,26.0,2004,19.0
59d68c3fe776fd00015ec519,4,other,2,5fa2e56fe794555527f2c8ef,1.0,24.0,2004,21.0
59d68c3fe776fd00015ec519,4,other,3,606f9bca353fc36aba9ccb8b,0.0,14.0,2004,11.0
59d68c3fe776fd00015ec519,4,other,4,672c99775b51436252e1b231,0.0,9.0,2004,6.0
59d68c3fe776fd00015ec519,13,self,1,59d68c3fe776fd00015ec519,1.0,26.0,2013,19.0
59d68c3fe776fd00015ec519,13,other,2,6765db00a847d25603e7ac52,1.0,0.0,2013,4.0
59d68c3fe776fd00015ec519,13,other,3,6662bbd11599452943304086,0.0,8.0,2013,13.0
59d68c3fe776fd00015ec519,13,other,4,6166c2849af8d8e1858e3b14,0.0,16.0,2013,16.0
59d68c3fe776fd00015ec519,18,self,1,59d68c3fe776fd00015ec519,1.0,26.0,2018,19.0
59d68c3fe776fd00015ec519,18,other,2,64ba9642130597dc3e7ee6bb,1.0,10.0,2018,12.0
59d68c3fe776fd00015ec519,18,other,3,66475899abb5d338e3f2ba4f,0.0,9.0,2018,13.0
59d68c3fe776fd00015ec519,18,other,4,63d466295bd9af16a5e3437b,0.0,18.0,2018,24.0
59d68c3fe776fd00015ec519,20,self,1,59d68c3fe776fd00015ec519,1.0,26.0,2020,19.0
59d68c3fe776fd00015ec519,20,other,2,62e02a2a855dd1f36566ea7a,1.0,16.0,2020,19.0
59d68c3fe776fd00015ec519,20,other,3,63d863ab3ccec5d222287168,0.0,24.0,2020,18.0
59d68c3fe776fd00015ec519,20,other,4,66312361cf5d4099e1330532,0.0,11.0,2020,14.0
59e481a5e75b450001a690f9,2,self,1,59e481a5e75b450001a690f9,0.0,16.0,2042,9.0
59e481a5e75b450001a690f9,2,other,2,65b902363d7d5bf26cb8c876,1.0,25.0,2042,18.0
59e481a5e75b450001a690f9,2,other,3,5e99c8efae829502a02f6fc8,1.0,15.0,2042,17.0
59e481a5e75b450001a690f9,2,other,4,66f1d62ce54efcda7566bed3,0.0,12.0,2042,9.0
59e71a97896cfc0001921899,15,self,1,59e71a97896cfc0001921899,1.0,20.0,2095,20.0
59e71a97896cfc0001921899,15,other,2,680c0636408121caf12fe0d1,1.0,2.0,2095,3.0
59e71a97896cfc0001921899,15,other,3,5eef7517c8692d20c3279493,0.0,9.0,2095,0.0
59e71a97896cfc0001921899,15,other,4,5d654a1e855d77001b10dd92,0.0,11.0,2095,17.0
59e71a97896cfc0001921899,20,self,1,59e71a97896cfc0001921899,1.0,20.0,2100,20.0
59e71a97896cfc0001921899,20,other,2,6691641b6724549f46d3d8d3,1.0,8.0,2100,11.0
59e71a97896cfc0001921899,20,other,3,5c1b7b36960792000195f33a,0.0,10.0,2100,11.0
59e71a97896cfc0001921899,20,other,4,5800eb53beccf8000100cb06,0.0,13.0,2100,11.0
59f8a0bbf4217300016cc405,11,self,1,59f8a0bbf4217300016cc405,1.0,18.0,2171,19.0
59f8a0bbf4217300016cc405,11,other,2,60e05286953f8b51d4f6661c,1.0,8.0,2171,9.0
59f8a0bbf4217300016cc405,11,other,3,62a74fec726aac54b9e43d75,0.0,12.0,2171,10.0
59f8a0bbf4217300016cc405,11,other,4,638a66471585cb7583285740,0.0,9.0,2171,11.0
59f8a0bbf4217300016cc405,19,self,1,59f8a0bbf4217300016cc405,1.0,18.0,2179,19.0
59f8a0bbf4217300016cc405,19,other,2,6449103e84f82d613e8d6d73,1.0,18.0,2179,16.0
59f8a0bbf4217300016cc405,19,other,3,5f5619f562b184a17775b3d5,0.0,10.0,2179,15.0
59f8a0bbf4217300016cc405,19,other,4,5b233660648d5b0001b7de87,0.0,0.0,2179,2.0
5a0b06c9746ac2000157fb4f,7,self,1,5a0b06c9746ac2000157fb4f,1.0,25.0,2267,24.0
5a0b06c9746ac2000157fb4f,7,other,2,5a9bcd3f1eda410001366c55,1.0,20.0,2267,14.0
5a0b06c9746ac2000157fb4f,7,other,3,5e32db8f239ceb2a8e57d928,0.0,17.0,2267,18.0
5a0b06c9746ac2000157fb4f,7,other,4,672c33aafed3be2f2a6ccfa0,0.0,8.0,2267,11.0
5a0b06c9746ac2000157fb4f,8,self,1,5a0b06c9746ac2000157fb4f,1.0,25.0,2268,24.0
5a0b06c9746ac2000157fb4f,8,other,2,5e0571b7e297d5fa932cf415,1.0,17.0,2268,13.0
5a0b06c9746ac2000157fb4f,8,other,3,653159b776e14d9172042058,0.0,18.0,2268,18.0
5a0b06c9746ac2000157fb4f,8,other,4,60febe4bb7d1055665da0413,0.0,23.0,2268,16.0
5a0b06c9746ac2000157fb4f,12,self,1,5a0b06c9746ac2000157fb4f,1.0,25.0,2272,24.0
5a0b06c9746ac2000157fb4f,12,other,2,667e000c4bfb9ea4c3e01d66,1.0,10.0,2272,10.0
5a0b06c9746ac2000157fb4f,12,other,3,5ee1311e3348314f4f4a8d30,0.0,8.0,2272,8.0
5a0b06c9746ac2000157fb4f,12,other,4,63d076d846d3d9dc35910778,0.0,19.0,2272,19.0
5a0b06c9746ac2000157fb4f,14,self,1,5a0b06c9746ac2000157fb4f,1.0,25.0,2274,24.0
5a0b06c9746ac2000157fb4f,14,other,2,5dc135efa0910f0afef40b64,1.0,17.0,2274,19.0
5a0b06c9746ac2000157fb4f,14,other,3,660d53ffb54d05e5ae6c56f2,0.0,11.0,2274,18.0
5a0b06c9746ac2000157fb4f,14,other,4,62a2548381f399e5f4f52746,0.0,8.0,2274,9.0
5a1342b7f2e3460001edbfd2,15,self,1,5a1342b7f2e3460001edbfd2,0.0,6.0,2335,4.0
5a1342b7f2e3460001edbfd2,15,other,2,5e55b355bf80730d4682c2e1,1.0,12.0,2335,9.0
5a1342b7f2e3460001edbfd2,15,other,3,648b0da96c691f55898087bf,1.0,10.0,2335,13.0
5a1342b7f2e3460001edbfd2,15,other,4,666f9b23519a8d810a4c5b8a,0.0,5.0,2335,13.0
5a460b57b77a5000014a890c,1,self,1,5a460b57b77a5000014a890c,1.0,21.0,2381,21.0
5a460b57b77a5000014a890c,1,other,2,66abc79f0812c1f89a25adfb,1.0,17.0,2381,14.0
5a460b57b77a5000014a890c,1,other,3,653946cbef89fd6232a8ec50,0.0,17.0,2381,17.0
5a460b57b77a5000014a890c,1,other,4,5a9c91196219a30001f534a5,0.0,16.0,2381,16.0
5a496776f7b7bc00014e1150,3,self,1,5a496776f7b7bc00014e1150,1.0,2.0,2423,4.0
5a496776f7b7bc00014e1150,3,other,2,6718b9492c331fe6c69f1666,1.0,18.0,2423,16.0
5a496776f7b7bc00014e1150,3,other,3,62c4223a1f32b720c8f30148,0.0,25.0,2423,24.0
5a496776f7b7bc00014e1150,3,other,4,5fb274f5557bcc848df4293a,0.0,11.0,2423,10.0
5a496776f7b7bc00014e1150,13,self,1,5a496776f7b7bc00014e1150,1.0,2.0,2433,4.0
5a496776f7b7bc00014e1150,13,other,2,66e39617700f6ac648af2498,1.0,10.0,2433,16.0
5a496776f7b7bc00014e1150,13,other,3,5d9750fe74d24900145633a7,0.0,16.0,2433,11.0
5a496776f7b7bc00014e1150,13,other,4,66fcc3a673471394133c1d2f,0.0,1.0,2433,2.0
5a4ff86beedc32000141f232,14,self,1,5a4ff86beedc32000141f232,1.0,13.0,2474,2.0
5a4ff86beedc32000141f232,14,other,2,6658d66a5e45cac0aaeb54de,1.0,8.0,2474,6.0
5a4ff86beedc32000141f232,14,other,3,6445b13023ac3b3eb202881f,0.0,12.0,2474,12.0
5a4ff86beedc32000141f232,14,other,4,5f09db2ef3557806b03a9b8b,0.0,12.0,2474,12.0
5a5d1194acc75b00017a7b8f,8,self,1,5a5d1194acc75b00017a7b8f,0.0,0.0,2508,17.0
5a5d1194acc75b00017a7b8f,8,other,2,5dc6d78cac77c74d18692044,1.0,13.0,2508,7.0
5a5d1194acc75b00017a7b8f,8,other,3,5855b89fee6ade0001fa2f45,1.0,1.0,2508,9.0
5a5d1194acc75b00017a7b8f,8,other,4,673c1f36a2a0f1b3cac7e5dd,0.0,2.0,2508,8.0
5a5d1194acc75b00017a7b8f,11,self,1,5a5d1194acc75b00017a7b8f,0.0,0.0,2511,17.0
5a5d1194acc75b00017a7b8f,11,other,2,6658d27edd60f6a0b5dcb504,1.0,24.0,2511,20.0
5a5d1194acc75b00017a7b8f,11,other,3,671ac509e93a57b5220b3d4e,1.0,6.0,2511,8.0
5a5d1194acc75b00017a7b8f,11,other,4,66475899abb5d338e3f2ba4f,0.0,9.0,2511,13.0
5a5d1194acc75b00017a7b8f,13,self,1,5a5d1194acc75b00017a7b8f,0.0,0.0,2513,17.0
5a5d1194acc75b00017a7b8f,13,other,2,5edff4f2ffed853362263267,1.0,8.0,2513,11.0
5a5d1194acc75b00017a7b8f,13,other,3,5d5a48a67ca41f0001e97f8b,1.0,16.0,2513,19.0
5a5d1194acc75b00017a7b8f,13,other,4,63d68acca98cdd2bf385cfad,0.0,10.0,2513,10.0
5a5d1194acc75b00017a7b8f,15,self,1,5a5d1194acc75b00017a7b8f,0.0,0.0,2515,17.0
5a5d1194acc75b00017a7b8f,15,other,2,5d95fe287f664d0016591f9b,1.0,17.0,2515,16.0
5a5d1194acc75b00017a7b8f,15,other,3,615eca41d537883c96fc9eec,1.0,8.0,2515,12.0
5a5d1194acc75b00017a7b8f,15,other,4,672c99775b51436252e1b231,0.0,9.0,2515,6.0
5a5d1194acc75b00017a7b8f,18,self,1,5a5d1194acc75b00017a7b8f,0.0,0.0,2518,17.0
5a5d1194acc75b00017a7b8f,18,other,2,676062bd3b691e331d55b3ce,1.0,13.0,2518,20.0
5a5d1194acc75b00017a7b8f,18,other,3,601b0712b0701c46459aab27,1.0,10.0,2518,9.0
5a5d1194acc75b00017a7b8f,18,other,4,6346c87f6c3fc6c26d3bd2a9,0.0,8.0,2518,14.0
5a6b53f3e70ca900017ab75a,1,self,1,5a6b53f3e70ca900017ab75a,1.0,4.0,2561,8.0
5a6b53f3e70ca900017ab75a,1,other,2,66351c39f862c014cfa831c4,1.0,13.0,2561,12.0
5a6b53f3e70ca900017ab75a,1,other,3,5f6e71ea9dd5cb3b2bdb45b6,0.0,13.0,2561,14.0
5a6b53f3e70ca900017ab75a,1,other,4,5e64f63fe8177d2669776c08,0.0,8.0,2561,10.0
5a7889d32a842c0001fc3cbe,4,self,1,5a7889d32a842c0001fc3cbe,0.0,18.0,2644,16.0
5a7889d32a842c0001fc3cbe,4,other,2,6688583698ac0c14d67453cb,1.0,8.0,2644,3.0
5a7889d32a842c0001fc3cbe,4,other,3,62d133496cf7f774b8bf98a0,1.0,5.0,2644,5.0
5a7889d32a842c0001fc3cbe,4,other,4,66fdadbaa3ff5e732278ad0e,0.0,11.0,2644,11.0
5a7889d32a842c0001fc3cbe,10,self,1,5a7889d32a842c0001fc3cbe,0.0,18.0,2650,16.0
5a7889d32a842c0001fc3cbe,10,other,2,66a43750c7952eff6a2099dd,1.0,9.0,2650,2.0
5a7889d32a842c0001fc3cbe,10,other,3,67acfb68c3860389b0c4db4b,1.0,10.0,2650,18.0
5a7889d32a842c0001fc3cbe,10,other,4,67823189419133e67fc6e5c0,0.0,8.0,2650,8.0
5a9bcd3f1eda410001366c55,5,self,1,5a9bcd3f1eda410001366c55,1.0,20.0,2745,14.0
5a9bcd3f1eda410001366c55,5,other,2,631610af8e747093cd90e00d,1.0,9.0,2745,8.0
5a9bcd3f1eda410001366c55,5,other,3,588a59813e1f290001aa78c1,0.0,16.0,2745,12.0
5a9bcd3f1eda410001366c55,5,other,4,67f67d04686f4f467e3a6c76,0.0,10.0,2745,11.0
5a9bcd3f1eda410001366c55,8,self,1,5a9bcd3f1eda410001366c55,1.0,20.0,2748,14.0
5a9bcd3f1eda410001366c55,8,other,2,5b0710e7a84dcf0001beee8a,1.0,3.0,2748,10.0
5a9bcd3f1eda410001366c55,8,other,3,678e3386256d5b8e6ee50cb3,0.0,16.0,2748,19.0
5a9bcd3f1eda410001366c55,8,other,4,6741d562a02fc6b69d3c6812,0.0,11.0,2748,11.0
5a9bff3b6475f900019ffc51,10,self,1,5a9bff3b6475f900019ffc51,1.0,19.0,2770,8.0
5a9bff3b6475f900019ffc51,10,other,2,60e49d8302404edb1e133168,1.0,18.0,2770,13.0
5a9bff3b6475f900019ffc51,10,other,3,606c2136f9fac4fb23f21934,0.0,9.0,2770,9.0
5a9bff3b6475f900019ffc51,10,other,4,5bb5ddb068558a000125ab50,0.0,17.0,2770,10.0
5a9c91196219a30001f534a5,7,self,1,5a9c91196219a30001f534a5,0.0,16.0,2807,16.0
5a9c91196219a30001f534a5,7,other,2,64359e5b9995e7d3b31bc2fc,1.0,16.0,2807,16.0
5a9c91196219a30001f534a5,7,other,3,6760543367c90a33716225be,1.0,20.0,2807,24.0
5a9c91196219a30001f534a5,7,other,4,5c2dae2110677f0001dd1137,0.0,25.0,2807,26.0
5a9fa90f873cda00010d29d8,2,self,1,5a9fa90f873cda00010d29d8,0.0,10.0,2842,13.0
5a9fa90f873cda00010d29d8,2,other,2,6655e085b2b827c02d469855,1.0,17.0,2842,18.0
5a9fa90f873cda00010d29d8,2,other,3,656d24ca2d90244628b2960e,1.0,20.0,2842,17.0
5a9fa90f873cda00010d29d8,2,other,4,5d776e218a8d1d00166d36a6,0.0,19.0,2842,21.0
5a9fa90f873cda00010d29d8,6,self,1,5a9fa90f873cda00010d29d8,0.0,10.0,2846,13.0
5a9fa90f873cda00010d29d8,6,other,2,6786c02b927bff134b80264c,1.0,11.0,2846,12.0
5a9fa90f873cda00010d29d8,6,other,3,61486ad7059377d6f08fd91c,1.0,23.0,2846,20.0
5a9fa90f873cda00010d29d8,6,other,4,615dd5ed4fd5b2c64eee7e99,0.0,12.0,2846,18.0
5aa462af873cda00010d5b51,7,self,1,5aa462af873cda00010d5b51,1.0,7.0,2887,11.0
5aa462af873cda00010d5b51,7,other,2,613a32539be30e10dca2c288,1.0,18.0,2887,16.0
5aa462af873cda00010d5b51,7,other,3,67f67d04686f4f467e3a6c76,0.0,10.0,2887,11.0
5aa462af873cda00010d5b51,7,other,4,644a9152838d4d270af3b94f,0.0,14.0,2887,9.0
5aa462af873cda00010d5b51,10,self,1,5aa462af873cda00010d5b51,1.0,7.0,2890,11.0
5aa462af873cda00010d5b51,10,other,2,60d3b417d47497f6ae55273f,1.0,17.0,2890,16.0
5aa462af873cda00010d5b51,10,other,3,62b5da77688feb883eba275d,0.0,13.0,2890,16.0
5aa462af873cda00010d5b51,10,other,4,66857a5b6efcd1cf07b88707,0.0,20.0,2890,16.0
5aa462af873cda00010d5b51,20,self,1,5aa462af873cda00010d5b51,1.0,7.0,2900,11.0
5aa462af873cda00010d5b51,20,other,2,67045932c671e52de9f8bc4c,1.0,16.0,2900,17.0
5aa462af873cda00010d5b51,20,other,3,5be1b59a8425f6000141b942,0.0,9.0,2900,16.0
5aa462af873cda00010d5b51,20,other,4,612266b4f9ae4a5d04a21dd4,0.0,14.0,2900,10.0
5aad21134ea21d000101bbff,2,self,1,5aad21134ea21d000101bbff,0.0,8.0,2922,9.0
5aad21134ea21d000101bbff,2,other,2,6146548679f86b7cb069e7f7,1.0,11.0,2922,16.0
5aad21134ea21d000101bbff,2,other,3,60023df907eaeb22b2f70789,1.0,16.0,2922,17.0
5aad21134ea21d000101bbff,2,other,4,65e209621fce0d5fd8b3265f,0.0,17.0,2922,16.0
5acc6abbfa3b4e000173c8b5,2,self,1,5acc6abbfa3b4e000173c8b5,1.0,22.0,2962,16.0
5acc6abbfa3b4e000173c8b5,2,other,2,665a0857a0c87db18a268c58,1.0,18.0,2962,25.0
5acc6abbfa3b4e000173c8b5,2,other,3,67006a23de43db9f90b363d2,0.0,13.0,2962,16.0
5acc6abbfa3b4e000173c8b5,2,other,4,665ceb52bf7bc5f5f2016e83,0.0,16.0,2962,16.0
5acc6abbfa3b4e000173c8b5,5,self,1,5acc6abbfa3b4e000173c8b5,1.0,22.0,2965,16.0
5acc6abbfa3b4e000173c8b5,5,other,2,6766ff0b4fe513778222e146,1.0,12.0,2965,17.0
5acc6abbfa3b4e000173c8b5,5,other,3,5dbf5fe16849043f135aa2c0,0.0,16.0,2965,18.0
5acc6abbfa3b4e000173c8b5,5,other,4,63a9a8f2f098b7e45bd03721,0.0,18.0,2965,12.0
5acc6abbfa3b4e000173c8b5,11,self,1,5acc6abbfa3b4e000173c8b5,1.0,22.0,2971,16.0
5acc6abbfa3b4e000173c8b5,11,other,2,6171849094893d838e6e6f62,1.0,9.0,2971,9.0
5acc6abbfa3b4e000173c8b5,11,other,3,6772f2f973632e9abc06ff3b,0.0,17.0,2971,20.0
5acc6abbfa3b4e000173c8b5,11,other,4,666b6cd0fd4835707cae439b,0.0,2.0,2971,10.0
5acc6abbfa3b4e000173c8b5,16,self,1,5acc6abbfa3b4e000173c8b5,1.0,22.0,2976,16.0
5acc6abbfa3b4e000173c8b5,16,other,2,5dcf402982569a08ddd84086,1.0,16.0,2976,14.0
5acc6abbfa3b4e000173c8b5,16,other,3,5f061f46dc944614ea1be5b9,0.0,12.0,2976,13.0
5acc6abbfa3b4e000173c8b5,16,other,4,62e3f7b224ec70641fd86b7b,0.0,31.0,2976,24.0
5ad4a1eb754a0d0001622e5e,11,self,1,5ad4a1eb754a0d0001622e5e,1.0,8.0,2991,10.0
5ad4a1eb754a0d0001622e5e,11,other,2,5e740451f1e6520f51f3eece,1.0,13.0,2991,19.0
5ad4a1eb754a0d0001622e5e,11,other,3,62a74daa695f792361470dd1,0.0,12.0,2991,12.0
5ad4a1eb754a0d0001622e5e,11,other,4,5b07b71c68eff50001d1c859,0.0,14.0,2991,16.0
5ad4a1eb754a0d0001622e5e,19,self,1,5ad4a1eb754a0d0001622e5e,1.0,8.0,2999,10.0
5ad4a1eb754a0d0001622e5e,19,other,2,66a9fd2b645b325705af8c79,1.0,2.0,2999,1.0
5ad4a1eb754a0d0001622e5e,19,other,3,66312361cf5d4099e1330532,0.0,11.0,2999,14.0
5ad4a1eb754a0d0001622e5e,19,other,4,68138b62cc045bd133cfcf6b,0.0,9.0,2999,4.0
5aeb5aba7ed5460001572dad,7,self,1,5aeb5aba7ed5460001572dad,1.0,23.0,3067,22.0
5aeb5aba7ed5460001572dad,7,other,2,571fdcb14b8ecc0013c24fcb,1.0,10.0,3067,5.0
5aeb5aba7ed5460001572dad,7,other,3,6772ec8f30df005ab821178c,0.0,16.0,3067,16.0
5aeb5aba7ed5460001572dad,7,other,4,669d6e67b980bf3846b82e8f,0.0,0.0,3067,10.0
5aeb5aba7ed5460001572dad,8,self,1,5aeb5aba7ed5460001572dad,1.0,23.0,3068,22.0
5aeb5aba7ed5460001572dad,8,other,2,676ed8014625d5ebd417b5f2,1.0,9.0,3068,9.0
5aeb5aba7ed5460001572dad,8,other,3,655505e7a601c885f69e29c2,0.0,18.0,3068,17.0
5aeb5aba7ed5460001572dad,8,other,4,647849063b9fd9be24803727,0.0,11.0,3068,13.0
5aeb5aba7ed5460001572dad,9,self,1,5aeb5aba7ed5460001572dad,1.0,23.0,3069,22.0
5aeb5aba7ed5460001572dad,9,other,2,6638068d9ab49383d1fe00ae,1.0,24.0,3069,16.0
5aeb5aba7ed5460001572dad,9,other,3,6086c333d6eb73cfdd564e90,0.0,16.0,3069,21.0
5aeb5aba7ed5460001572dad,9,other,4,6741d562a02fc6b69d3c6812,0.0,11.0,3069,11.0
5aeb5aba7ed5460001572dad,14,self,1,5aeb5aba7ed5460001572dad,1.0,23.0,3074,22.0
5aeb5aba7ed5460001572dad,14,other,2,656de94bf069f0a1446f47c5,1.0,11.0,3074,8.0
5aeb5aba7ed5460001572dad,14,other,3,5af2a03697a14300017d2ba4,0.0,32.0,3074,24.0
5aeb5aba7ed5460001572dad,14,other,4,67a9034388a7629d47fdd89e,0.0,12.0,3074,10.0
5aeb5aba7ed5460001572dad,15,self,1,5aeb5aba7ed5460001572dad,1.0,23.0,3075,22.0
5aeb5aba7ed5460001572dad,15,other,2,5aa462af873cda00010d5b51,1.0,7.0,3075,11.0
5aeb5aba7ed5460001572dad,15,other,3,641359b5040c453203e2c088,0.0,8.0,3075,0.0
5aeb5aba7ed5460001572dad,15,other,4,66ad3561c1e5c019916365fb,0.0,11.0,3075,16.0
5af2a03697a14300017d2ba4,3,self,1,5af2a03697a14300017d2ba4,0.0,32.0,3103,24.0
5af2a03697a14300017d2ba4,3,other,2,67901f88600a4a86b07e5d99,1.0,12.0,3103,13.0
5af2a03697a14300017d2ba4,3,other,3,597fe89a1b41a20001749f57,1.0,20.0,3103,13.0
5af2a03697a14300017d2ba4,3,other,4,6631dd70c1393b01137d8453,0.0,9.0,3103,11.0
5af2a03697a14300017d2ba4,9,self,1,5af2a03697a14300017d2ba4,0.0,32.0,3109,24.0
5af2a03697a14300017d2ba4,9,other,2,5e1465b599b282a6feec000b,1.0,9.0,3109,13.0
5af2a03697a14300017d2ba4,9,other,3,6671d8bf6e4bc111961295a1,1.0,12.0,3109,8.0
5af2a03697a14300017d2ba4,9,other,4,607826462aaaafd8801142ba,0.0,17.0,3109,16.0
5af2a03697a14300017d2ba4,12,self,1,5af2a03697a14300017d2ba4,0.0,32.0,3112,24.0
5af2a03697a14300017d2ba4,12,other,2,676df4319d4ed64ca5e20cdc,1.0,16.0,3112,17.0
5af2a03697a14300017d2ba4,12,other,3,6684b71a5615b7da8e59ce56,1.0,22.0,3112,16.0
5af2a03697a14300017d2ba4,12,other,4,5d53ddf96937fb000171d892,0.0,5.0,3112,10.0
5af2a03697a14300017d2ba4,13,self,1,5af2a03697a14300017d2ba4,0.0,32.0,3113,24.0
5af2a03697a14300017d2ba4,13,other,2,5d260d4255a29b0017698915,1.0,16.0,3113,16.0
5af2a03697a14300017d2ba4,13,other,3,55747e4afdf99b6752df4183,1.0,9.0,3113,8.0
5af2a03697a14300017d2ba4,13,other,4,671038fb26ff82aa6081d040,0.0,4.0,3113,8.0
5af2a03697a14300017d2ba4,14,self,1,5af2a03697a14300017d2ba4,0.0,32.0,3114,24.0
5af2a03697a14300017d2ba4,14,other,2,671d1cb6e1d9b3b7a761d56c,1.0,11.0,3114,10.0
5af2a03697a14300017d2ba4,14,other,3,668c2c3b1c453af22c1e1e31,1.0,19.0,3114,24.0
5af2a03697a14300017d2ba4,14,other,4,5d53ddf96937fb000171d892,0.0,5.0,3114,10.0
5af2a03697a14300017d2ba4,16,self,1,5af2a03697a14300017d2ba4,0.0,32.0,3116,24.0
5af2a03697a14300017d2ba4,16,other,2,608349d97d46ab71fc6c7111,1.0,10.0,3116,8.0
5af2a03697a14300017d2ba4,16,other,3,5f1833a16e55c522eeaf4dbe,1.0,13.0,3116,13.0
5af2a03697a14300017d2ba4,16,other,4,673a5584f867e07b649219c7,0.0,3.0,3116,5.0
5af2a03697a14300017d2ba4,20,self,1,5af2a03697a14300017d2ba4,0.0,32.0,3120,24.0
5af2a03697a14300017d2ba4,20,other,2,664f7217d63b2db66feb4333,1.0,9.0,3120,9.0
5af2a03697a14300017d2ba4,20,other,3,6761936cd42ea657c0bce1af,1.0,11.0,3120,16.0
5af2a03697a14300017d2ba4,20,other,4,60b36a96346dd63678e6cfe6,0.0,16.0,3120,23.0
5af3aa0e97a14300017d3c6e,3,self,1,5af3aa0e97a14300017d3c6e,0.0,27.0,3143,21.0
5af3aa0e97a14300017d3c6e,3,other,2,6147213e9333ddd0c65b3ed3,1.0,17.0,3143,24.0
5af3aa0e97a14300017d3c6e,3,other,3,5ee235163a959e2d31a0b521,1.0,6.0,3143,8.0
5af3aa0e97a14300017d3c6e,3,other,4,6773d379776c921aa20c5d65,0.0,17.0,3143,16.0
5af3aa0e97a14300017d3c6e,13,self,1,5af3aa0e97a14300017d3c6e,0.0,27.0,3153,21.0
5af3aa0e97a14300017d3c6e,13,other,2,5fbb062e91513797e214827d,1.0,11.0,3153,12.0
5af3aa0e97a14300017d3c6e,13,other,3,6785afa8e35496081ab1cd5b,1.0,25.0,3153,21.0
5af3aa0e97a14300017d3c6e,13,other,4,5d7a1fce27fb8a000196993e,0.0,13.0,3153,12.0
5af3aa0e97a14300017d3c6e,16,self,1,5af3aa0e97a14300017d3c6e,0.0,27.0,3156,21.0
5af3aa0e97a14300017d3c6e,16,other,2,652809036a4ca0c161cda6e7,1.0,12.0,3156,2.0
5af3aa0e97a14300017d3c6e,16,other,3,672a21a1fce596116252b41e,1.0,8.0,3156,8.0
5af3aa0e97a14300017d3c6e,16,other,4,6604553b209208bb096e10ac,0.0,9.0,3156,9.0
5b0710e7a84dcf0001beee8a,15,self,1,5b0710e7a84dcf0001beee8a,1.0,3.0,3175,10.0
5b0710e7a84dcf0001beee8a,15,other,2,673bdc54bee6e22ce93d7e9f,1.0,8.0,3175,8.0
5b0710e7a84dcf0001beee8a,15,other,3,665a096c84cc3333351bb239,0.0,24.0,3175,18.0
5b0710e7a84dcf0001beee8a,15,other,4,605731872f40ec675cdf1f0b,0.0,8.0,3175,10.0
5b07b71c68eff50001d1c859,14,self,1,5b07b71c68eff50001d1c859,0.0,14.0,3194,16.0
5b07b71c68eff50001d1c859,14,other,2,66293a5710fb93854b181793,1.0,10.0,3194,10.0
5b07b71c68eff50001d1c859,14,other,3,6660df77324bd52e8dbce2ef,1.0,5.0,3194,9.0
5b07b71c68eff50001d1c859,14,other,4,5d35c29a467d18001981d677,0.0,16.0,3194,12.0
5b100cb0a3553300017541c8,14,self,1,5b100cb0a3553300017541c8,1.0,8.0,3274,16.0
5b100cb0a3553300017541c8,14,other,2,5faf5be7eb05711e07faf4cf,1.0,24.0,3274,24.0
5b100cb0a3553300017541c8,14,other,3,5b228fcf50fde60001033592,0.0,16.0,3274,16.0
5b100cb0a3553300017541c8,14,other,4,60fd00abc3abd38c0302fde8,0.0,14.0,3274,20.0
5b233660648d5b0001b7de87,1,self,1,5b233660648d5b0001b7de87,0.0,0.0,3341,2.0
5b233660648d5b0001b7de87,1,other,2,65a5418510f8dd6605fd790d,1.0,14.0,3341,16.0
5b233660648d5b0001b7de87,1,other,3,667eb91e3db4b82021840853,1.0,9.0,3341,22.0
5b233660648d5b0001b7de87,1,other,4,605269ed69c7aac84a09dc72,0.0,11.0,3341,12.0
5b233660648d5b0001b7de87,14,self,1,5b233660648d5b0001b7de87,0.0,0.0,3354,2.0
5b233660648d5b0001b7de87,14,other,2,61486ad7059377d6f08fd91c,1.0,23.0,3354,20.0
5b233660648d5b0001b7de87,14,other,3,6762b4b35727c93b16762405,1.0,6.0,3354,14.0
5b233660648d5b0001b7de87,14,other,4,5ff45beefdb6e6b063b4c520,0.0,5.0,3354,16.0
5b281303007d870001c7f24a,4,self,1,5b281303007d870001c7f24a,1.0,5.0,3364,5.0
5b281303007d870001c7f24a,4,other,2,5fd76b7d246a3705a25c9a94,1.0,10.0,3364,8.0
5b281303007d870001c7f24a,4,other,3,60ebe66b7b32aea5c8a892df,0.0,13.0,3364,9.0
5b281303007d870001c7f24a,4,other,4,6026e312c1e1234396ed6e7d,0.0,11.0,3364,16.0
5b281303007d870001c7f24a,16,self,1,5b281303007d870001c7f24a,1.0,5.0,3376,5.0
5b281303007d870001c7f24a,16,other,2,59789a60bf453d00010a94c7,1.0,8.0,3376,9.0
5b281303007d870001c7f24a,16,other,3,67823189419133e67fc6e5c0,0.0,8.0,3376,8.0
5b281303007d870001c7f24a,16,other,4,605794cd71c6264c6798181b,0.0,12.0,3376,27.0
5b29ed150ec82d0001d26cf8,17,self,1,5b29ed150ec82d0001d26cf8,1.0,8.0,3397,12.0
5b29ed150ec82d0001d26cf8,17,other,2,6658c5911429bc1ab0372a89,1.0,16.0,3397,16.0
5b29ed150ec82d0001d26cf8,17,other,3,5d34862748bf98000146b64f,0.0,18.0,3397,19.0
5b29ed150ec82d0001d26cf8,17,other,4,629f2a9c3effb1dc81c49116,0.0,35.0,3397,21.0
5b2fda4e530770000105a60a,8,self,1,5b2fda4e530770000105a60a,0.0,16.0,3428,18.0
5b2fda4e530770000105a60a,8,other,2,6728332a47c2c47f9daef26f,1.0,16.0,3428,17.0
5b2fda4e530770000105a60a,8,other,3,5f146f8b9a35f72602d03ddc,1.0,8.0,3428,9.0
5b2fda4e530770000105a60a,8,other,4,691752dae4acdec500565976,0.0,8.0,3428,8.0
5b2fda4e530770000105a60a,9,self,1,5b2fda4e530770000105a60a,0.0,16.0,3429,18.0
5b2fda4e530770000105a60a,9,other,2,682cd328bd53185cbbb59840,1.0,10.0,3429,9.0
5b2fda4e530770000105a60a,9,other,3,6776bc8bb2a054d5b0a50656,1.0,12.0,3429,16.0
5b2fda4e530770000105a60a,9,other,4,66796f6a50ac90662e958273,0.0,12.0,3429,16.0
5b2fda4e530770000105a60a,17,self,1,5b2fda4e530770000105a60a,0.0,16.0,3437,18.0
5b2fda4e530770000105a60a,17,other,2,568e7e33e3ef9e000da202a7,1.0,8.0,3437,10.0
5b2fda4e530770000105a60a,17,other,3,5b4ec32e995d4e00010944ce,1.0,13.0,3437,16.0
5b2fda4e530770000105a60a,17,other,4,5dc97b86f375a969573c2c7a,0.0,20.0,3437,18.0
5b4b679dff74970001256d36,19,self,1,5b4b679dff74970001256d36,0.0,12.0,3499,14.0
5b4b679dff74970001256d36,19,other,2,6756d8d07b3444c59eeff05c,1.0,11.0,3499,11.0
5b4b679dff74970001256d36,19,other,3,655d867ce204d4f63c3533df,1.0,24.0,3499,19.0
5b4b679dff74970001256d36,19,other,4,55e356dac70c7a00052a57ec,0.0,14.0,3499,17.0
5b4ce4c8aad40700014ac066,6,self,1,5b4ce4c8aad40700014ac066,0.0,15.0,3506,16.0
5b4ce4c8aad40700014ac066,6,other,2,6776b7f857f30f9dfdcac3b1,1.0,6.0,3506,10.0
5b4ce4c8aad40700014ac066,6,other,3,5f1b12b7fbee1e07bfb2b5ee,1.0,20.0,3506,18.0
5b4ce4c8aad40700014ac066,6,other,4,63d6f725f81a32a4bbce7c89,0.0,18.0,3506,17.0
5b4ce4c8aad40700014ac066,7,self,1,5b4ce4c8aad40700014ac066,0.0,15.0,3507,16.0
5b4ce4c8aad40700014ac066,7,other,2,65368c3a27f9818abb93b30f,1.0,15.0,3507,12.0
5b4ce4c8aad40700014ac066,7,other,3,668173a56ae4ada528986b1d,1.0,25.0,3507,24.0
5b4ce4c8aad40700014ac066,7,other,4,570570eb61ab6a0010d484d0,0.0,9.0,3507,17.0
5b4ec32e995d4e00010944ce,10,self,1,5b4ec32e995d4e00010944ce,1.0,13.0,3530,16.0
5b4ec32e995d4e00010944ce,10,other,2,6658d02b830a00e979619fb8,1.0,0.0,3530,0.0
5b4ec32e995d4e00010944ce,10,other,3,6741d562a02fc6b69d3c6812,0.0,11.0,3530,11.0
5b4ec32e995d4e00010944ce,10,other,4,6741d562a02fc6b69d3c6812,0.0,11.0,3530,11.0
5b52f4933234ab00014ca442,5,self,1,5b52f4933234ab00014ca442,1.0,15.0,3545,16.0
5b52f4933234ab00014ca442,5,other,2,62fbc9730a4b70bcc1c942b3,1.0,10.0,3545,13.0
5b52f4933234ab00014ca442,5,other,3,66226b0252ed8d32a4c59ef8,0.0,29.0,3545,24.0
5b52f4933234ab00014ca442,5,other,4,581d38509b5b8800014d507e,0.0,12.0,3545,16.0
5b5f35fe64516800018b8ed2,20,self,1,5b5f35fe64516800018b8ed2,0.0,13.0,3580,12.0
5b5f35fe64516800018b8ed2,20,other,2,5e99c8efae829502a02f6fc8,1.0,15.0,3580,17.0
5b5f35fe64516800018b8ed2,20,other,3,5d52aab4d01b31001941a7f1,1.0,9.0,3580,9.0
5b5f35fe64516800018b8ed2,20,other,4,57d5ab3a722df500017f3622,0.0,24.0,3580,23.0
5b6db242d2eae00001934fd9,10,self,1,5b6db242d2eae00001934fd9,1.0,20.0,3590,17.0
5b6db242d2eae00001934fd9,10,other,2,6766ff0b4fe513778222e146,1.0,12.0,3590,17.0
5b6db242d2eae00001934fd9,10,other,3,599ab130b5566b0001aa85bb,0.0,16.0,3590,10.0
5b6db242d2eae00001934fd9,10,other,4,612266b4f9ae4a5d04a21dd4,0.0,14.0,3590,10.0
5b6db242d2eae00001934fd9,19,self,1,5b6db242d2eae00001934fd9,1.0,20.0,3599,17.0
5b6db242d2eae00001934fd9,19,other,2,5db6fa3b20430d000d2eb752,1.0,11.0,3599,12.0
5b6db242d2eae00001934fd9,19,other,3,6658d40b7c86929c183cea9b,0.0,16.0,3599,13.0
5b6db242d2eae00001934fd9,19,other,4,677dd12f5a4389f3f9a18e0a,0.0,17.0,3599,17.0
5b7535d184850400011a07b8,8,self,1,5b7535d184850400011a07b8,1.0,1.0,3668,8.0
5b7535d184850400011a07b8,8,other,2,6148bbcd519a30b146897026,1.0,16.0,3668,11.0
5b7535d184850400011a07b8,8,other,3,63fcb1bc5430196e4e652913,0.0,14.0,3668,12.0
5b7535d184850400011a07b8,8,other,4,63469662d9e84d379f52c166,0.0,4.0,3668,0.0
5b94d08a41cfe90001c6a249,2,self,1,5b94d08a41cfe90001c6a249,0.0,27.0,3742,17.0
5b94d08a41cfe90001c6a249,2,other,2,5e38e49a8445881060c60eaf,1.0,15.0,3742,15.0
5b94d08a41cfe90001c6a249,2,other,3,6657f15cef4ca4b8c204a8fd,1.0,16.0,3742,8.0
5b94d08a41cfe90001c6a249,2,other,4,67a9034388a7629d47fdd89e,0.0,12.0,3742,10.0
5b94d08a41cfe90001c6a249,3,self,1,5b94d08a41cfe90001c6a249,0.0,27.0,3743,17.0
5b94d08a41cfe90001c6a249,3,other,2,6786ac16415168abd9f21d6b,1.0,9.0,3743,16.0
5b94d08a41cfe90001c6a249,3,other,3,672a401ef9623837c59f3af2,1.0,4.0,3743,12.0
5b94d08a41cfe90001c6a249,3,other,4,62a0f99814d73df8032871a9,0.0,13.0,3743,16.0
5b94d08a41cfe90001c6a249,5,self,1,5b94d08a41cfe90001c6a249,0.0,27.0,3745,17.0
5b94d08a41cfe90001c6a249,5,other,2,6609a35ed745fef53c0c1034,1.0,17.0,3745,16.0
5b94d08a41cfe90001c6a249,5,other,3,63d405a83ba700cc5bb12e9c,1.0,17.0,3745,17.0
5b94d08a41cfe90001c6a249,5,other,4,6776cdf98d57e424a247e48a,0.0,24.0,3745,16.0
5b94d08a41cfe90001c6a249,7,self,1,5b94d08a41cfe90001c6a249,0.0,27.0,3747,17.0
5b94d08a41cfe90001c6a249,7,other,2,5f3ac1732efa0a74f975b1a8,1.0,3.0,3747,14.0
5b94d08a41cfe90001c6a249,7,other,3,66ca2d90ab22cf378a032c83,1.0,8.0,3747,11.0
5b94d08a41cfe90001c6a249,7,other,4,5e9f383061281c0c4c598dc9,0.0,16.0,3747,18.0
5b94d08a41cfe90001c6a249,10,self,1,5b94d08a41cfe90001c6a249,0.0,27.0,3750,17.0
5b94d08a41cfe90001c6a249,10,other,2,5d0f9b5a905351000124f56c,1.0,25.0,3750,28.0
5b94d08a41cfe90001c6a249,10,other,3,5e2881eaa9af590560d04047,1.0,16.0,3750,10.0
5b94d08a41cfe90001c6a249,10,other,4,67d9a0498d900defba2a9dcc,0.0,9.0,3750,12.0
5b94d08a41cfe90001c6a249,12,self,1,5b94d08a41cfe90001c6a249,0.0,27.0,3752,17.0
5b94d08a41cfe90001c6a249,12,other,2,66351c39f862c014cfa831c4,1.0,13.0,3752,12.0
5b94d08a41cfe90001c6a249,12,other,3,6606ce9c3523446ed5777300,1.0,9.0,3752,10.0
5b94d08a41cfe90001c6a249,12,other,4,60e946b21766932f648d56e0,0.0,17.0,3752,18.0
5ba641d1168e5e0001e4275d,15,self,1,5ba641d1168e5e0001e4275d,1.0,20.0,3875,19.0
5ba641d1168e5e0001e4275d,15,other,2,67045932c671e52de9f8bc4c,1.0,16.0,3875,17.0
5ba641d1168e5e0001e4275d,15,other,3,5d3df3d633b894001a2596a3,0.0,3.0,3875,9.0
5ba641d1168e5e0001e4275d,15,other,4,60e946b21766932f648d56e0,0.0,17.0,3875,18.0
5bb356db42eb6700017d5196,5,self,1,5bb356db42eb6700017d5196,0.0,12.0,3885,4.0
5bb356db42eb6700017d5196,5,other,2,6544b6b0048c6646e5bf4db8,1.0,13.0,3885,5.0
5bb356db42eb6700017d5196,5,other,3,5edd36ee4aaed5a3a0d9b6d1,1.0,10.0,3885,12.0
5bb356db42eb6700017d5196,5,other,4,67c5d7d4bfda0ffd6d9a5ef8,0.0,16.0,3885,18.0
5bb3e443951bd40001f1e0fd,19,self,1,5bb3e443951bd40001f1e0fd,1.0,5.0,3919,12.0
5bb3e443951bd40001f1e0fd,19,other,2,6659d150478b9115096338d1,1.0,24.0,3919,24.0
5bb3e443951bd40001f1e0fd,19,other,3,59dc80b77f3d71000171d3c8,0.0,8.0,3919,12.0
5bb3e443951bd40001f1e0fd,19,other,4,5b472672d4c93b00019bbc49,0.0,19.0,3919,12.0
5bb3e443951bd40001f1e0fd,20,self,1,5bb3e443951bd40001f1e0fd,1.0,5.0,3920,12.0
5bb3e443951bd40001f1e0fd,20,other,2,59f8a0bbf4217300016cc405,1.0,18.0,3920,19.0
5bb3e443951bd40001f1e0fd,20,other,3,6751389a1e96f3f33e76809b,0.0,16.0,3920,18.0
5bb3e443951bd40001f1e0fd,20,other,4,5d654a1e855d77001b10dd92,0.0,11.0,3920,17.0
5bb5ddb068558a000125ab50,15,self,1,5bb5ddb068558a000125ab50,0.0,17.0,3935,10.0
5bb5ddb068558a000125ab50,15,other,2,667c80ad23f9daa7c9e0470a,1.0,16.0,3935,18.0
5bb5ddb068558a000125ab50,15,other,3,6719428924b5d55a3749dd65,1.0,14.0,3935,17.0
5bb5ddb068558a000125ab50,15,other,4,60febe4bb7d1055665da0413,0.0,23.0,3935,16.0
5bb5ddb068558a000125ab50,18,self,1,5bb5ddb068558a000125ab50,0.0,17.0,3938,10.0
5bb5ddb068558a000125ab50,18,other,2,67870824e02758bc16fa96f3,1.0,8.0,3938,8.0
5bb5ddb068558a000125ab50,18,other,3,679160f6e9c440cda559818e,1.0,11.0,3938,16.0
5bb5ddb068558a000125ab50,18,other,4,5a9fa90f873cda00010d29d8,0.0,10.0,3938,13.0
5bc913d99427200001dd47f5,19,self,1,5bc913d99427200001dd47f5,1.0,19.0,3999,16.0
5bc913d99427200001dd47f5,19,other,2,5dd864447beb29822b6c1e86,1.0,16.0,3999,19.0
5bc913d99427200001dd47f5,19,other,3,648646988a5170373da06a9e,0.0,11.0,3999,16.0
5bc913d99427200001dd47f5,19,other,4,6318e2c61780455450fe4199,0.0,2.0,3999,6.0
5bcbde9d08a62c0001f86bd0,2,self,1,5bcbde9d08a62c0001f86bd0,0.0,22.0,4002,17.0
5bcbde9d08a62c0001f86bd0,2,other,2,66598e28a133d3735cdc506f,1.0,0.0,4002,3.0
5bcbde9d08a62c0001f86bd0,2,other,3,5f4738bfa043201203a27b4b,1.0,12.0,4002,16.0
5bcbde9d08a62c0001f86bd0,2,other,4,672c6d81f10d775112a46f36,0.0,28.0,4002,21.0
5bcbde9d08a62c0001f86bd0,6,self,1,5bcbde9d08a62c0001f86bd0,0.0,22.0,4006,17.0
5bcbde9d08a62c0001f86bd0,6,other,2,61680035775d6be6c3034464,1.0,12.0,4006,16.0
5bcbde9d08a62c0001f86bd0,6,other,3,6665a806be52905a784f7437,1.0,16.0,4006,11.0
5bcbde9d08a62c0001f86bd0,6,other,4,666b6cd0fd4835707cae439b,0.0,2.0,4006,10.0
5bcbde9d08a62c0001f86bd0,20,self,1,5bcbde9d08a62c0001f86bd0,0.0,22.0,4020,17.0
5bcbde9d08a62c0001f86bd0,20,other,2,66c09873c30bdebfa67284d8,1.0,10.0,4020,16.0
5bcbde9d08a62c0001f86bd0,20,other,3,67ccf5aaec16501a9fec7097,1.0,11.0,4020,10.0
5bcbde9d08a62c0001f86bd0,20,other,4,66d45f42363a8f00a02d8581,0.0,16.0,4020,17.0
5be5c05fd153f500019a2ef2,2,self,1,5be5c05fd153f500019a2ef2,1.0,14.0,4162,6.0
5be5c05fd153f500019a2ef2,2,other,2,5e28b99e1aacba092acd8cbd,1.0,0.0,4162,20.0
5be5c05fd153f500019a2ef2,2,other,3,66acd6fce13998efa02007a6,0.0,20.0,4162,17.0
5be5c05fd153f500019a2ef2,2,other,4,673a5584f867e07b649219c7,0.0,3.0,4162,5.0
5be5c05fd153f500019a2ef2,18,self,1,5be5c05fd153f500019a2ef2,1.0,14.0,4178,6.0
5be5c05fd153f500019a2ef2,18,other,2,60990fe5302151169b0cb021,1.0,18.0,4178,19.0
5be5c05fd153f500019a2ef2,18,other,3,66a0d2b35975ab1d10e81ebb,0.0,24.0,4178,20.0
5be5c05fd153f500019a2ef2,18,other,4,67ec9fc858f4594fd069d5ff,0.0,8.0,4178,19.0
5be5c05fd153f500019a2ef2,20,self,1,5be5c05fd153f500019a2ef2,1.0,14.0,4180,6.0
5be5c05fd153f500019a2ef2,20,other,2,5d41d708128a05000183c461,1.0,16.0,4180,16.0
5be5c05fd153f500019a2ef2,20,other,3,6760a1e051f418d6ac0490d8,0.0,24.0,4180,16.0
5be5c05fd153f500019a2ef2,20,other,4,5c439193f114f2000195658e,0.0,24.0,4180,24.0
5bf1de1556a321000106fae0,1,self,1,5bf1de1556a321000106fae0,0.0,16.0,4201,17.0
5bf1de1556a321000106fae0,1,other,2,5b29ed150ec82d0001d26cf8,1.0,8.0,4201,12.0
5bf1de1556a321000106fae0,1,other,3,65a5418510f8dd6605fd790d,1.0,14.0,4201,16.0
5bf1de1556a321000106fae0,1,other,4,5d53ddf96937fb000171d892,0.0,5.0,4201,10.0
5bf5aa89d944c300012634cc,1,self,1,5bf5aa89d944c300012634cc,0.0,26.0,4261,18.0
5bf5aa89d944c300012634cc,1,other,2,5e57e67bb836e0000d222062,1.0,0.0,4261,9.0
5bf5aa89d944c300012634cc,1,other,3,5fe39d7a3e41f786ed4b1d73,1.0,21.0,4261,19.0
5bf5aa89d944c300012634cc,1,other,4,5bb356db42eb6700017d5196,0.0,12.0,4261,4.0
5bf5aa89d944c300012634cc,3,self,1,5bf5aa89d944c300012634cc,0.0,26.0,4263,18.0
5bf5aa89d944c300012634cc,3,other,2,567dd32b4f0ef30006dbb718,1.0,7.0,4263,6.0
5bf5aa89d944c300012634cc,3,other,3,5f39a2fd2d394917284dd66f,1.0,12.0,4263,8.0
5bf5aa89d944c300012634cc,3,other,4,63a9a8f2f098b7e45bd03721,0.0,18.0,4263,12.0
5bf5aa89d944c300012634cc,7,self,1,5bf5aa89d944c300012634cc,0.0,26.0,4267,18.0
5bf5aa89d944c300012634cc,7,other,2,648978eef0a4e73b67c9c153,1.0,19.0,4267,12.0
5bf5aa89d944c300012634cc,7,other,3,5d04c56a0b54cc0001dad608,1.0,10.0,4267,15.0
5bf5aa89d944c300012634cc,7,other,4,5eb29fdddac67500082c1089,0.0,14.0,4267,9.0
5bf5aa89d944c300012634cc,11,self,1,5bf5aa89d944c300012634cc,0.0,26.0,4271,18.0
5bf5aa89d944c300012634cc,11,other,2,615f097035d3a6a38238039b,1.0,10.0,4271,16.0
5bf5aa89d944c300012634cc,11,other,3,5e15d85bd62abeba42692ed3,1.0,8.0,4271,12.0
5bf5aa89d944c300012634cc,11,other,4,66c715bdcfed428be15f400d,0.0,5.0,4271,10.0
5bf5aa89d944c300012634cc,18,self,1,5bf5aa89d944c300012634cc,0.0,26.0,4278,18.0
5bf5aa89d944c300012634cc,18,other,2,5a2846ceb4a5de00011af418,1.0,15.0,4278,11.0
5bf5aa89d944c300012634cc,18,other,3,6148b597f5f939a93d3b9745,1.0,11.0,4278,16.0
5bf5aa89d944c300012634cc,18,other,4,665d92a608fef982937744df,0.0,18.0,4278,17.0
5c01758473cbae00010f654a,13,self,1,5c01758473cbae00010f654a,0.0,9.0,4293,16.0
5c01758473cbae00010f654a,13,other,2,67effc951ce344a94949e0e7,1.0,16.0,4293,16.0
5c01758473cbae00010f654a,13,other,3,5be5c05fd153f500019a2ef2,1.0,14.0,4293,6.0
5c01758473cbae00010f654a,13,other,4,593675594e31b50001ce1a08,0.0,17.0,4293,18.0
5c0c3112594d92000167bdcd,5,self,1,5c0c3112594d92000167bdcd,1.0,4.0,4325,8.0
5c0c3112594d92000167bdcd,5,other,2,5f8e0a296626561cd3d0fb07,1.0,11.0,4325,11.0
5c0c3112594d92000167bdcd,5,other,3,5af3aa0e97a14300017d3c6e,0.0,27.0,4325,21.0
5c0c3112594d92000167bdcd,5,other,4,6912179bef81177cf16f4c4c,0.0,16.0,4325,9.0
5c0c3112594d92000167bdcd,12,self,1,5c0c3112594d92000167bdcd,1.0,4.0,4332,8.0
5c0c3112594d92000167bdcd,12,other,2,5ae88efd9d82560001bdc598,1.0,18.0,4332,13.0
5c0c3112594d92000167bdcd,12,other,3,5eaae0b28ba2df0570296c3a,0.0,10.0,4332,14.0
5c0c3112594d92000167bdcd,12,other,4,6400df45e639d203b8518cad,0.0,16.0,4332,17.0
5c0c3112594d92000167bdcd,19,self,1,5c0c3112594d92000167bdcd,1.0,4.0,4339,8.0
5c0c3112594d92000167bdcd,19,other,2,67617ff8a1f4fa350af4fbb5,1.0,14.0,4339,17.0
5c0c3112594d92000167bdcd,19,other,3,66732d7c4a68a05d53e7cbaa,0.0,11.0,4339,13.0
5c0c3112594d92000167bdcd,19,other,4,6636e5ffb1e341fa2390a2c0,0.0,23.0,4339,17.0
5c1655c7ad682500017070d2,18,self,1,5c1655c7ad682500017070d2,0.0,18.0,4378,17.0
5c1655c7ad682500017070d2,18,other,2,5f273a1646f68e514633ee27,1.0,16.0,4378,17.0
5c1655c7ad682500017070d2,18,other,3,66cc4546f9e3a25d2adc51c8,1.0,10.0,4378,10.0
5c1655c7ad682500017070d2,18,other,4,605ab9d5c01d0b0fc69930c5,0.0,14.0,4378,21.0
5c1655c7ad682500017070d2,20,self,1,5c1655c7ad682500017070d2,0.0,18.0,4380,17.0
5c1655c7ad682500017070d2,20,other,2,6606ce9c3523446ed5777300,1.0,9.0,4380,10.0
5c1655c7ad682500017070d2,20,other,3,5be5c05fd153f500019a2ef2,1.0,14.0,4380,6.0
5c1655c7ad682500017070d2,20,other,4,65600aa7ff0c0fcf0ddcda34,0.0,18.0,4380,24.0
5c1b7b36960792000195f33a,12,self,1,5c1b7b36960792000195f33a,0.0,10.0,4412,11.0
5c1b7b36960792000195f33a,12,other,2,5cedaba627d8ce00018469bb,1.0,12.0,4412,18.0
5c1b7b36960792000195f33a,12,other,3,5f42966cafb00848de3c0355,1.0,17.0,4412,16.0
5c1b7b36960792000195f33a,12,other,4,5fb2a8dc2549858e85afae15,0.0,17.0,4412,19.0
5c20056791305c000171dcd9,3,self,1,5c20056791305c000171dcd9,1.0,22.0,4463,16.0
5c20056791305c000171dcd9,3,other,2,60f154e3b41e8202276ccc73,1.0,9.0,4463,16.0
5c20056791305c000171dcd9,3,other,3,6669a9dd31aed01f0969b063,0.0,20.0,4463,10.0
5c20056791305c000171dcd9,3,other,4,67609d6700aaf43f68f72f96,0.0,19.0,4463,17.0
5c20056791305c000171dcd9,8,self,1,5c20056791305c000171dcd9,1.0,22.0,4468,16.0
5c20056791305c000171dcd9,8,other,2,668f8d7343028ae0faa7a907,1.0,16.0,4468,13.0
5c20056791305c000171dcd9,8,other,3,5f0e9896f5e4e11e12c8f5ac,0.0,20.0,4468,18.0
5c20056791305c000171dcd9,8,other,4,64b7ead0f4ee022ce90b7339,0.0,10.0,4468,9.0
5c20056791305c000171dcd9,11,self,1,5c20056791305c000171dcd9,1.0,22.0,4471,16.0
5c20056791305c000171dcd9,11,other,2,6148b597f5f939a93d3b9745,1.0,11.0,4471,16.0
5c20056791305c000171dcd9,11,other,3,677495e069e5abd571445a65,0.0,18.0,4471,17.0
5c20056791305c000171dcd9,11,other,4,5797564b70c76a0001245734,0.0,13.0,4471,18.0
5c20056791305c000171dcd9,12,self,1,5c20056791305c000171dcd9,1.0,22.0,4472,16.0
5c20056791305c000171dcd9,12,other,2,6773d733ef23107f61c70de7,1.0,4.0,4472,8.0
5c20056791305c000171dcd9,12,other,3,67aba3ae1192aa61b99fe6c7,0.0,10.0,4472,10.0
5c20056791305c000171dcd9,12,other,4,5d9b5e2d8465bf02e1190626,0.0,18.0,4472,16.0
5c20056791305c000171dcd9,15,self,1,5c20056791305c000171dcd9,1.0,22.0,4475,16.0
5c20056791305c000171dcd9,15,other,2,5fe39d7a3e41f786ed4b1d73,1.0,21.0,4475,19.0
5c20056791305c000171dcd9,15,other,3,66fdd81f708d36dbc86f85be,0.0,9.0,4475,13.0
5c20056791305c000171dcd9,15,other,4,67d0c546e34a839a2c0d67a0,0.0,18.0,4475,21.0
5c20056791305c000171dcd9,20,self,1,5c20056791305c000171dcd9,1.0,22.0,4480,16.0
5c20056791305c000171dcd9,20,other,2,66684b1580d4a4d68d9f6d16,1.0,16.0,4480,14.0
5c20056791305c000171dcd9,20,other,3,66fa8891ce6034e440bb5ec8,0.0,16.0,4480,18.0
5c20056791305c000171dcd9,20,other,4,5c51c71e556ac300018be1b7,0.0,16.0,4480,11.0
5c2dae2110677f0001dd1137,2,self,1,5c2dae2110677f0001dd1137,0.0,25.0,4502,26.0
5c2dae2110677f0001dd1137,2,other,2,664003b962a847c71db3ebb0,1.0,9.0,4502,9.0
5c2dae2110677f0001dd1137,2,other,3,62b984dec02e2435d603008b,1.0,12.0,4502,20.0
5c2dae2110677f0001dd1137,2,other,4,6294ea804cdf1298eefa87ac,0.0,17.0,4502,4.0
5c2ebf3e626018000134986f,2,self,1,5c2ebf3e626018000134986f,0.0,4.0,4522,4.0
5c2ebf3e626018000134986f,2,other,2,5d092c1f7dad2200193be669,1.0,24.0,4522,18.0
5c2ebf3e626018000134986f,2,other,3,5e9f6d2a0f600f0dc07ea1f8,1.0,16.0,4522,17.0
5c2ebf3e626018000134986f,2,other,4,6116754fdcf6e3da227e654f,0.0,16.0,4522,10.0
5c2ebf3e626018000134986f,12,self,1,5c2ebf3e626018000134986f,0.0,4.0,4532,4.0
5c2ebf3e626018000134986f,12,other,2,5bbd0782ba8d7d000194dcc4,1.0,16.0,4532,19.0
5c2ebf3e626018000134986f,12,other,3,603ceb8f82d6b0a88e6cb99a,1.0,1.0,4532,3.0
5c2ebf3e626018000134986f,12,other,4,6079fce53f74f77426b40b44,0.0,9.0,4532,7.0
5c43a1f04dc8b90001ce5895,4,self,1,5c43a1f04dc8b90001ce5895,1.0,17.0,4724,16.0
5c43a1f04dc8b90001ce5895,4,other,2,5cf66ed8912f0b0017c50b52,1.0,16.0,4724,8.0
5c43a1f04dc8b90001ce5895,4,other,3,63ebd39a63bb79b50d438ab7,0.0,19.0,4724,17.0
5c43a1f04dc8b90001ce5895,4,other,4,5ee1311e3348314f4f4a8d30,0.0,8.0,4724,8.0
5c57c06ed05b82000139682e,11,self,1,5c57c06ed05b82000139682e,0.0,24.0,4911,28.0
5c57c06ed05b82000139682e,11,other,2,66fcb4019a3324429051348c,1.0,9.0,4911,10.0
5c57c06ed05b82000139682e,11,other,3,654514db35400eff3daddcf5,1.0,16.0,4911,17.0
5c57c06ed05b82000139682e,11,other,4,60febe4bb7d1055665da0413,0.0,23.0,4911,16.0
5c5ca0ce4ee81200018eaf51,20,self,1,5c5ca0ce4ee81200018eaf51,1.0,13.0,4960,16.0
5c5ca0ce4ee81200018eaf51,20,other,2,66703d3e1078fb050306b4bc,1.0,2.0,4960,11.0
5c5ca0ce4ee81200018eaf51,20,other,3,667d506bd3bb37c7d8218a62,0.0,9.0,4960,16.0
5c5ca0ce4ee81200018eaf51,20,other,4,6445b13023ac3b3eb202881f,0.0,12.0,4960,12.0
5c61dc8d24035400014b63da,1,self,1,5c61dc8d24035400014b63da,0.0,19.0,5021,18.0
5c61dc8d24035400014b63da,1,other,2,5b0b08941e55760001b94b98,1.0,11.0,5021,11.0
5c61dc8d24035400014b63da,1,other,3,5ed929186e439f4729693f32,1.0,8.0,5021,9.0
5c61dc8d24035400014b63da,1,other,4,67ae22e234039c88a4aaac98,0.0,6.0,5021,4.0
5c651332bcb1b40001864762,14,self,1,5c651332bcb1b40001864762,0.0,24.0,5074,18.0
5c651332bcb1b40001864762,14,other,2,5ba641d1168e5e0001e4275d,1.0,20.0,5074,19.0
5c651332bcb1b40001864762,14,other,3,640349ae900739316aca0f9f,1.0,8.0,5074,9.0
5c651332bcb1b40001864762,14,other,4,5bd283469afb5b00015bdd5a,0.0,16.0,5074,15.0
5c7bc3f0ca5d980001408e36,2,self,1,5c7bc3f0ca5d980001408e36,0.0,0.0,5182,8.0
5c7bc3f0ca5d980001408e36,2,other,2,603f82cb2fafec01e1d6470a,1.0,16.0,5182,11.0
5c7bc3f0ca5d980001408e36,2,other,3,5d40959e4db54a0016fecb7b,1.0,24.0,5182,20.0
5c7bc3f0ca5d980001408e36,2,other,4,672a6f5fc7bda7ce7ce814a7,0.0,30.0,5182,16.0
5c7bc3f0ca5d980001408e36,11,self,1,5c7bc3f0ca5d980001408e36,0.0,0.0,5191,8.0
5c7bc3f0ca5d980001408e36,11,other,2,67cadeb08bf55a9b89a9f487,1.0,18.0,5191,16.0
5c7bc3f0ca5d980001408e36,11,other,3,63d8c92d2f5a27eb3c7edb89,1.0,19.0,5191,16.0
5c7bc3f0ca5d980001408e36,11,other,4,643fd27bdf8bbe600ff7fcc3,0.0,15.0,5191,16.0
5c7c1f95e926fc00160b4b45,8,self,1,5c7c1f95e926fc00160b4b45,1.0,19.0,5208,18.0
5c7c1f95e926fc00160b4b45,8,other,2,66c09873c30bdebfa67284d8,1.0,10.0,5208,16.0
5c7c1f95e926fc00160b4b45,8,other,3,628f827eeb876ed2617881e7,0.0,19.0,5208,18.0
5c7c1f95e926fc00160b4b45,8,other,4,671d5f4c6dae15f98003d7b2,0.0,10.0,5208,16.0
5c7c1f95e926fc00160b4b45,13,self,1,5c7c1f95e926fc00160b4b45,1.0,19.0,5213,18.0
5c7c1f95e926fc00160b4b45,13,other,2,562a2eaac8ffc20012514145,1.0,22.0,5213,17.0
5c7c1f95e926fc00160b4b45,13,other,3,59fd4a71f5b5a3000139379c,0.0,20.0,5213,16.0
5c7c1f95e926fc00160b4b45,13,other,4,6726d16c98d4b6498e4f2a69,0.0,3.0,5213,16.0
5c8651b69a306000016f7c35,6,self,1,5c8651b69a306000016f7c35,0.0,15.0,5226,11.0
5c8651b69a306000016f7c35,6,other,2,668dc78c1b388adf48d7f329,1.0,6.0,5226,5.0
5c8651b69a306000016f7c35,6,other,3,67ccf5aaec16501a9fec7097,1.0,11.0,5226,10.0
5c8651b69a306000016f7c35,6,other,4,5797564b70c76a0001245734,0.0,13.0,5226,18.0
5c8651b69a306000016f7c35,18,self,1,5c8651b69a306000016f7c35,0.0,15.0,5238,11.0
5c8651b69a306000016f7c35,18,other,2,5d092c1f7dad2200193be669,1.0,24.0,5238,18.0
5c8651b69a306000016f7c35,18,other,3,67fab05a945608890ebd90cb,1.0,13.0,5238,14.0
5c8651b69a306000016f7c35,18,other,4,66798512ca5cefed438180bc,0.0,13.0,5238,18.0
5c8651b69a306000016f7c35,20,self,1,5c8651b69a306000016f7c35,0.0,15.0,5240,11.0
5c8651b69a306000016f7c35,20,other,2,66a426bcd6c66d59e395617b,1.0,11.0,5240,18.0
5c8651b69a306000016f7c35,20,other,3,613b007b4e9cc4ef5a63f334,1.0,10.0,5240,19.0
5c8651b69a306000016f7c35,20,other,4,66e20380324d7bf552a749b9,0.0,13.0,5240,8.0
5c8d4db8c6eef00001bd2510,8,self,1,5c8d4db8c6eef00001bd2510,1.0,14.0,5268,9.0
5c8d4db8c6eef00001bd2510,8,other,2,66f87d84fcfe786a13ff1edb,1.0,17.0,5268,10.0
5c8d4db8c6eef00001bd2510,8,other,3,5f8de19aaf4fc8163abd08f9,0.0,5.0,5268,5.0
5c8d4db8c6eef00001bd2510,8,other,4,5aad21134ea21d000101bbff,0.0,8.0,5268,9.0
5c8e05e7aa473f00015e5fe7,9,self,1,5c8e05e7aa473f00015e5fe7,0.0,21.0,5289,11.0
5c8e05e7aa473f00015e5fe7,9,other,2,673bdc54bee6e22ce93d7e9f,1.0,8.0,5289,8.0
5c8e05e7aa473f00015e5fe7,9,other,3,63a3375101319bb7cb39f654,1.0,13.0,5289,10.0
5c8e05e7aa473f00015e5fe7,9,other,4,5797564b70c76a0001245734,0.0,13.0,5289,18.0
5c8e05e7aa473f00015e5fe7,13,self,1,5c8e05e7aa473f00015e5fe7,0.0,21.0,5293,11.0
5c8e05e7aa473f00015e5fe7,13,other,2,66117731dd2d071debd435a4,1.0,9.0,5293,11.0
5c8e05e7aa473f00015e5fe7,13,other,3,63e55f03b3c1f7481cec6eb9,1.0,17.0,5293,10.0
5c8e05e7aa473f00015e5fe7,13,other,4,6772e0f1846cebdd54673b53,0.0,9.0,5293,8.0
5c8e05e7aa473f00015e5fe7,15,self,1,5c8e05e7aa473f00015e5fe7,0.0,21.0,5295,11.0
5c8e05e7aa473f00015e5fe7,15,other,2,5c40134b1580e900012320ab,1.0,16.0,5295,19.0
5c8e05e7aa473f00015e5fe7,15,other,3,66572ce80b83b5ae5cb07a0c,1.0,12.0,5295,11.0
5c8e05e7aa473f00015e5fe7,15,other,4,5b098ce4e80ba400017f75de,0.0,9.0,5295,17.0
5c9f4ad2bbce4600016f3771,2,self,1,5c9f4ad2bbce4600016f3771,0.0,17.0,5402,25.0
5c9f4ad2bbce4600016f3771,2,other,2,669028d1990801c6ac1ce54c,1.0,12.0,5402,9.0
5c9f4ad2bbce4600016f3771,2,other,3,5e13ad514c81b2a01ae4aa9f,1.0,16.0,5402,6.0
5c9f4ad2bbce4600016f3771,2,other,4,66a6563f5b48ef9ac1d41881,0.0,0.0,5402,5.0
5ca102f57114700016da340d,20,self,1,5ca102f57114700016da340d,0.0,2.0,5440,5.0
5ca102f57114700016da340d,20,other,2,63dbddb434d075a0bff1dbc7,1.0,17.0,5440,16.0
5ca102f57114700016da340d,20,other,3,654514db35400eff3daddcf5,1.0,16.0,5440,17.0
5ca102f57114700016da340d,20,other,4,6672d841976c5e0961cc8883,0.0,20.0,5440,29.0
5cca199061e0b90017809cb7,10,self,1,5cca199061e0b90017809cb7,0.0,21.0,5570,16.0
5cca199061e0b90017809cb7,10,other,2,60fce0bedbae8b8996c93203,1.0,10.0,5570,20.0
5cca199061e0b90017809cb7,10,other,3,62a3be0d93b8dd1e69b4317d,1.0,8.0,5570,5.0
5cca199061e0b90017809cb7,10,other,4,66f1d62ce54efcda7566bed3,0.0,12.0,5570,9.0
5cca199061e0b90017809cb7,12,self,1,5cca199061e0b90017809cb7,0.0,21.0,5572,16.0
5cca199061e0b90017809cb7,12,other,2,59789a60bf453d00010a94c7,1.0,8.0,5572,9.0
5cca199061e0b90017809cb7,12,other,3,652942ba7a6bc3c9f6aa792d,1.0,6.0,5572,1.0
5cca199061e0b90017809cb7,12,other,4,6538fe8110063843a9f5c2b6,0.0,3.0,5572,3.0
5cca199061e0b90017809cb7,13,self,1,5cca199061e0b90017809cb7,0.0,21.0,5573,16.0
5cca199061e0b90017809cb7,13,other,2,6631d770e613584c0d5cfdba,1.0,10.0,5573,14.0
5cca199061e0b90017809cb7,13,other,3,5e62dfa2819b9d079c91b6d2,1.0,5.0,5573,17.0
5cca199061e0b90017809cb7,13,other,4,63d79c177448168e7afd6930,0.0,14.0,5573,17.0
5cca199061e0b90017809cb7,14,self,1,5cca199061e0b90017809cb7,0.0,21.0,5574,16.0
5cca199061e0b90017809cb7,14,other,2,6544b6b0048c6646e5bf4db8,1.0,13.0,5574,5.0
5cca199061e0b90017809cb7,14,other,3,5967e9a831394d0001abdb3f,1.0,17.0,5574,16.0
5cca199061e0b90017809cb7,14,other,4,6619cb1e30cb95691a6dd425,0.0,5.0,5574,16.0
5cd1a622fa7c8b0001a48044,20,self,1,5cd1a622fa7c8b0001a48044,0.0,16.0,5620,18.0
5cd1a622fa7c8b0001a48044,20,other,2,59f8a0bbf4217300016cc405,1.0,18.0,5620,19.0
5cd1a622fa7c8b0001a48044,20,other,3,663401ce98e411fda23aede9,1.0,8.0,5620,9.0
5cd1a622fa7c8b0001a48044,20,other,4,5eed39d96b25b8147870a324,0.0,8.0,5620,20.0
5ce83f6ffdd26c00193b9611,5,self,1,5ce83f6ffdd26c00193b9611,0.0,21.0,5665,26.0
5ce83f6ffdd26c00193b9611,5,other,2,6277dd39dea28b8907aeef70,1.0,16.0,5665,20.0
5ce83f6ffdd26c00193b9611,5,other,3,5f7dee73bc8c8b044cc73e18,1.0,18.0,5665,19.0
5ce83f6ffdd26c00193b9611,5,other,4,60151380a2273d594f63aae3,0.0,16.0,5665,13.0
5ce83f6ffdd26c00193b9611,6,self,1,5ce83f6ffdd26c00193b9611,0.0,21.0,5666,26.0
5ce83f6ffdd26c00193b9611,6,other,2,5fd0261b85dd3e087609bee6,1.0,17.0,5666,16.0
5ce83f6ffdd26c00193b9611,6,other,3,608349d97d46ab71fc6c7111,1.0,10.0,5666,8.0
5ce83f6ffdd26c00193b9611,6,other,4,5c51c71e556ac300018be1b7,0.0,16.0,5666,11.0
5ce83f6ffdd26c00193b9611,12,self,1,5ce83f6ffdd26c00193b9611,0.0,21.0,5672,26.0
5ce83f6ffdd26c00193b9611,12,other,2,5f273a1646f68e514633ee27,1.0,16.0,5672,17.0
5ce83f6ffdd26c00193b9611,12,other,3,62b1ca10f34adfd4c7a2449f,1.0,3.0,5672,10.0
5ce83f6ffdd26c00193b9611,12,other,4,62fccb9647eb07d62e9b6baa,0.0,8.0,5672,8.0
5cf3ce21392ca30016117ebb,8,self,1,5cf3ce21392ca30016117ebb,1.0,1.0,5728,1.0
5cf3ce21392ca30016117ebb,8,other,2,5e695632d40a492070942196,1.0,2.0,5728,8.0
5cf3ce21392ca30016117ebb,8,other,3,655b6a0d11066d07716ab0b5,0.0,13.0,5728,16.0
5cf3ce21392ca30016117ebb,8,other,4,67e051d5736da524dbe7a0c1,0.0,7.0,5728,12.0
5cf3ce21392ca30016117ebb,9,self,1,5cf3ce21392ca30016117ebb,1.0,1.0,5729,1.0
5cf3ce21392ca30016117ebb,9,other,2,663cd0ab9a13d177b358f8f1,1.0,10.0,5729,12.0
5cf3ce21392ca30016117ebb,9,other,3,634d7250a9dbe47b2b1d110f,0.0,19.0,5729,18.0
5cf3ce21392ca30016117ebb,9,other,4,5ec79cbd44972a1fceed2719,0.0,15.0,5729,10.0
5cf3ce21392ca30016117ebb,20,self,1,5cf3ce21392ca30016117ebb,1.0,1.0,5740,1.0
5cf3ce21392ca30016117ebb,20,other,2,65c2ae40c10cbd17296e6914,1.0,10.0,5740,11.0
5cf3ce21392ca30016117ebb,20,other,3,5ea0627f31802801d5675c08,0.0,9.0,5740,2.0
5cf3ce21392ca30016117ebb,20,other,4,5c2ebf3e626018000134986f,0.0,4.0,5740,4.0
5cfe7e8bc2acc60001196300,5,self,1,5cfe7e8bc2acc60001196300,1.0,21.0,5765,17.0
5cfe7e8bc2acc60001196300,5,other,2,5b100cb0a3553300017541c8,1.0,8.0,5765,16.0
5cfe7e8bc2acc60001196300,5,other,3,5c345ebad4f77a0001a91ec0,0.0,10.0,5765,19.0
5cfe7e8bc2acc60001196300,5,other,4,5dd2d8126ac608000a330132,0.0,4.0,5765,1.0
5cfebb94eafc4d001a62cbc9,3,self,1,5cfebb94eafc4d001a62cbc9,1.0,19.0,5783,20.0
5cfebb94eafc4d001a62cbc9,3,other,2,5c8d4db8c6eef00001bd2510,1.0,14.0,5783,9.0
5cfebb94eafc4d001a62cbc9,3,other,3,5f09db2ef3557806b03a9b8b,0.0,12.0,5783,12.0
5cfebb94eafc4d001a62cbc9,3,other,4,62e3f7b224ec70641fd86b7b,0.0,31.0,5783,24.0
5cfebb94eafc4d001a62cbc9,10,self,1,5cfebb94eafc4d001a62cbc9,1.0,19.0,5790,20.0
5cfebb94eafc4d001a62cbc9,10,other,2,5f61371454efa10bdcfc588d,1.0,9.0,5790,16.0
5cfebb94eafc4d001a62cbc9,10,other,3,62b33c9875d3ea1a7812f232,0.0,6.0,5790,2.0
5cfebb94eafc4d001a62cbc9,10,other,4,5fd67cce91f9895969c0edee,0.0,18.0,5790,24.0
5cfebb94eafc4d001a62cbc9,18,self,1,5cfebb94eafc4d001a62cbc9,1.0,19.0,5798,20.0
5cfebb94eafc4d001a62cbc9,18,other,2,66479cbe39361370f0d85484,1.0,16.0,5798,16.0
5cfebb94eafc4d001a62cbc9,18,other,3,59e481a5e75b450001a690f9,0.0,16.0,5798,9.0
5cfebb94eafc4d001a62cbc9,18,other,4,5e1f2837d95637258ebc9ace,0.0,4.0,5798,9.0
5d092c1f7dad2200193be669,11,self,1,5d092c1f7dad2200193be669,1.0,24.0,5851,18.0
5d092c1f7dad2200193be669,11,other,2,613b007b4e9cc4ef5a63f334,1.0,10.0,5851,19.0
5d092c1f7dad2200193be669,11,other,3,5abf3b30a3ba7a0001b46efa,0.0,17.0,5851,4.0
5d092c1f7dad2200193be669,11,other,4,5e1b2b3e4a955b350b1e0a63,0.0,11.0,5851,16.0
5d092c1f7dad2200193be669,15,self,1,5d092c1f7dad2200193be669,1.0,24.0,5855,18.0
5d092c1f7dad2200193be669,15,other,2,5dbecb5e30c4d737494efe10,1.0,9.0,5855,12.0
5d092c1f7dad2200193be669,15,other,3,5da9a1659413e4001505d7f7,0.0,1.0,5855,9.0
5d092c1f7dad2200193be669,15,other,4,666355b585eb54794eb9f6c5,0.0,15.0,5855,17.0
5d0f9b5a905351000124f56c,10,self,1,5d0f9b5a905351000124f56c,1.0,25.0,5890,28.0
5d0f9b5a905351000124f56c,10,other,2,65c2ae40c10cbd17296e6914,1.0,10.0,5890,11.0
5d0f9b5a905351000124f56c,10,other,3,63d6f725f81a32a4bbce7c89,0.0,18.0,5890,17.0
5d0f9b5a905351000124f56c,10,other,4,68138b62cc045bd133cfcf6b,0.0,9.0,5890,4.0
5d0f9b5a905351000124f56c,12,self,1,5d0f9b5a905351000124f56c,1.0,25.0,5892,28.0
5d0f9b5a905351000124f56c,12,other,2,66058651f9c5fb6a8dba7633,1.0,9.0,5892,16.0
5d0f9b5a905351000124f56c,12,other,3,60e569c7dcbffadf24aa1ad0,0.0,18.0,5892,18.0
5d0f9b5a905351000124f56c,12,other,4,66b732e2824f3862c1739187,0.0,11.0,5892,9.0
5d13d6a2d4888600182efdd6,3,self,1,5d13d6a2d4888600182efdd6,0.0,13.0,5903,16.0
5d13d6a2d4888600182efdd6,3,other,2,6762e3d80af1b3f2a2c3895a,1.0,9.0,5903,17.0
5d13d6a2d4888600182efdd6,3,other,3,5c5cad876d0fe50001f0390c,1.0,18.0,5903,26.0
5d13d6a2d4888600182efdd6,3,other,4,63e81d80c54091b652b1b8e7,0.0,18.0,5903,17.0
5d13d6a2d4888600182efdd6,12,self,1,5d13d6a2d4888600182efdd6,0.0,13.0,5912,16.0
5d13d6a2d4888600182efdd6,12,other,2,5ed68c770e41400dd0056c55,1.0,17.0,5912,17.0
5d13d6a2d4888600182efdd6,12,other,3,664dc01c088c4acb7473a6e5,1.0,4.0,5912,16.0
5d13d6a2d4888600182efdd6,12,other,4,66dcc0e54f44ccecf2730c76,0.0,16.0,5912,11.0
5d13d6a2d4888600182efdd6,15,self,1,5d13d6a2d4888600182efdd6,0.0,13.0,5915,16.0
5d13d6a2d4888600182efdd6,15,other,2,5e0571b7e297d5fa932cf415,1.0,17.0,5915,13.0
5d13d6a2d4888600182efdd6,15,other,3,612f4efe7a2e36e60e3254a7,1.0,18.0,5915,16.0
5d13d6a2d4888600182efdd6,15,other,4,5e53eb33ef87a902f39b1b77,0.0,34.0,5915,24.0
5d150669b296b500187df8f9,1,self,1,5d150669b296b500187df8f9,1.0,23.0,5921,24.0
5d150669b296b500187df8f9,1,other,2,66a9843c53827f826e9738ed,1.0,1.0,5921,9.0
5d150669b296b500187df8f9,1,other,3,63ffcb367b500c516d0648a2,0.0,0.0,5921,10.0
5d150669b296b500187df8f9,1,other,4,64275e53f51a5ed4f6b7d019,0.0,18.0,5921,19.0
5d150669b296b500187df8f9,6,self,1,5d150669b296b500187df8f9,1.0,23.0,5926,24.0
5d150669b296b500187df8f9,6,other,2,5eea9efc609f0d1ad38199bd,1.0,9.0,5926,10.0
5d150669b296b500187df8f9,6,other,3,60ebe66b7b32aea5c8a892df,0.0,13.0,5926,9.0
5d150669b296b500187df8f9,6,other,4,66475899abb5d338e3f2ba4f,0.0,9.0,5926,13.0
5d150669b296b500187df8f9,8,self,1,5d150669b296b500187df8f9,1.0,23.0,5928,24.0
5d150669b296b500187df8f9,8,other,2,5f5d6b0def06255d5119a9ba,1.0,10.0,5928,8.0
5d150669b296b500187df8f9,8,other,3,5c608e91001e34000145185a,0.0,18.0,5928,18.0
5d150669b296b500187df8f9,8,other,4,6658d40b7c86929c183cea9b,0.0,16.0,5928,13.0
5d150669b296b500187df8f9,9,self,1,5d150669b296b500187df8f9,1.0,23.0,5929,24.0
5d150669b296b500187df8f9,9,other,2,5c5ff87f8c0552000109d7de,1.0,14.0,5929,17.0
5d150669b296b500187df8f9,9,other,3,67aba3ae1192aa61b99fe6c7,0.0,10.0,5929,10.0
5d150669b296b500187df8f9,9,other,4,67ddcc6cfc53ee0415e0db0e,0.0,4.0,5929,9.0
5d150669b296b500187df8f9,11,self,1,5d150669b296b500187df8f9,1.0,23.0,5931,24.0
5d150669b296b500187df8f9,11,other,2,5dcfa99efd5b280bce1b835d,1.0,2.0,5931,9.0
5d150669b296b500187df8f9,11,other,3,5fbf90f025a567296d943c7e,0.0,17.0,5931,12.0
5d150669b296b500187df8f9,11,other,4,66789a1e138a59bb4ad16fa5,0.0,18.0,5931,17.0
5d150669b296b500187df8f9,20,self,1,5d150669b296b500187df8f9,1.0,23.0,5940,24.0
5d150669b296b500187df8f9,20,other,2,65b902363d7d5bf26cb8c876,1.0,25.0,5940,18.0
5d150669b296b500187df8f9,20,other,3,651eea44194fa8c200606af7,0.0,17.0,5940,18.0
5d150669b296b500187df8f9,20,other,4,5f3bc91327d97393a0c56178,0.0,5.0,5940,16.0
5d192384c1e685001a907257,18,self,1,5d192384c1e685001a907257,1.0,10.0,5958,17.0
5d192384c1e685001a907257,18,other,2,67099bcb59199185f719e426,1.0,20.0,5958,23.0
5d192384c1e685001a907257,18,other,3,5dee11c6d35cc34acae7c301,0.0,8.0,5958,13.0
5d192384c1e685001a907257,18,other,4,653703627539f3a8b2ed4af3,0.0,25.0,5958,22.0
5d24e4ba5018e900158d31f1,10,self,1,5d24e4ba5018e900158d31f1,0.0,28.0,5970,21.0
5d24e4ba5018e900158d31f1,10,other,2,5c5ca0ce4ee81200018eaf51,1.0,13.0,5970,16.0
5d24e4ba5018e900158d31f1,10,other,3,5b757a03976ecb0001b1168f,1.0,8.0,5970,9.0
5d24e4ba5018e900158d31f1,10,other,4,65429041aa9bde9216c53dc2,0.0,4.0,5970,4.0
5d24e4ba5018e900158d31f1,16,self,1,5d24e4ba5018e900158d31f1,0.0,28.0,5976,21.0
5d24e4ba5018e900158d31f1,16,other,2,63a77363dd6fabebef211019,1.0,3.0,5976,4.0
5d24e4ba5018e900158d31f1,16,other,3,67099bcb59199185f719e426,1.0,20.0,5976,23.0
5d24e4ba5018e900158d31f1,16,other,4,66a8f82143da40a6b126975e,0.0,16.0,5976,18.0
5d24e4ba5018e900158d31f1,18,self,1,5d24e4ba5018e900158d31f1,0.0,28.0,5978,21.0
5d24e4ba5018e900158d31f1,18,other,2,66abd7d501b21036f9f9994a,1.0,7.0,5978,8.0
5d24e4ba5018e900158d31f1,18,other,3,5be5c05fd153f500019a2ef2,1.0,14.0,5978,6.0
5d24e4ba5018e900158d31f1,18,other,4,655505e7a601c885f69e29c2,0.0,18.0,5978,17.0
5d24e4ba5018e900158d31f1,20,self,1,5d24e4ba5018e900158d31f1,0.0,28.0,5980,21.0
5d24e4ba5018e900158d31f1,20,other,2,5acc6abbfa3b4e000173c8b5,1.0,22.0,5980,16.0
5d24e4ba5018e900158d31f1,20,other,3,66eb5adf63cae551875a7667,1.0,3.0,5980,1.0
5d24e4ba5018e900158d31f1,20,other,4,66369eca2e8f469b0d247ad8,0.0,16.0,5980,22.0
5d2e3cdf6835130001aa16f0,15,self,1,5d2e3cdf6835130001aa16f0,1.0,7.0,6035,9.0
5d2e3cdf6835130001aa16f0,15,other,2,6723bebed3cb23087bebc5bd,1.0,11.0,6035,11.0
5d2e3cdf6835130001aa16f0,15,other,3,5cca199061e0b90017809cb7,0.0,21.0,6035,16.0
5d2e3cdf6835130001aa16f0,15,other,4,6346c87f6c3fc6c26d3bd2a9,0.0,8.0,6035,14.0
5d2e3cdf6835130001aa16f0,19,self,1,5d2e3cdf6835130001aa16f0,1.0,7.0,6039,9.0
5d2e3cdf6835130001aa16f0,19,other,2,5d150669b296b500187df8f9,1.0,23.0,6039,24.0
5d2e3cdf6835130001aa16f0,19,other,3,62c08fa6cab36e3a08790b49,0.0,11.0,6039,8.0
5d2e3cdf6835130001aa16f0,19,other,4,5e9f383061281c0c4c598dc9,0.0,16.0,6039,18.0
5d30790f326b0f0017a2a828,10,self,1,5d30790f326b0f0017a2a828,0.0,9.0,6050,18.0
5d30790f326b0f0017a2a828,10,other,2,56bd7bf3d4e2180005a86846,1.0,10.0,6050,17.0
5d30790f326b0f0017a2a828,10,other,3,66927c8697feb698d0b600d1,1.0,16.0,6050,15.0
5d30790f326b0f0017a2a828,10,other,4,63d79f49175ff7b8a55787b7,0.0,17.0,6050,20.0
5d329756062745001921494a,3,self,1,5d329756062745001921494a,1.0,5.0,6083,2.0
5d329756062745001921494a,3,other,2,5cedaba627d8ce00018469bb,1.0,12.0,6083,18.0
5d329756062745001921494a,3,other,3,62b83b38b58d74dd0efa46c5,0.0,25.0,6083,25.0
5d329756062745001921494a,3,other,4,6751389a1e96f3f33e76809b,0.0,16.0,6083,18.0
5d329756062745001921494a,11,self,1,5d329756062745001921494a,1.0,5.0,6091,2.0
5d329756062745001921494a,11,other,2,66abc79f0812c1f89a25adfb,1.0,17.0,6091,14.0
5d329756062745001921494a,11,other,3,68138b62cc045bd133cfcf6b,0.0,9.0,6091,4.0
5d329756062745001921494a,11,other,4,5fd67cce91f9895969c0edee,0.0,18.0,6091,24.0
5d34862748bf98000146b64f,2,self,1,5d34862748bf98000146b64f,0.0,18.0,6142,19.0
5d34862748bf98000146b64f,2,other,2,5d2e3cdf6835130001aa16f0,1.0,7.0,6142,9.0
5d34862748bf98000146b64f,2,other,3,67c9debfa21709544f941ce0,1.0,11.0,6142,10.0
5d34862748bf98000146b64f,2,other,4,64623fb9c31bd4da22cb60fd,0.0,13.0,6142,20.0
5d3df3d633b894001a2596a3,2,self,1,5d3df3d633b894001a2596a3,0.0,3.0,6202,9.0
5d3df3d633b894001a2596a3,2,other,2,66d395c19ecb2d5c8acc6680,1.0,6.0,6202,5.0
5d3df3d633b894001a2596a3,2,other,3,56cf595331a5bc000be1c8c9,1.0,16.0,6202,8.0
5d3df3d633b894001a2596a3,2,other,4,672c99775b51436252e1b231,0.0,9.0,6202,6.0
5d40959e4db54a0016fecb7b,2,self,1,5d40959e4db54a0016fecb7b,1.0,24.0,6242,20.0
5d40959e4db54a0016fecb7b,2,other,2,62e02a2a855dd1f36566ea7a,1.0,16.0,6242,19.0
5d40959e4db54a0016fecb7b,2,other,3,647d380660e059e1612303e8,0.0,17.0,6242,15.0
5d40959e4db54a0016fecb7b,2,other,4,66fde30b007e7c1b3f94c591,0.0,11.0,6242,13.0
5d47901043518d0017bf3c04,12,self,1,5d47901043518d0017bf3c04,1.0,9.0,6312,8.0
5d47901043518d0017bf3c04,12,other,2,66042d8fc8f0421abb8ecf06,1.0,9.0,6312,4.0
5d47901043518d0017bf3c04,12,other,3,65b537602cf1fbd4f77c7909,0.0,9.0,6312,22.0
5d47901043518d0017bf3c04,12,other,4,5c9e119a881e9800147050da,0.0,24.0,6312,19.0
5d53ddf96937fb000171d892,6,self,1,5d53ddf96937fb000171d892,0.0,5.0,6426,10.0
5d53ddf96937fb000171d892,6,other,2,5b7535d184850400011a07b8,1.0,1.0,6426,8.0
5d53ddf96937fb000171d892,6,other,3,5922fd354d88c800013cb29b,1.0,3.0,6426,12.0
5d53ddf96937fb000171d892,6,other,4,629f2dccc6e91be06559e2f1,0.0,12.0,6426,16.0
5d5bbd713348d20019c7e832,8,self,1,5d5bbd713348d20019c7e832,0.0,20.0,6468,27.0
5d5bbd713348d20019c7e832,8,other,2,568e7e33e3ef9e000da202a7,1.0,8.0,6468,10.0
5d5bbd713348d20019c7e832,8,other,3,5efcf3be07207311b09d14ab,1.0,11.0,6468,16.0
5d5bbd713348d20019c7e832,8,other,4,59ef022eae9f950001d84a43,0.0,13.0,6468,11.0
5d5d65f84bd7800017a4f90e,18,self,1,5d5d65f84bd7800017a4f90e,0.0,24.0,6498,25.0
5d5d65f84bd7800017a4f90e,18,other,2,681269c2ef9ca43142682cf6,1.0,8.0,6498,11.0
5d5d65f84bd7800017a4f90e,18,other,3,6751acc5dc78128951a34f1f,1.0,16.0,6498,9.0
5d5d65f84bd7800017a4f90e,18,other,4,622a11c552b2b35bab72a39c,0.0,4.0,6498,8.0
5d63c128888f91000176ecbc,9,self,1,5d63c128888f91000176ecbc,0.0,10.0,6549,9.0
5d63c128888f91000176ecbc,9,other,2,5c43a1f04dc8b90001ce5895,1.0,17.0,6549,16.0
5d63c128888f91000176ecbc,9,other,3,680c0636408121caf12fe0d1,1.0,2.0,6549,3.0
5d63c128888f91000176ecbc,9,other,4,5d30790f326b0f0017a2a828,0.0,9.0,6549,18.0
5d63c128888f91000176ecbc,11,self,1,5d63c128888f91000176ecbc,0.0,10.0,6551,9.0
5d63c128888f91000176ecbc,11,other,2,5ea196f089935b04d2ee69d9,1.0,4.0,6551,8.0
5d63c128888f91000176ecbc,11,other,3,5d2e3cdf6835130001aa16f0,1.0,7.0,6551,9.0
5d63c128888f91000176ecbc,11,other,4,66b50357f28ed24fa377665b,0.0,3.0,6551,3.0
5d67a2bf6cd320001a36cb6b,11,self,1,5d67a2bf6cd320001a36cb6b,0.0,4.0,6591,12.0
5d67a2bf6cd320001a36cb6b,11,other,2,5f0f59f3bc44f50f92845a05,1.0,27.0,6591,25.0
5d67a2bf6cd320001a36cb6b,11,other,3,5e372dfecb3c096c83115563,1.0,9.0,6591,11.0
5d67a2bf6cd320001a36cb6b,11,other,4,66fcc3a673471394133c1d2f,0.0,1.0,6591,2.0
5d75674dc410fd000166d2f0,6,self,1,5d75674dc410fd000166d2f0,0.0,1.0,6626,10.0
5d75674dc410fd000166d2f0,6,other,2,66903bb5296cadf03b1a6d6e,1.0,9.0,6626,5.0
5d75674dc410fd000166d2f0,6,other,3,5e3d33b27525e7117bd31778,1.0,10.0,6626,16.0
5d75674dc410fd000166d2f0,6,other,4,601fd27860b197531ca7bdcc,0.0,13.0,6626,13.0
5d75674dc410fd000166d2f0,11,self,1,5d75674dc410fd000166d2f0,0.0,1.0,6631,10.0
5d75674dc410fd000166d2f0,11,other,2,673b7de4a2e905d7e456db70,1.0,11.0,6631,9.0
5d75674dc410fd000166d2f0,11,other,3,661d4230dd564f5f2a226612,1.0,10.0,6631,16.0
5d75674dc410fd000166d2f0,11,other,4,673a5584f867e07b649219c7,0.0,3.0,6631,5.0
5d75674dc410fd000166d2f0,16,self,1,5d75674dc410fd000166d2f0,0.0,1.0,6636,10.0
5d75674dc410fd000166d2f0,16,other,2,656d24ca2d90244628b2960e,1.0,20.0,6636,17.0
5d75674dc410fd000166d2f0,16,other,3,667ae31217cd77ff1091dcab,1.0,8.0,6636,10.0
5d75674dc410fd000166d2f0,16,other,4,63052f20afc39e87110eb83e,0.0,11.0,6636,14.0
5d7a1fce27fb8a000196993e,12,self,1,5d7a1fce27fb8a000196993e,0.0,13.0,6672,12.0
5d7a1fce27fb8a000196993e,12,other,2,613a32539be30e10dca2c288,1.0,18.0,6672,16.0
5d7a1fce27fb8a000196993e,12,other,3,62d133496cf7f774b8bf98a0,1.0,5.0,6672,5.0
5d7a1fce27fb8a000196993e,12,other,4,63d79f49175ff7b8a55787b7,0.0,17.0,6672,20.0
5d7a1fce27fb8a000196993e,17,self,1,5d7a1fce27fb8a000196993e,0.0,13.0,6677,12.0
5d7a1fce27fb8a000196993e,17,other,2,67cf0c70aa43b13b6168ecbf,1.0,12.0,6677,12.0
5d7a1fce27fb8a000196993e,17,other,3,65fc9f54bf0a6174674f0851,1.0,8.0,6677,8.0
5d7a1fce27fb8a000196993e,17,other,4,5ee22888962eba660d273581,0.0,14.0,6677,11.0
5d7fd2a5987f70001602d95b,6,self,1,5d7fd2a5987f70001602d95b,1.0,18.0,6706,17.0
5d7fd2a5987f70001602d95b,6,other,2,66ca2d90ab22cf378a032c83,1.0,8.0,6706,11.0
5d7fd2a5987f70001602d95b,6,other,3,65e5d4a89070326bc76fae1a,0.0,16.0,6706,14.0
5d7fd2a5987f70001602d95b,6,other,4,60d991b9d1168504ac7b5136,0.0,8.0,6706,26.0
5d7fd2a5987f70001602d95b,13,self,1,5d7fd2a5987f70001602d95b,1.0,18.0,6713,17.0
5d7fd2a5987f70001602d95b,13,other,2,65bfa2967c731d263eb29732,1.0,15.0,6713,22.0
5d7fd2a5987f70001602d95b,13,other,3,6530316e660f5b8d9c11c00e,0.0,16.0,6713,24.0
5d7fd2a5987f70001602d95b,13,other,4,66d7fe7977b451b0107e054b,0.0,6.0,6713,13.0
5d7fea714477a000012cc297,7,self,1,5d7fea714477a000012cc297,1.0,4.0,6727,11.0
5d7fea714477a000012cc297,7,other,2,5e421b4bc503670be09335c7,1.0,12.0,6727,17.0
5d7fea714477a000012cc297,7,other,3,68235b144fe81cbe2c4a41a2,0.0,20.0,6727,17.0
5d7fea714477a000012cc297,7,other,4,637f89ffcbf20bd680c0d79e,0.0,19.0,6727,19.0
5d7fea714477a000012cc297,18,self,1,5d7fea714477a000012cc297,1.0,4.0,6738,11.0
5d7fea714477a000012cc297,18,other,2,5b757a03976ecb0001b1168f,1.0,8.0,6738,9.0
5d7fea714477a000012cc297,18,other,3,66e8073478375ba1494b2d20,0.0,13.0,6738,12.0
5d7fea714477a000012cc297,18,other,4,6751389a1e96f3f33e76809b,0.0,16.0,6738,18.0
5d953b22b7555900159f2913,14,self,1,5d953b22b7555900159f2913,0.0,12.0,6794,19.0
5d953b22b7555900159f2913,14,other,2,655fa05b1303f59972ea6555,1.0,17.0,6794,17.0
5d953b22b7555900159f2913,14,other,3,66747a68ffbb5cc37d6d2773,1.0,14.0,6794,16.0
5d953b22b7555900159f2913,14,other,4,66c0d9ef3c9b1d596446f813,0.0,19.0,6794,18.0
5da9a1659413e4001505d7f7,5,self,1,5da9a1659413e4001505d7f7,0.0,1.0,6985,9.0
5da9a1659413e4001505d7f7,5,other,2,577e1f75160201000103d95a,1.0,11.0,6985,16.0
5da9a1659413e4001505d7f7,5,other,3,5c0558b8553fb80001191980,1.0,11.0,6985,2.0
5da9a1659413e4001505d7f7,5,other,4,62e4fb6ad37e7941bc6dda4f,0.0,13.0,6985,16.0
5da9a1659413e4001505d7f7,10,self,1,5da9a1659413e4001505d7f7,0.0,1.0,6990,9.0
5da9a1659413e4001505d7f7,10,other,2,66ea8a49fe8d363b3ab1c952,1.0,9.0,6990,9.0
5da9a1659413e4001505d7f7,10,other,3,5dc6d78cac77c74d18692044,1.0,13.0,6990,7.0
5da9a1659413e4001505d7f7,10,other,4,5abf3b30a3ba7a0001b46efa,0.0,17.0,6990,4.0
5da9a1659413e4001505d7f7,19,self,1,5da9a1659413e4001505d7f7,0.0,1.0,6999,9.0
5da9a1659413e4001505d7f7,19,other,2,5ea015577dd57200089eb811,1.0,4.0,6999,4.0
5da9a1659413e4001505d7f7,19,other,3,664d2e40c74692f394c62ba5,1.0,9.0,6999,16.0
5da9a1659413e4001505d7f7,19,other,4,65e209621fce0d5fd8b3265f,0.0,17.0,6999,16.0
5dae30fea05d370017a0b47f,3,self,1,5dae30fea05d370017a0b47f,1.0,3.0,7003,8.0
5dae30fea05d370017a0b47f,3,other,2,6785704c3b1ab8813a4958b0,1.0,17.0,7003,16.0
5dae30fea05d370017a0b47f,3,other,3,66a208fff5715f2926f70289,0.0,17.0,7003,17.0
5dae30fea05d370017a0b47f,3,other,4,66bb0ec44b4fa902e18f445c,0.0,24.0,7003,18.0
5dae30fea05d370017a0b47f,20,self,1,5dae30fea05d370017a0b47f,1.0,3.0,7020,8.0
5dae30fea05d370017a0b47f,20,other,2,6137d3b8b1252a85f556d3d8,1.0,19.0,7020,18.0
5dae30fea05d370017a0b47f,20,other,3,610b64dc95ff0ef5b5b9ac6b,0.0,12.0,7020,18.0
5dae30fea05d370017a0b47f,20,other,4,65dfb9ef84f2b03399eecc6c,0.0,20.0,7020,16.0
5dba0ce7001ffa06b367c544,14,self,1,5dba0ce7001ffa06b367c544,1.0,18.0,7054,9.0
5dba0ce7001ffa06b367c544,14,other,2,5aeb5aba7ed5460001572dad,1.0,23.0,7054,22.0
5dba0ce7001ffa06b367c544,14,other,3,66a6563f5b48ef9ac1d41881,0.0,0.0,7054,5.0
5dba0ce7001ffa06b367c544,14,other,4,605731872f40ec675cdf1f0b,0.0,8.0,7054,10.0
5dcdb60be64aaa07c14065cc,10,self,1,5dcdb60be64aaa07c14065cc,1.0,0.0,7230,10.0
5dcdb60be64aaa07c14065cc,10,other,2,678ff750175fa91b6ee9c424,1.0,10.0,7230,13.0
5dcdb60be64aaa07c14065cc,10,other,3,67efe4d2d2018d216ac7ff4f,0.0,2.0,7230,3.0
5dcdb60be64aaa07c14065cc,10,other,4,630b7edba049cf405f50aa89,0.0,14.0,7230,9.0
5dcdb60be64aaa07c14065cc,11,self,1,5dcdb60be64aaa07c14065cc,1.0,0.0,7231,10.0
5dcdb60be64aaa07c14065cc,11,other,2,67e1d85800cb3a05eae74bbf,1.0,10.0,7231,6.0
5dcdb60be64aaa07c14065cc,11,other,3,62fce9a6d7fa7bc8559d6ce1,0.0,12.0,7231,16.0
5dcdb60be64aaa07c14065cc,11,other,4,5fa3f95e37e424055200c834,0.0,9.0,7231,12.0
5dcdb60be64aaa07c14065cc,15,self,1,5dcdb60be64aaa07c14065cc,1.0,0.0,7235,10.0
5dcdb60be64aaa07c14065cc,15,other,2,6156e5a04232a8cff11724d6,1.0,16.0,7235,13.0
5dcdb60be64aaa07c14065cc,15,other,3,62a33f629f9fe91f831c2afc,0.0,16.0,7235,0.0
5dcdb60be64aaa07c14065cc,15,other,4,61517957a9ccf240eb5e5231,0.0,20.0,7235,20.0
5dcdb60be64aaa07c14065cc,16,self,1,5dcdb60be64aaa07c14065cc,1.0,0.0,7236,10.0
5dcdb60be64aaa07c14065cc,16,other,2,62b2510090c080a481c2c8ef,1.0,16.0,7236,14.0
5dcdb60be64aaa07c14065cc,16,other,3,5ae31b59ea9a600001986fac,0.0,9.0,7236,19.0
5dcdb60be64aaa07c14065cc,16,other,4,62b33c9875d3ea1a7812f232,0.0,6.0,7236,2.0
5dcfa99efd5b280bce1b835d,15,self,1,5dcfa99efd5b280bce1b835d,1.0,2.0,7275,9.0
5dcfa99efd5b280bce1b835d,15,other,2,6658b2da7affbe300577b732,1.0,21.0,7275,20.0
5dcfa99efd5b280bce1b835d,15,other,3,661a9d90ad9d4689a46475c0,0.0,16.0,7275,10.0
5dcfa99efd5b280bce1b835d,15,other,4,5f6e76757befe43b22307387,0.0,18.0,7275,22.0
5dd31871c5faa232d3c20365,17,self,1,5dd31871c5faa232d3c20365,0.0,18.0,7317,13.0
5dd31871c5faa232d3c20365,17,other,2,5aeb5aba7ed5460001572dad,1.0,23.0,7317,22.0
5dd31871c5faa232d3c20365,17,other,3,5ea196f089935b04d2ee69d9,1.0,4.0,7317,8.0
5dd31871c5faa232d3c20365,17,other,4,663f6c71063220be73b4ba2f,0.0,18.0,7317,16.0
5ddee2c82e4a05e53854a5d4,9,self,1,5ddee2c82e4a05e53854a5d4,0.0,12.0,7449,16.0
5ddee2c82e4a05e53854a5d4,9,other,2,612f4efe7a2e36e60e3254a7,1.0,18.0,7449,16.0
5ddee2c82e4a05e53854a5d4,9,other,3,6442eafb1f2addb162d50517,1.0,25.0,7449,18.0
5ddee2c82e4a05e53854a5d4,9,other,4,677c358117d1ac70048fd3c6,0.0,11.0,7449,16.0
5df14a70c0b81f06aea3c380,2,self,1,5df14a70c0b81f06aea3c380,0.0,26.0,7582,20.0
5df14a70c0b81f06aea3c380,2,other,2,5fd76b7d246a3705a25c9a94,1.0,10.0,7582,8.0
5df14a70c0b81f06aea3c380,2,other,3,66903bb5296cadf03b1a6d6e,1.0,9.0,7582,5.0
5df14a70c0b81f06aea3c380,2,other,4,6633ee8ca35ae4b909110ee3,0.0,12.0,7582,11.0
5df14a70c0b81f06aea3c380,10,self,1,5df14a70c0b81f06aea3c380,0.0,26.0,7590,20.0
5df14a70c0b81f06aea3c380,10,other,2,673f6ffebce20832346325de,1.0,10.0,7590,12.0
5df14a70c0b81f06aea3c380,10,other,3,65ea41d8c31c744b580de3ee,1.0,13.0,7590,20.0
5df14a70c0b81f06aea3c380,10,other,4,653bee4e20de33bbd08c46c5,0.0,14.0,7590,16.0
5df14a70c0b81f06aea3c380,16,self,1,5df14a70c0b81f06aea3c380,0.0,26.0,7596,20.0
5df14a70c0b81f06aea3c380,16,other,2,67246794a85893f571f01fcc,1.0,0.0,7596,3.0
5df14a70c0b81f06aea3c380,16,other,3,6751acc5dc78128951a34f1f,1.0,16.0,7596,9.0
5df14a70c0b81f06aea3c380,16,other,4,632b3639f61612815d100608,0.0,2.0,7596,10.0
5e0571b7e297d5fa932cf415,8,self,1,5e0571b7e297d5fa932cf415,1.0,17.0,7608,13.0
5e0571b7e297d5fa932cf415,8,other,2,6658d66a5e45cac0aaeb54de,1.0,8.0,7608,6.0
5e0571b7e297d5fa932cf415,8,other,3,5d13d6a2d4888600182efdd6,0.0,13.0,7608,16.0
5e0571b7e297d5fa932cf415,8,other,4,64416693b9184dbb9b169324,0.0,11.0,7608,11.0
5e0a8de6b6385332d7cae588,6,self,1,5e0a8de6b6385332d7cae588,0.0,11.0,7646,17.0
5e0a8de6b6385332d7cae588,6,other,2,563fc664074be600055e9677,1.0,11.0,7646,0.0
5e0a8de6b6385332d7cae588,6,other,3,5b52f4933234ab00014ca442,1.0,15.0,7646,16.0
5e0a8de6b6385332d7cae588,6,other,4,6346c87f6c3fc6c26d3bd2a9,0.0,8.0,7646,14.0
5e170b9ad51cf301722d91d2,15,self,1,5e170b9ad51cf301722d91d2,1.0,15.0,7775,11.0
5e170b9ad51cf301722d91d2,15,other,2,602fc626090088d257016a7c,1.0,4.0,7775,9.0
5e170b9ad51cf301722d91d2,15,other,3,66a0d2b35975ab1d10e81ebb,0.0,24.0,7775,20.0
5e170b9ad51cf301722d91d2,15,other,4,6759fa50a9bb240e423de357,0.0,25.0,7775,17.0
5e170b9ad51cf301722d91d2,17,self,1,5e170b9ad51cf301722d91d2,1.0,15.0,7777,11.0
5e170b9ad51cf301722d91d2,17,other,2,5e421b4bc503670be09335c7,1.0,12.0,7777,17.0
5e170b9ad51cf301722d91d2,17,other,3,601c6550e46634796f5fc53d,0.0,20.0,7777,16.0
5e170b9ad51cf301722d91d2,17,other,4,5aad21134ea21d000101bbff,0.0,8.0,7777,9.0
5e1f2837d95637258ebc9ace,15,self,1,5e1f2837d95637258ebc9ace,0.0,4.0,7855,9.0
5e1f2837d95637258ebc9ace,15,other,2,676cf85a261dedbddea3e240,1.0,16.0,7855,12.0
5e1f2837d95637258ebc9ace,15,other,3,56818073c5767f00121d21c5,1.0,11.0,7855,12.0
5e1f2837d95637258ebc9ace,15,other,4,60008e2ee4d8c913c602e0cd,0.0,20.0,7855,18.0
5e222506c5b5a208addb7155,8,self,1,5e222506c5b5a208addb7155,0.0,9.0,7868,12.0
5e222506c5b5a208addb7155,8,other,2,5c40134b1580e900012320ab,1.0,16.0,7868,19.0
5e222506c5b5a208addb7155,8,other,3,657867e466a237b839df006a,1.0,0.0,7868,12.0
5e222506c5b5a208addb7155,8,other,4,5f02f1d7afde3746b6ce5117,0.0,11.0,7868,19.0
5e28b99e1aacba092acd8cbd,1,self,1,5e28b99e1aacba092acd8cbd,1.0,0.0,7901,20.0
5e28b99e1aacba092acd8cbd,1,other,2,66d1a34290c0181302a08f66,1.0,19.0,7901,16.0
5e28b99e1aacba092acd8cbd,1,other,3,62b43d3e4927e5aa132d760f,0.0,12.0,7901,12.0
5e28b99e1aacba092acd8cbd,1,other,4,5c8e05e7aa473f00015e5fe7,0.0,21.0,7901,11.0
5e28b99e1aacba092acd8cbd,4,self,1,5e28b99e1aacba092acd8cbd,1.0,0.0,7904,20.0
5e28b99e1aacba092acd8cbd,4,other,2,65cb90ace80f886a058024ce,1.0,11.0,7904,12.0
5e28b99e1aacba092acd8cbd,4,other,3,5fb7e091a2e58b415d17ab1a,0.0,1.0,7904,8.0
5e28b99e1aacba092acd8cbd,4,other,4,66e0c0a1fab28ce6352ae19c,0.0,13.0,7904,17.0
5e38e49a8445881060c60eaf,1,self,1,5e38e49a8445881060c60eaf,1.0,15.0,8001,15.0
5e38e49a8445881060c60eaf,1,other,2,6773e80a0f70aac32ee3dfda,1.0,24.0,8001,22.0
5e38e49a8445881060c60eaf,1,other,3,63d6f725f81a32a4bbce7c89,0.0,18.0,8001,17.0
5e38e49a8445881060c60eaf,1,other,4,5ef7c6094ffead5091899f98,0.0,20.0,8001,19.0
5e38e49a8445881060c60eaf,6,self,1,5e38e49a8445881060c60eaf,1.0,15.0,8006,15.0
5e38e49a8445881060c60eaf,6,other,2,5f5d6b0def06255d5119a9ba,1.0,10.0,8006,8.0
5e38e49a8445881060c60eaf,6,other,3,63871b9b1348fcc9c891db01,0.0,19.0,8006,17.0
5e38e49a8445881060c60eaf,6,other,4,647d380660e059e1612303e8,0.0,17.0,8006,15.0
5e399832a6df461b2f4db341,8,self,1,5e399832a6df461b2f4db341,1.0,15.0,8028,16.0
5e399832a6df461b2f4db341,8,other,2,608a0175caaa968e48ae4b6d,1.0,4.0,8028,5.0
5e399832a6df461b2f4db341,8,other,3,66226b0252ed8d32a4c59ef8,0.0,29.0,8028,24.0
5e399832a6df461b2f4db341,8,other,4,60393d92ed55293a04c77920,0.0,8.0,8028,13.0
5e3a9e0dfbce8a296258c297,1,self,1,5e3a9e0dfbce8a296258c297,1.0,5.0,8041,3.0
5e3a9e0dfbce8a296258c297,1,other,2,58ad509da7d4580001044215,1.0,8.0,8041,10.0
5e3a9e0dfbce8a296258c297,1,other,3,63d7a26f594b17eba6a83328,0.0,12.0,8041,16.0
5e3a9e0dfbce8a296258c297,1,other,4,5bf5aa89d944c300012634cc,0.0,26.0,8041,18.0
5e3d33b27525e7117bd31778,18,self,1,5e3d33b27525e7117bd31778,1.0,10.0,8078,16.0
5e3d33b27525e7117bd31778,18,other,2,5d04c56a0b54cc0001dad608,1.0,10.0,8078,15.0
5e3d33b27525e7117bd31778,18,other,3,5b82e33f184f45000155f0ba,0.0,12.0,8078,13.0
5e3d33b27525e7117bd31778,18,other,4,6693cc5c2454061c0414ee05,0.0,17.0,8078,16.0
5e493133b4bc203a048f8ce9,2,self,1,5e493133b4bc203a048f8ce9,0.0,12.0,8182,25.0
5e493133b4bc203a048f8ce9,2,other,2,57db00fcb9fb6f0001dda512,1.0,9.0,8182,4.0
5e493133b4bc203a048f8ce9,2,other,3,61fa9085d42cb19beec4915d,1.0,29.0,8182,18.0
5e493133b4bc203a048f8ce9,2,other,4,5ea057b821f4e400081b71a7,0.0,13.0,8182,22.0
5e4eb1de8e6da203e5b070ca,5,self,1,5e4eb1de8e6da203e5b070ca,0.0,3.0,8225,6.0
5e4eb1de8e6da203e5b070ca,5,other,2,62e02a2a855dd1f36566ea7a,1.0,16.0,8225,19.0
5e4eb1de8e6da203e5b070ca,5,other,3,613a32539be30e10dca2c288,1.0,18.0,8225,16.0
5e4eb1de8e6da203e5b070ca,5,other,4,63f77b2aa0d776f479dad4e8,0.0,0.0,8225,16.0
5e53eb33ef87a902f39b1b77,1,self,1,5e53eb33ef87a902f39b1b77,0.0,34.0,8241,24.0
5e53eb33ef87a902f39b1b77,1,other,2,60c20abfdccab926283d8f7f,1.0,12.0,8241,17.0
5e53eb33ef87a902f39b1b77,1,other,3,67df234b06278e2a4675d416,1.0,8.0,8241,6.0
5e53eb33ef87a902f39b1b77,1,other,4,5e493133b4bc203a048f8ce9,0.0,12.0,8241,25.0
5e53eb33ef87a902f39b1b77,2,self,1,5e53eb33ef87a902f39b1b77,0.0,34.0,8242,24.0
5e53eb33ef87a902f39b1b77,2,other,2,5e15d85bd62abeba42692ed3,1.0,8.0,8242,12.0
5e53eb33ef87a902f39b1b77,2,other,3,66abc79f0812c1f89a25adfb,1.0,17.0,8242,14.0
5e53eb33ef87a902f39b1b77,2,other,4,67609d6700aaf43f68f72f96,0.0,19.0,8242,17.0
5e53eb33ef87a902f39b1b77,3,self,1,5e53eb33ef87a902f39b1b77,0.0,34.0,8243,24.0
5e53eb33ef87a902f39b1b77,3,other,2,676062bd3b691e331d55b3ce,1.0,13.0,8243,20.0
5e53eb33ef87a902f39b1b77,3,other,3,58a5cf959e040a0001399f07,1.0,19.0,8243,24.0
5e53eb33ef87a902f39b1b77,3,other,4,5ef37e2ca184db0e6896d19b,0.0,8.0,8243,9.0
5e53eb33ef87a902f39b1b77,4,self,1,5e53eb33ef87a902f39b1b77,0.0,34.0,8244,24.0
5e53eb33ef87a902f39b1b77,4,other,2,5eb400dfeb119a1f67e22297,1.0,15.0,8244,10.0
5e53eb33ef87a902f39b1b77,4,other,3,5e825b5b469f7498f9b9f579,1.0,9.0,8244,6.0
5e53eb33ef87a902f39b1b77,4,other,4,62e0251cc2818b23981bfa87,0.0,6.0,8244,6.0
5e53eb33ef87a902f39b1b77,5,self,1,5e53eb33ef87a902f39b1b77,0.0,34.0,8245,24.0
5e53eb33ef87a902f39b1b77,5,other,2,62ea57db8ebcd07b26b66eec,1.0,5.0,8245,3.0
5e53eb33ef87a902f39b1b77,5,other,3,64d1362c539c9befa2bfc914,1.0,4.0,8245,9.0
5e53eb33ef87a902f39b1b77,5,other,4,62dcc5dc8fcf471ec987e7cf,0.0,8.0,8245,11.0
5e53eb33ef87a902f39b1b77,6,self,1,5e53eb33ef87a902f39b1b77,0.0,34.0,8246,24.0
5e53eb33ef87a902f39b1b77,6,other,2,62e98b16791977c7b8e645b2,1.0,9.0,8246,15.0
5e53eb33ef87a902f39b1b77,6,other,3,63d8c92d2f5a27eb3c7edb89,1.0,19.0,8246,16.0
5e53eb33ef87a902f39b1b77,6,other,4,68138b62cc045bd133cfcf6b,0.0,9.0,8246,4.0
5e53eb33ef87a902f39b1b77,7,self,1,5e53eb33ef87a902f39b1b77,0.0,34.0,8247,24.0
5e53eb33ef87a902f39b1b77,7,other,2,67fab05a945608890ebd90cb,1.0,13.0,8247,14.0
5e53eb33ef87a902f39b1b77,7,other,3,654514db35400eff3daddcf5,1.0,16.0,8247,17.0
5e53eb33ef87a902f39b1b77,7,other,4,5d5bbd713348d20019c7e832,0.0,20.0,8247,27.0
5e53eb33ef87a902f39b1b77,8,self,1,5e53eb33ef87a902f39b1b77,0.0,34.0,8248,24.0
5e53eb33ef87a902f39b1b77,8,other,2,5d2e3cdf6835130001aa16f0,1.0,7.0,8248,9.0
5e53eb33ef87a902f39b1b77,8,other,3,5cf3ce21392ca30016117ebb,1.0,1.0,8248,1.0
5e53eb33ef87a902f39b1b77,8,other,4,5b94d08a41cfe90001c6a249,0.0,27.0,8248,17.0
5e53eb33ef87a902f39b1b77,9,self,1,5e53eb33ef87a902f39b1b77,0.0,34.0,8249,24.0
5e53eb33ef87a902f39b1b77,9,other,2,5b4a3ab1bc06c90001f902f4,1.0,9.0,8249,12.0
5e53eb33ef87a902f39b1b77,9,other,3,66aa8dcfbc121dcef0433ecf,1.0,2.0,8249,8.0
5e53eb33ef87a902f39b1b77,9,other,4,67efe4d2d2018d216ac7ff4f,0.0,2.0,8249,3.0
5e53eb33ef87a902f39b1b77,10,self,1,5e53eb33ef87a902f39b1b77,0.0,34.0,8250,24.0
5e53eb33ef87a902f39b1b77,10,other,2,67e1d85800cb3a05eae74bbf,1.0,10.0,8250,6.0
5e53eb33ef87a902f39b1b77,10,other,3,59e71a97896cfc0001921899,1.0,20.0,8250,20.0
5e53eb33ef87a902f39b1b77,10,other,4,673b27194ee61c182145405b,0.0,20.0,8250,21.0
5e53eb33ef87a902f39b1b77,11,self,1,5e53eb33ef87a902f39b1b77,0.0,34.0,8251,24.0
5e53eb33ef87a902f39b1b77,11,other,2,673ccb0691efe91cd015dcf7,1.0,17.0,8251,18.0
5e53eb33ef87a902f39b1b77,11,other,3,63e5885f80bfde889d559aa9,1.0,16.0,8251,16.0
5e53eb33ef87a902f39b1b77,11,other,4,6637a2e174aac353a2dbc968,0.0,9.0,8251,11.0
5e53eb33ef87a902f39b1b77,12,self,1,5e53eb33ef87a902f39b1b77,0.0,34.0,8252,24.0
5e53eb33ef87a902f39b1b77,12,other,2,665ec25c1ecf0a89934b7a7e,1.0,13.0,8252,11.0
5e53eb33ef87a902f39b1b77,12,other,3,56c81007ba8e37000d7b211e,1.0,11.0,8252,16.0
5e53eb33ef87a902f39b1b77,12,other,4,5b4ce4c8aad40700014ac066,0.0,15.0,8252,16.0
5e53eb33ef87a902f39b1b77,13,self,1,5e53eb33ef87a902f39b1b77,0.0,34.0,8253,24.0
5e53eb33ef87a902f39b1b77,13,other,2,5b2122b319113a0001168cd4,1.0,9.0,8253,11.0
5e53eb33ef87a902f39b1b77,13,other,3,676bc93236a95a162cd215a4,1.0,18.0,8253,16.0
5e53eb33ef87a902f39b1b77,13,other,4,6673a9c76ee756c94bd7a893,0.0,8.0,8253,11.0
5e53eb33ef87a902f39b1b77,14,self,1,5e53eb33ef87a902f39b1b77,0.0,34.0,8254,24.0
5e53eb33ef87a902f39b1b77,14,other,2,668dc78c1b388adf48d7f329,1.0,6.0,8254,5.0
5e53eb33ef87a902f39b1b77,14,other,3,672843ac39c5f80cfdc21d37,1.0,9.0,8254,1.0
5e53eb33ef87a902f39b1b77,14,other,4,63d3fb4fd3c313dca0920312,0.0,13.0,8254,17.0
5e53eb33ef87a902f39b1b77,15,self,1,5e53eb33ef87a902f39b1b77,0.0,34.0,8255,24.0
5e53eb33ef87a902f39b1b77,15,other,2,652809036a4ca0c161cda6e7,1.0,12.0,8255,2.0
5e53eb33ef87a902f39b1b77,15,other,3,6544fd23649b492ec6242947,1.0,22.0,8255,17.0
5e53eb33ef87a902f39b1b77,15,other,4,5da0e89440b1c70014aaf74b,0.0,12.0,8255,10.0
5e53eb33ef87a902f39b1b77,16,self,1,5e53eb33ef87a902f39b1b77,0.0,34.0,8256,24.0
5e53eb33ef87a902f39b1b77,16,other,2,5d6c10948cb0f70017b1f7a4,1.0,10.0,8256,17.0
5e53eb33ef87a902f39b1b77,16,other,3,66abd7d501b21036f9f9994a,1.0,7.0,8256,8.0
5e53eb33ef87a902f39b1b77,16,other,4,5bb356db42eb6700017d5196,0.0,12.0,8256,4.0
5e53eb33ef87a902f39b1b77,17,self,1,5e53eb33ef87a902f39b1b77,0.0,34.0,8257,24.0
5e53eb33ef87a902f39b1b77,17,other,2,5b6f5150410d9d0001a551e4,1.0,8.0,8257,9.0
5e53eb33ef87a902f39b1b77,17,other,3,647652cb5644044df439e1fb,1.0,12.0,8257,9.0
5e53eb33ef87a902f39b1b77,17,other,4,594a481105e73f0001450009,0.0,10.0,8257,16.0
5e53eb33ef87a902f39b1b77,18,self,1,5e53eb33ef87a902f39b1b77,0.0,34.0,8258,24.0
5e53eb33ef87a902f39b1b77,18,other,2,5942d73df8bfc00001985c3c,1.0,14.0,8258,14.0
5e53eb33ef87a902f39b1b77,18,other,3,5fd0261b85dd3e087609bee6,1.0,17.0,8258,16.0
5e53eb33ef87a902f39b1b77,18,other,4,66e4c4358de330a06b4d33f1,0.0,11.0,8258,8.0
5e53eb33ef87a902f39b1b77,19,self,1,5e53eb33ef87a902f39b1b77,0.0,34.0,8259,24.0
5e53eb33ef87a902f39b1b77,19,other,2,66f0c0c84e16372a15a5b264,1.0,11.0,8259,16.0
5e53eb33ef87a902f39b1b77,19,other,3,674377f77b539c33d343553c,1.0,3.0,8259,9.0
5e53eb33ef87a902f39b1b77,19,other,4,6166c2849af8d8e1858e3b14,0.0,16.0,8259,16.0
5e53eb33ef87a902f39b1b77,20,self,1,5e53eb33ef87a902f39b1b77,0.0,34.0,8260,24.0
5e53eb33ef87a902f39b1b77,20,other,2,6159ffae3dec28bbdc15a715,1.0,8.0,8260,14.0
5e53eb33ef87a902f39b1b77,20,other,3,5f369f5484d5ad083b7ce317,1.0,18.0,8260,16.0
5e53eb33ef87a902f39b1b77,20,other,4,5d75674dc410fd000166d2f0,0.0,1.0,8260,10.0
5e57e67bb836e0000d222062,6,self,1,5e57e67bb836e0000d222062,1.0,0.0,8286,9.0
5e57e67bb836e0000d222062,6,other,2,56fb454534a0d300061a5070,1.0,24.0,8286,18.0
5e57e67bb836e0000d222062,6,other,3,63d14977a22dee1760f8770d,0.0,10.0,8286,12.0
5e57e67bb836e0000d222062,6,other,4,5bd2d397f92a480001c64dcb,0.0,24.0,8286,28.0
5e57e67bb836e0000d222062,15,self,1,5e57e67bb836e0000d222062,1.0,0.0,8295,9.0
5e57e67bb836e0000d222062,15,other,2,667e000c4bfb9ea4c3e01d66,1.0,10.0,8295,10.0
5e57e67bb836e0000d222062,15,other,3,5fb8d29daff3bb26b233b979,0.0,14.0,8295,8.0
5e57e67bb836e0000d222062,15,other,4,60535adfff835194160cd3bb,0.0,13.0,8295,13.0
5e62dfa2819b9d079c91b6d2,9,self,1,5e62dfa2819b9d079c91b6d2,1.0,5.0,8329,17.0
5e62dfa2819b9d079c91b6d2,9,other,2,66eada82e2a59d472d2dd086,1.0,17.0,8329,16.0
5e62dfa2819b9d079c91b6d2,9,other,3,675662c8da055bc788c8a805,0.0,8.0,8329,5.0
5e62dfa2819b9d079c91b6d2,9,other,4,5ea060b71ce81301340a6b64,0.0,19.0,8329,18.0
5e695632d40a492070942196,5,self,1,5e695632d40a492070942196,1.0,2.0,8365,8.0
5e695632d40a492070942196,5,other,2,605e491b152b38b079a9ca7c,1.0,16.0,8365,9.0
5e695632d40a492070942196,5,other,3,5b97f70161c19e00018db4a8,0.0,17.0,8365,16.0
5e695632d40a492070942196,5,other,4,677495e069e5abd571445a65,0.0,18.0,8365,17.0
5e695632d40a492070942196,18,self,1,5e695632d40a492070942196,1.0,2.0,8378,8.0
5e695632d40a492070942196,18,other,2,66a35864d80b66f563731c3e,1.0,8.0,8378,11.0
5e695632d40a492070942196,18,other,3,67ddcc6cfc53ee0415e0db0e,0.0,4.0,8378,9.0
5e695632d40a492070942196,18,other,4,612266b4f9ae4a5d04a21dd4,0.0,14.0,8378,10.0
5e695632d40a492070942196,19,self,1,5e695632d40a492070942196,1.0,2.0,8379,8.0
5e695632d40a492070942196,19,other,2,67c4a762d14492d4aed05e7b,1.0,12.0,8379,17.0
5e695632d40a492070942196,19,other,3,65fd19896d58d64c0d8cbc3c,0.0,29.0,8379,33.0
5e695632d40a492070942196,19,other,4,67f29249f806e5d43bd01798,0.0,18.0,8379,10.0
5e6977731ff38b22e8654bc4,15,self,1,5e6977731ff38b22e8654bc4,1.0,16.0,8395,10.0
5e6977731ff38b22e8654bc4,15,other,2,6659d150478b9115096338d1,1.0,24.0,8395,24.0
5e6977731ff38b22e8654bc4,15,other,3,60008e2ee4d8c913c602e0cd,0.0,20.0,8395,18.0
5e6977731ff38b22e8654bc4,15,other,4,5a9c91196219a30001f534a5,0.0,16.0,8395,16.0
5e6a6d1f833f2d021f683ea7,2,self,1,5e6a6d1f833f2d021f683ea7,0.0,25.0,8422,21.0
5e6a6d1f833f2d021f683ea7,2,other,2,5c927effc719fc00157df08d,1.0,16.0,8422,9.0
5e6a6d1f833f2d021f683ea7,2,other,3,6171849094893d838e6e6f62,1.0,9.0,8422,9.0
5e6a6d1f833f2d021f683ea7,2,other,4,632b9d9bc38454f47019295c,0.0,8.0,8422,16.0
5e6b11a7704ee10c3d5e203a,19,self,1,5e6b11a7704ee10c3d5e203a,1.0,8.0,8479,10.0
5e6b11a7704ee10c3d5e203a,19,other,2,663631e9a98cfc7ea17bbde6,1.0,5.0,8479,9.0
5e6b11a7704ee10c3d5e203a,19,other,3,63d7c4b261d53fcf4f1dcd64,0.0,18.0,8479,24.0
5e6b11a7704ee10c3d5e203a,19,other,4,5384dca7fdf99b381c04cbac,0.0,19.0,8479,17.0
5e79448b2645050ebe52051c,20,self,1,5e79448b2645050ebe52051c,0.0,9.0,8560,10.0
5e79448b2645050ebe52051c,20,other,2,5c6ae4c31b9d0e000190bacc,1.0,16.0,8560,17.0
5e79448b2645050ebe52051c,20,other,3,571bdaa76b0894001362f780,1.0,14.0,8560,16.0
5e79448b2645050ebe52051c,20,other,4,5f51529b15e36638fe535eae,0.0,24.0,8560,24.0
5e7ca836a60b642ec70880b1,14,self,1,5e7ca836a60b642ec70880b1,0.0,23.0,8614,20.0
5e7ca836a60b642ec70880b1,14,other,2,62fbc9730a4b70bcc1c942b3,1.0,10.0,8614,13.0
5e7ca836a60b642ec70880b1,14,other,3,63e5885f80bfde889d559aa9,1.0,16.0,8614,16.0
5e7ca836a60b642ec70880b1,14,other,4,676c9fdb29eb6558c47a3a25,0.0,18.0,8614,17.0
5e814f98193c1983e819818f,7,self,1,5e814f98193c1983e819818f,1.0,8.0,8647,10.0
5e814f98193c1983e819818f,7,other,2,5b29ed150ec82d0001d26cf8,1.0,8.0,8647,12.0
5e814f98193c1983e819818f,7,other,3,67823189419133e67fc6e5c0,0.0,8.0,8647,8.0
5e814f98193c1983e819818f,7,other,4,66edea9d406f629b67ce30b8,0.0,17.0,8647,19.0
5e8601d90126b207e8c7a2aa,2,self,1,5e8601d90126b207e8c7a2aa,1.0,18.0,8682,13.0
5e8601d90126b207e8c7a2aa,2,other,2,62fb8e94ce94179d6a4e8277,1.0,8.0,8682,20.0
5e8601d90126b207e8c7a2aa,2,other,3,54cf4c6ffdf99b46b96bab9a,0.0,11.0,8682,8.0
5e8601d90126b207e8c7a2aa,2,other,4,66fcdc229c37d1da9d61017c,0.0,16.0,8682,16.0
5e917b152952914a6d3043c2,2,self,1,5e917b152952914a6d3043c2,1.0,5.0,8722,9.0
5e917b152952914a6d3043c2,2,other,2,67648b2d2ca3bdd206096be7,1.0,8.0,8722,9.0
5e917b152952914a6d3043c2,2,other,3,63e81d80c54091b652b1b8e7,0.0,18.0,8722,17.0
5e917b152952914a6d3043c2,2,other,4,63f79c4cffb2e2a2ed84f060,0.0,8.0,8722,13.0
5e9409cd1dabe7246810c3b6,10,self,1,5e9409cd1dabe7246810c3b6,1.0,1.0,8750,5.0
5e9409cd1dabe7246810c3b6,10,other,2,67acfb68c3860389b0c4db4b,1.0,10.0,8750,18.0
5e9409cd1dabe7246810c3b6,10,other,3,5ee22888962eba660d273581,0.0,14.0,8750,11.0
5e9409cd1dabe7246810c3b6,10,other,4,674df7409688c680113b8316,0.0,9.0,8750,13.0
5e9409cd1dabe7246810c3b6,16,self,1,5e9409cd1dabe7246810c3b6,1.0,1.0,8756,5.0
5e9409cd1dabe7246810c3b6,16,other,2,676ed8014625d5ebd417b5f2,1.0,9.0,8756,9.0
5e9409cd1dabe7246810c3b6,16,other,3,5c93bcb1b2648a0015255c4b,0.0,9.0,8756,13.0
5e9409cd1dabe7246810c3b6,16,other,4,66e8073478375ba1494b2d20,0.0,13.0,8756,12.0
5e94acdc3d1b5780b00d12ff,13,self,1,5e94acdc3d1b5780b00d12ff,1.0,11.0,8773,6.0
5e94acdc3d1b5780b00d12ff,13,other,2,676b24007b0a13eef244f7bf,1.0,8.0,8773,3.0
5e94acdc3d1b5780b00d12ff,13,other,3,67081ef77f9b5aaceef957c0,0.0,11.0,8773,10.0
5e94acdc3d1b5780b00d12ff,13,other,4,5c2dae2110677f0001dd1137,0.0,25.0,8773,26.0
5e9f0bc126557006ea49d1f4,17,self,1,5e9f0bc126557006ea49d1f4,0.0,4.0,8857,16.0
5e9f0bc126557006ea49d1f4,17,other,2,562a2eaac8ffc20012514145,1.0,22.0,8857,17.0
5e9f0bc126557006ea49d1f4,17,other,3,5fef3d23f0b5edd6fabe8e64,1.0,17.0,8857,16.0
5e9f0bc126557006ea49d1f4,17,other,4,671fff4fced93c3e5a17f230,0.0,12.0,8857,10.0
5ea015577dd57200089eb811,11,self,1,5ea015577dd57200089eb811,1.0,4.0,8931,4.0
5ea015577dd57200089eb811,11,other,2,673f6ffebce20832346325de,1.0,10.0,8931,12.0
5ea015577dd57200089eb811,11,other,3,673a5584f867e07b649219c7,0.0,3.0,8931,5.0
5ea015577dd57200089eb811,11,other,4,668c65ea561d096dc00ce7e9,0.0,24.0,8931,16.0
5ea196f089935b04d2ee69d9,16,self,1,5ea196f089935b04d2ee69d9,1.0,4.0,9056,8.0
5ea196f089935b04d2ee69d9,16,other,2,65edd3b5dab4b33aaf29cbd0,1.0,11.0,9056,11.0
5ea196f089935b04d2ee69d9,16,other,3,67a93cc4edad2048c6746727,0.0,16.0,9056,16.0
5ea196f089935b04d2ee69d9,16,other,4,611a8d23c1d17506a23df589,0.0,3.0,9056,5.0
5ea2ac265b40e81cfe8296ea,8,self,1,5ea2ac265b40e81cfe8296ea,0.0,3.0,9088,12.0
5ea2ac265b40e81cfe8296ea,8,other,2,662c299e6db88649ff13ccae,1.0,11.0,9088,16.0
5ea2ac265b40e81cfe8296ea,8,other,3,67648b2d2ca3bdd206096be7,1.0,8.0,9088,9.0
5ea2ac265b40e81cfe8296ea,8,other,4,5f8ef8e63fdd230d00f5d0e4,0.0,18.0,9088,12.0
5ea979685178b007c99e620e,3,self,1,5ea979685178b007c99e620e,0.0,3.0,9183,11.0
5ea979685178b007c99e620e,3,other,2,6400d9b9ff7296c2bce939ef,1.0,18.0,9183,20.0
5ea979685178b007c99e620e,3,other,3,671936053fd2824bcf9fe04b,1.0,3.0,9183,4.0
5ea979685178b007c99e620e,3,other,4,59e8502b7f3d71000171df0a,0.0,13.0,9183,12.0
5ea979685178b007c99e620e,15,self,1,5ea979685178b007c99e620e,0.0,3.0,9195,11.0
5ea979685178b007c99e620e,15,other,2,5e2f5b28129198070e2996db,1.0,8.0,9195,8.0
5ea979685178b007c99e620e,15,other,3,6674d66310b6684b86ddf7b9,1.0,8.0,9195,6.0
5ea979685178b007c99e620e,15,other,4,5ea19dcac30e0005e6e6b6e3,0.0,9.0,9195,13.0
5ea986542bd79508d1d3cd7e,6,self,1,5ea986542bd79508d1d3cd7e,1.0,10.0,9206,13.0
5ea986542bd79508d1d3cd7e,6,other,2,66eb5adf63cae551875a7667,1.0,3.0,9206,1.0
5ea986542bd79508d1d3cd7e,6,other,3,67e8ffe90ba972b691421fcf,0.0,17.0,9206,17.0
5ea986542bd79508d1d3cd7e,6,other,4,665d92a608fef982937744df,0.0,18.0,9206,17.0
5eaae0b28ba2df0570296c3a,20,self,1,5eaae0b28ba2df0570296c3a,0.0,10.0,9240,14.0
5eaae0b28ba2df0570296c3a,20,other,2,6659cb22b8e889fe11ae56d2,1.0,3.0,9240,16.0
5eaae0b28ba2df0570296c3a,20,other,3,5d04c56a0b54cc0001dad608,1.0,10.0,9240,15.0
5eaae0b28ba2df0570296c3a,20,other,4,5fa4c21a04bc5912180291bc,0.0,18.0,9240,17.0
5eab170759f5390b776df5a1,7,self,1,5eab170759f5390b776df5a1,1.0,18.0,9247,16.0
5eab170759f5390b776df5a1,7,other,2,66a0927ece1a5dca873770d2,1.0,16.0,9247,17.0
5eab170759f5390b776df5a1,7,other,3,67f7f883cb3cd4c0f5177411,0.0,16.0,9247,16.0
5eab170759f5390b776df5a1,7,other,4,639b6f709020ae5b16daad25,0.0,24.0,9247,17.0
5eab170759f5390b776df5a1,14,self,1,5eab170759f5390b776df5a1,1.0,18.0,9254,16.0
5eab170759f5390b776df5a1,14,other,2,65998003547f20229a90f812,1.0,29.0,9254,24.0
5eab170759f5390b776df5a1,14,other,3,640485331e13a7bfa4a43d46,0.0,13.0,9254,16.0
5eab170759f5390b776df5a1,14,other,4,6418dc6fd0f852a233a10350,0.0,16.0,9254,12.0
5eabf74457f54b1ec1692eeb,3,self,1,5eabf74457f54b1ec1692eeb,0.0,7.0,9263,8.0
5eabf74457f54b1ec1692eeb,3,other,2,677c01af998cc4cb005028ad,1.0,3.0,9263,6.0
5eabf74457f54b1ec1692eeb,3,other,3,5f58c306ee03f104eb88bae3,1.0,16.0,9263,11.0
5eabf74457f54b1ec1692eeb,3,other,4,66c20b634a3b292d25596fbc,0.0,11.0,9263,9.0
5eabf74457f54b1ec1692eeb,10,self,1,5eabf74457f54b1ec1692eeb,0.0,7.0,9270,8.0
5eabf74457f54b1ec1692eeb,10,other,2,60bd4bfc88b646e72d772977,1.0,17.0,9270,18.0
5eabf74457f54b1ec1692eeb,10,other,3,66043087e6f547531945bb3f,1.0,11.0,9270,17.0
5eabf74457f54b1ec1692eeb,10,other,4,674499298b5241ab1d4e8974,0.0,12.0,9270,20.0
5eabf74457f54b1ec1692eeb,16,self,1,5eabf74457f54b1ec1692eeb,0.0,7.0,9276,8.0
5eabf74457f54b1ec1692eeb,16,other,2,5d9b02cd4ce5d302eb84801d,1.0,12.0,9276,19.0
5eabf74457f54b1ec1692eeb,16,other,3,6443ebb84fc33e703937a6f9,1.0,18.0,9276,11.0
5eabf74457f54b1ec1692eeb,16,other,4,62e0251cc2818b23981bfa87,0.0,6.0,9276,6.0
5eabf74457f54b1ec1692eeb,20,self,1,5eabf74457f54b1ec1692eeb,0.0,7.0,9280,8.0
5eabf74457f54b1ec1692eeb,20,other,2,66ea8a49fe8d363b3ab1c952,1.0,9.0,9280,9.0
5eabf74457f54b1ec1692eeb,20,other,3,65998003547f20229a90f812,1.0,29.0,9280,24.0
5eabf74457f54b1ec1692eeb,20,other,4,66796f6a50ac90662e958273,0.0,12.0,9280,16.0
5eadb9ba99443b0a80211eaa,2,self,1,5eadb9ba99443b0a80211eaa,0.0,25.0,9322,19.0
5eadb9ba99443b0a80211eaa,2,other,2,572b912c3ab9df000dba9eef,1.0,29.0,9322,29.0
5eadb9ba99443b0a80211eaa,2,other,3,6765ab69842652ea50e57d07,1.0,17.0,9322,25.0
5eadb9ba99443b0a80211eaa,2,other,4,5ade0203066c510001d42abf,0.0,18.0,9322,16.0
5eadb9ba99443b0a80211eaa,11,self,1,5eadb9ba99443b0a80211eaa,0.0,25.0,9331,19.0
5eadb9ba99443b0a80211eaa,11,other,2,5cf245d4639b150018eb7351,1.0,10.0,9331,11.0
5eadb9ba99443b0a80211eaa,11,other,3,67c30fa686975bc2ce38a2b9,1.0,4.0,9331,19.0
5eadb9ba99443b0a80211eaa,11,other,4,606f9bca353fc36aba9ccb8b,0.0,14.0,9331,11.0
5eadb9ba99443b0a80211eaa,19,self,1,5eadb9ba99443b0a80211eaa,0.0,25.0,9339,19.0
5eadb9ba99443b0a80211eaa,19,other,2,66306ac39d18c5aad9685a9e,1.0,14.0,9339,10.0
5eadb9ba99443b0a80211eaa,19,other,3,673ccffc13c6b41210c3de41,1.0,13.0,9339,16.0
5eadb9ba99443b0a80211eaa,19,other,4,5d53ddf96937fb000171d892,0.0,5.0,9339,10.0
5eb400dfeb119a1f67e22297,6,self,1,5eb400dfeb119a1f67e22297,1.0,15.0,9426,10.0
5eb400dfeb119a1f67e22297,6,other,2,665762fdab6df18f5032505b,1.0,16.0,9426,16.0
5eb400dfeb119a1f67e22297,6,other,3,647d380660e059e1612303e8,0.0,17.0,9426,15.0
5eb400dfeb119a1f67e22297,6,other,4,5e3d91a08dfa83000c9f4d36,0.0,11.0,9426,24.0
5ec79cbd44972a1fceed2719,6,self,1,5ec79cbd44972a1fceed2719,0.0,15.0,9486,10.0
5ec79cbd44972a1fceed2719,6,other,2,67c1d6d98c8787be36609212,1.0,11.0,9486,5.0
5ec79cbd44972a1fceed2719,6,other,3,622bb4f79c52ad04bb91e752,1.0,11.0,9486,16.0
5ec79cbd44972a1fceed2719,6,other,4,6234afc11b0f28d2f618991c,0.0,14.0,9486,16.0
5ec99f86f5c1124c0c518fa9,7,self,1,5ec99f86f5c1124c0c518fa9,1.0,13.0,9507,8.0
5ec99f86f5c1124c0c518fa9,7,other,2,666ad9cd9e785efb19474220,1.0,8.0,9507,9.0
5ec99f86f5c1124c0c518fa9,7,other,3,63d863ab3ccec5d222287168,0.0,24.0,9507,18.0
5ec99f86f5c1124c0c518fa9,7,other,4,5b228fcf50fde60001033592,0.0,16.0,9507,16.0
5ec99f86f5c1124c0c518fa9,18,self,1,5ec99f86f5c1124c0c518fa9,1.0,13.0,9518,8.0
5ec99f86f5c1124c0c518fa9,18,other,2,66b737baf02edac5f7c4a384,1.0,8.0,9518,9.0
5ec99f86f5c1124c0c518fa9,18,other,3,66908eecc135ec77905c2810,0.0,9.0,9518,11.0
5ec99f86f5c1124c0c518fa9,18,other,4,582468295f4d1c0001c7c467,0.0,9.0,9518,16.0
5ecb8c295b660e710cb6fbac,1,self,1,5ecb8c295b660e710cb6fbac,1.0,34.0,9521,26.0
5ecb8c295b660e710cb6fbac,1,other,2,5a8e886f0f1bce0001227b49,1.0,16.0,9521,16.0
5ecb8c295b660e710cb6fbac,1,other,3,67bf2c95cf70e4409f3fb705,0.0,16.0,9521,17.0
5ecb8c295b660e710cb6fbac,1,other,4,5d9750fe74d24900145633a7,0.0,16.0,9521,11.0
5ecb8c295b660e710cb6fbac,2,self,1,5ecb8c295b660e710cb6fbac,1.0,34.0,9522,26.0
5ecb8c295b660e710cb6fbac,2,other,2,678ff750175fa91b6ee9c424,1.0,10.0,9522,13.0
5ecb8c295b660e710cb6fbac,2,other,3,5c651332bcb1b40001864762,0.0,24.0,9522,18.0
5ecb8c295b660e710cb6fbac,2,other,4,67a85137a6f2eda1f128b8c0,0.0,13.0,9522,9.0
5ecb8c295b660e710cb6fbac,3,self,1,5ecb8c295b660e710cb6fbac,1.0,34.0,9523,26.0
5ecb8c295b660e710cb6fbac,3,other,2,5c6df5298c5fd30001b83926,1.0,16.0,9523,13.0
5ecb8c295b660e710cb6fbac,3,other,3,676e6f5eb2e5690f74382e58,0.0,17.0,9523,12.0
5ecb8c295b660e710cb6fbac,3,other,4,6765f0f70b5bf9820e27589e,0.0,9.0,9523,11.0
5ecb8c295b660e710cb6fbac,4,self,1,5ecb8c295b660e710cb6fbac,1.0,34.0,9524,26.0
5ecb8c295b660e710cb6fbac,4,other,2,6769288134782c10a82b7080,1.0,3.0,9524,10.0
5ecb8c295b660e710cb6fbac,4,other,3,5d5d65f84bd7800017a4f90e,0.0,24.0,9524,25.0
5ecb8c295b660e710cb6fbac,4,other,4,668a922e45bcf95efdf3de93,0.0,11.0,9524,13.0
5ecb8c295b660e710cb6fbac,5,self,1,5ecb8c295b660e710cb6fbac,1.0,34.0,9525,26.0
5ecb8c295b660e710cb6fbac,5,other,2,5d30c1a3bb673e00016b0520,1.0,19.0,9525,13.0
5ecb8c295b660e710cb6fbac,5,other,3,5abf3b30a3ba7a0001b46efa,0.0,17.0,9525,4.0
5ecb8c295b660e710cb6fbac,5,other,4,668dc66f629802c9570027e6,0.0,17.0,9525,16.0
5ecb8c295b660e710cb6fbac,6,self,1,5ecb8c295b660e710cb6fbac,1.0,34.0,9526,26.0
5ecb8c295b660e710cb6fbac,6,other,2,5a9bff3b6475f900019ffc51,1.0,19.0,9526,8.0
5ecb8c295b660e710cb6fbac,6,other,3,668c893a3a9a1a960c28e9ad,0.0,11.0,9526,10.0
5ecb8c295b660e710cb6fbac,6,other,4,67103aecd3a626ec9024ed2a,0.0,1.0,9526,0.0
5ecb8c295b660e710cb6fbac,7,self,1,5ecb8c295b660e710cb6fbac,1.0,34.0,9527,26.0
5ecb8c295b660e710cb6fbac,7,other,2,66a35864d80b66f563731c3e,1.0,8.0,9527,11.0
5ecb8c295b660e710cb6fbac,7,other,3,5eadb9ba99443b0a80211eaa,0.0,25.0,9527,19.0
5ecb8c295b660e710cb6fbac,7,other,4,62ce9e5c0d6c8df3051e01ea,0.0,16.0,9527,17.0
5ecb8c295b660e710cb6fbac,8,self,1,5ecb8c295b660e710cb6fbac,1.0,34.0,9528,26.0
5ecb8c295b660e710cb6fbac,8,other,2,5e814f98193c1983e819818f,1.0,8.0,9528,10.0
5ecb8c295b660e710cb6fbac,8,other,3,66f5cadfe40f1d62e26ffdd0,0.0,15.0,9528,13.0
5ecb8c295b660e710cb6fbac,8,other,4,66e8073478375ba1494b2d20,0.0,13.0,9528,12.0
5ecb8c295b660e710cb6fbac,9,self,1,5ecb8c295b660e710cb6fbac,1.0,34.0,9529,26.0
5ecb8c295b660e710cb6fbac,9,other,2,67019da3d61ec847660f1821,1.0,13.0,9529,14.0
5ecb8c295b660e710cb6fbac,9,other,3,5b2fda4e530770000105a60a,0.0,16.0,9529,18.0
5ecb8c295b660e710cb6fbac,9,other,4,669c182b2a59d2c81e9053ad,0.0,13.0,9529,16.0
5ecb8c295b660e710cb6fbac,10,self,1,5ecb8c295b660e710cb6fbac,1.0,34.0,9530,26.0
5ecb8c295b660e710cb6fbac,10,other,2,5b0b08941e55760001b94b98,1.0,11.0,9530,11.0
5ecb8c295b660e710cb6fbac,10,other,3,677c358117d1ac70048fd3c6,0.0,11.0,9530,16.0
5ecb8c295b660e710cb6fbac,10,other,4,5ce83f6ffdd26c00193b9611,0.0,21.0,9530,26.0
5ecb8c295b660e710cb6fbac,11,self,1,5ecb8c295b660e710cb6fbac,1.0,34.0,9531,26.0
5ecb8c295b660e710cb6fbac,11,other,2,6776c27223642df043c8d191,1.0,25.0,9531,21.0
5ecb8c295b660e710cb6fbac,11,other,3,67744dd5d793cc3d79ba38fc,0.0,9.0,9531,16.0
5ecb8c295b660e710cb6fbac,11,other,4,6726d16c98d4b6498e4f2a69,0.0,3.0,9531,16.0
5ecb8c295b660e710cb6fbac,12,self,1,5ecb8c295b660e710cb6fbac,1.0,34.0,9532,26.0
5ecb8c295b660e710cb6fbac,12,other,2,6773b840c558767d3804febe,1.0,17.0,9532,14.0
5ecb8c295b660e710cb6fbac,12,other,3,5f51947ba90f9b3ea1d2fe61,0.0,19.0,9532,17.0
5ecb8c295b660e710cb6fbac,12,other,4,6026e312c1e1234396ed6e7d,0.0,11.0,9532,16.0
5ecb8c295b660e710cb6fbac,13,self,1,5ecb8c295b660e710cb6fbac,1.0,34.0,9533,26.0
5ecb8c295b660e710cb6fbac,13,other,2,5f072bda6cd79c09f05284cb,1.0,13.0,9533,10.0
5ecb8c295b660e710cb6fbac,13,other,3,643fd27bdf8bbe600ff7fcc3,0.0,15.0,9533,16.0
5ecb8c295b660e710cb6fbac,13,other,4,66d8b37cdcdd34adcd38d51b,0.0,24.0,9533,18.0
5ecb8c295b660e710cb6fbac,14,self,1,5ecb8c295b660e710cb6fbac,1.0,34.0,9534,26.0
5ecb8c295b660e710cb6fbac,14,other,2,65f8dbfcf51858f174eb7caa,1.0,16.0,9534,13.0
5ecb8c295b660e710cb6fbac,14,other,3,5d63c128888f91000176ecbc,0.0,10.0,9534,9.0
5ecb8c295b660e710cb6fbac,14,other,4,6764a389994250f1af5a209c,0.0,12.0,9534,24.0
5ecb8c295b660e710cb6fbac,15,self,1,5ecb8c295b660e710cb6fbac,1.0,34.0,9535,26.0
5ecb8c295b660e710cb6fbac,15,other,2,5d33589df665c6001ab9a801,1.0,14.0,9535,18.0
5ecb8c295b660e710cb6fbac,15,other,3,676e6f5eb2e5690f74382e58,0.0,17.0,9535,12.0
5ecb8c295b660e710cb6fbac,15,other,4,6743316520c610ff047fd40a,0.0,8.0,9535,8.0
5ecb8c295b660e710cb6fbac,16,self,1,5ecb8c295b660e710cb6fbac,1.0,34.0,9536,26.0
5ecb8c295b660e710cb6fbac,16,other,2,6769288134782c10a82b7080,1.0,3.0,9536,10.0
5ecb8c295b660e710cb6fbac,16,other,3,6114ba31072fc0bcc226b89d,0.0,11.0,9536,16.0
5ecb8c295b660e710cb6fbac,16,other,4,5d13d6a2d4888600182efdd6,0.0,13.0,9536,16.0
5ecb8c295b660e710cb6fbac,17,self,1,5ecb8c295b660e710cb6fbac,1.0,34.0,9537,26.0
5ecb8c295b660e710cb6fbac,17,other,2,61113f20a9497a72b0c1ed6c,1.0,13.0,9537,16.0
5ecb8c295b660e710cb6fbac,17,other,3,568aab53316b10000d50d76b,0.0,10.0,9537,16.0
5ecb8c295b660e710cb6fbac,17,other,4,674f598ded47fd75002ee276,0.0,18.0,9537,12.0
5ecb8c295b660e710cb6fbac,18,self,1,5ecb8c295b660e710cb6fbac,1.0,34.0,9538,26.0
5ecb8c295b660e710cb6fbac,18,other,2,56bfcce79f7a1e0005fdca9e,1.0,8.0,9538,9.0
5ecb8c295b660e710cb6fbac,18,other,3,605269ed69c7aac84a09dc72,0.0,11.0,9538,12.0
5ecb8c295b660e710cb6fbac,18,other,4,67823189419133e67fc6e5c0,0.0,8.0,9538,8.0
5ecb8c295b660e710cb6fbac,19,self,1,5ecb8c295b660e710cb6fbac,1.0,34.0,9539,26.0
5ecb8c295b660e710cb6fbac,19,other,2,600606925db9c892b3939202,1.0,13.0,9539,17.0
5ecb8c295b660e710cb6fbac,19,other,3,5d53ddf96937fb000171d892,0.0,5.0,9539,10.0
5ecb8c295b660e710cb6fbac,19,other,4,66c0d9ef3c9b1d596446f813,0.0,19.0,9539,18.0
5ecb8c295b660e710cb6fbac,20,self,1,5ecb8c295b660e710cb6fbac,1.0,34.0,9540,26.0
5ecb8c295b660e710cb6fbac,20,other,2,5d260d4255a29b0017698915,1.0,16.0,9540,16.0
5ecb8c295b660e710cb6fbac,20,other,3,5797564b70c76a0001245734,0.0,13.0,9540,18.0
5ecb8c295b660e710cb6fbac,20,other,4,68be70622ee8091966295a7a,0.0,12.0,9540,10.0
5ed51b1808865206f3d88900,3,self,1,5ed51b1808865206f3d88900,1.0,26.0,9583,16.0
5ed51b1808865206f3d88900,3,other,2,5eadc384e00264461f74d7c8,1.0,9.0,9583,8.0
5ed51b1808865206f3d88900,3,other,3,5d7a1fce27fb8a000196993e,0.0,13.0,9583,12.0
5ed51b1808865206f3d88900,3,other,4,5b97f70161c19e00018db4a8,0.0,17.0,9583,16.0
5ed51b1808865206f3d88900,7,self,1,5ed51b1808865206f3d88900,1.0,26.0,9587,16.0
5ed51b1808865206f3d88900,7,other,2,6772f847510be103b1306979,1.0,12.0,9587,9.0
5ed51b1808865206f3d88900,7,other,3,5b098ce4e80ba400017f75de,0.0,9.0,9587,17.0
5ed51b1808865206f3d88900,7,other,4,5f1c29f047a90a049690ef7e,0.0,18.0,9587,12.0
5ed51b1808865206f3d88900,10,self,1,5ed51b1808865206f3d88900,1.0,26.0,9590,16.0
5ed51b1808865206f3d88900,10,other,2,67265982eb0c3fc495c6e33a,1.0,18.0,9590,12.0
5ed51b1808865206f3d88900,10,other,3,6079fce53f74f77426b40b44,0.0,9.0,9590,7.0
5ed51b1808865206f3d88900,10,other,4,57c725d89a5f4f0001f661bd,0.0,11.0,9590,8.0
5ed51b1808865206f3d88900,11,self,1,5ed51b1808865206f3d88900,1.0,26.0,9591,16.0
5ed51b1808865206f3d88900,11,other,2,6064a0185b9ce0ca98b5e791,1.0,9.0,9591,16.0
5ed51b1808865206f3d88900,11,other,3,5807b8dac7b1100001138e89,0.0,9.0,9591,15.0
5ed51b1808865206f3d88900,11,other,4,5e4eb1de8e6da203e5b070ca,0.0,3.0,9591,6.0
5ed51b1808865206f3d88900,14,self,1,5ed51b1808865206f3d88900,1.0,26.0,9594,16.0
5ed51b1808865206f3d88900,14,other,2,5fb08ec5ddc19949a58f5a4f,1.0,9.0,9594,2.0
5ed51b1808865206f3d88900,14,other,3,676e6f5eb2e5690f74382e58,0.0,17.0,9594,12.0
5ed51b1808865206f3d88900,14,other,4,5a870482f49c9a0001f3941b,0.0,9.0,9594,12.0
5ed51b1808865206f3d88900,16,self,1,5ed51b1808865206f3d88900,1.0,26.0,9596,16.0
5ed51b1808865206f3d88900,16,other,2,5e399832a6df461b2f4db341,1.0,15.0,9596,16.0
5ed51b1808865206f3d88900,16,other,3,5eabf74457f54b1ec1692eeb,0.0,7.0,9596,8.0
5ed51b1808865206f3d88900,16,other,4,5c762ce8eda5da001662be0b,0.0,24.0,9596,16.0
5ed51b1808865206f3d88900,19,self,1,5ed51b1808865206f3d88900,1.0,26.0,9599,16.0
5ed51b1808865206f3d88900,19,other,2,600606925db9c892b3939202,1.0,13.0,9599,17.0
5ed51b1808865206f3d88900,19,other,3,677f6487bec60283d8518ead,0.0,8.0,9599,14.0
5ed51b1808865206f3d88900,19,other,4,67315b4e31944aa214d27e9d,0.0,8.0,9599,10.0
5ed51b1808865206f3d88900,20,self,1,5ed51b1808865206f3d88900,1.0,26.0,9600,16.0
5ed51b1808865206f3d88900,20,other,2,677c01af998cc4cb005028ad,1.0,3.0,9600,6.0
5ed51b1808865206f3d88900,20,other,3,67d9a0498d900defba2a9dcc,0.0,9.0,9600,12.0
5ed51b1808865206f3d88900,20,other,4,6772ec8f30df005ab821178c,0.0,16.0,9600,16.0
5ed7a6ffc0996607d735bd66,2,self,1,5ed7a6ffc0996607d735bd66,0.0,11.0,9642,8.0
5ed7a6ffc0996607d735bd66,2,other,2,66a82ba9951d0f5503746ec3,1.0,24.0,9642,14.0
5ed7a6ffc0996607d735bd66,2,other,3,6148beccb767e62c451ce7bc,1.0,12.0,9642,14.0
5ed7a6ffc0996607d735bd66,2,other,4,5bf5aa89d944c300012634cc,0.0,26.0,9642,18.0
5edeea354d54cb1a825aa8f9,12,self,1,5edeea354d54cb1a825aa8f9,0.0,4.0,9712,10.0
5edeea354d54cb1a825aa8f9,12,other,2,5da5d4ea6f5d4400138def3f,1.0,9.0,9712,12.0
5edeea354d54cb1a825aa8f9,12,other,3,661566cc7a792f3f30c15980,1.0,11.0,9712,12.0
5edeea354d54cb1a825aa8f9,12,other,4,5d963188ed650700146ba4b6,0.0,18.0,9712,14.0
5edeea354d54cb1a825aa8f9,20,self,1,5edeea354d54cb1a825aa8f9,0.0,4.0,9720,10.0
5edeea354d54cb1a825aa8f9,20,other,2,65edd3b5dab4b33aaf29cbd0,1.0,11.0,9720,11.0
5edeea354d54cb1a825aa8f9,20,other,3,652177a98948564c40f43f99,1.0,17.0,9720,21.0
5edeea354d54cb1a825aa8f9,20,other,4,665d92a608fef982937744df,0.0,18.0,9720,17.0
5ee0df4ff87654455ad1cb9a,8,self,1,5ee0df4ff87654455ad1cb9a,0.0,12.0,9748,11.0
5ee0df4ff87654455ad1cb9a,8,other,2,67cf0c70aa43b13b6168ecbf,1.0,12.0,9748,12.0
5ee0df4ff87654455ad1cb9a,8,other,3,65ae2baa95efab88c481edc3,1.0,10.0,9748,16.0
5ee0df4ff87654455ad1cb9a,8,other,4,5dd31871c5faa232d3c20365,0.0,18.0,9748,13.0
5ee235163a959e2d31a0b521,2,self,1,5ee235163a959e2d31a0b521,1.0,6.0,9822,8.0
5ee235163a959e2d31a0b521,2,other,2,6652bf7eba7a8a81e1d1679b,1.0,18.0,9822,16.0
5ee235163a959e2d31a0b521,2,other,3,667b36a0609df7ce1b55b889,0.0,25.0,9822,19.0
5ee235163a959e2d31a0b521,2,other,4,5abf3b30a3ba7a0001b46efa,0.0,17.0,9822,4.0
5ee235163a959e2d31a0b521,16,self,1,5ee235163a959e2d31a0b521,1.0,6.0,9836,8.0
5ee235163a959e2d31a0b521,16,other,2,672843ac39c5f80cfdc21d37,1.0,9.0,9836,1.0
5ee235163a959e2d31a0b521,16,other,3,63337737be6252ad76e5f983,0.0,16.0,9836,16.0
5ee235163a959e2d31a0b521,16,other,4,667d506bd3bb37c7d8218a62,0.0,9.0,9836,16.0
5ee267c69586fe718ee7c582,9,self,1,5ee267c69586fe718ee7c582,0.0,20.0,9849,16.0
5ee267c69586fe718ee7c582,9,other,2,5dc6d78cac77c74d18692044,1.0,13.0,9849,7.0
5ee267c69586fe718ee7c582,9,other,3,568e7e33e3ef9e000da202a7,1.0,8.0,9849,10.0
5ee267c69586fe718ee7c582,9,other,4,6142013d4dd8ae5ca2b4329b,0.0,8.0,9849,12.0
5f0e9896f5e4e11e12c8f5ac,15,self,1,5f0e9896f5e4e11e12c8f5ac,0.0,20.0,10275,18.0
5f0e9896f5e4e11e12c8f5ac,15,other,2,5c1813d5d2790700010a718f,1.0,8.0,10275,14.0
5f0e9896f5e4e11e12c8f5ac,15,other,3,5e7a2ccd69a7770604dfb352,1.0,16.0,10275,19.0
5f0e9896f5e4e11e12c8f5ac,15,other,4,61664028d0451f1bf8b9b031,0.0,10.0,10275,14.0
5f0f59f3bc44f50f92845a05,1,self,1,5f0f59f3bc44f50f92845a05,1.0,27.0,10281,25.0
5f0f59f3bc44f50f92845a05,1,other,2,627966f3451caac7a46ca880,1.0,16.0,10281,17.0
5f0f59f3bc44f50f92845a05,1,other,3,5eabf74457f54b1ec1692eeb,0.0,7.0,10281,8.0
5f0f59f3bc44f50f92845a05,1,other,4,5a0e9f5c9b760100013a7944,0.0,16.0,10281,12.0
5f0f59f3bc44f50f92845a05,2,self,1,5f0f59f3bc44f50f92845a05,1.0,27.0,10282,25.0
5f0f59f3bc44f50f92845a05,2,other,2,5e7a2ccd69a7770604dfb352,1.0,16.0,10282,19.0
5f0f59f3bc44f50f92845a05,2,other,3,5f96d1d4c1cd3c03ad1ee15c,0.0,10.0,10282,16.0
5f0f59f3bc44f50f92845a05,2,other,4,655b6a0d11066d07716ab0b5,0.0,13.0,10282,16.0
5f0f59f3bc44f50f92845a05,6,self,1,5f0f59f3bc44f50f92845a05,1.0,27.0,10286,25.0
5f0f59f3bc44f50f92845a05,6,other,2,590dd1c5584166000110eb16,1.0,8.0,10286,16.0
5f0f59f3bc44f50f92845a05,6,other,3,5bd283469afb5b00015bdd5a,0.0,16.0,10286,15.0
5f0f59f3bc44f50f92845a05,6,other,4,64275e53f51a5ed4f6b7d019,0.0,18.0,10286,19.0
5f0f59f3bc44f50f92845a05,8,self,1,5f0f59f3bc44f50f92845a05,1.0,27.0,10288,25.0
5f0f59f3bc44f50f92845a05,8,other,2,678566c2d8d97d8e408c6384,1.0,9.0,10288,13.0
5f0f59f3bc44f50f92845a05,8,other,3,666445e5b72745f04a4f57d6,0.0,6.0,10288,8.0
5f0f59f3bc44f50f92845a05,8,other,4,6773e0b40f0b2ff8e3f09da3,0.0,18.0,10288,13.0
5f0f59f3bc44f50f92845a05,10,self,1,5f0f59f3bc44f50f92845a05,1.0,27.0,10290,25.0
5f0f59f3bc44f50f92845a05,10,other,2,60147f790be39349d775e4f2,1.0,11.0,10290,15.0
5f0f59f3bc44f50f92845a05,10,other,3,68c9a88016a72793ea49ad8c,0.0,12.0,10290,17.0
5f0f59f3bc44f50f92845a05,10,other,4,66921484ddb4167a6a923c12,0.0,12.0,10290,11.0
5f0f59f3bc44f50f92845a05,11,self,1,5f0f59f3bc44f50f92845a05,1.0,27.0,10291,25.0
5f0f59f3bc44f50f92845a05,11,other,2,681561229a9918d9b5803acc,1.0,16.0,10291,1.0
5f0f59f3bc44f50f92845a05,11,other,3,60d0d5e930dc4a90889b2321,0.0,4.0,10291,12.0
5f0f59f3bc44f50f92845a05,11,other,4,5eaae0b28ba2df0570296c3a,0.0,10.0,10291,14.0
5f0f59f3bc44f50f92845a05,12,self,1,5f0f59f3bc44f50f92845a05,1.0,27.0,10292,25.0
5f0f59f3bc44f50f92845a05,12,other,2,60d4817e29759c91a36132e2,1.0,11.0,10292,7.0
5f0f59f3bc44f50f92845a05,12,other,3,674872ead208fe132ec3f4a4,0.0,16.0,10292,16.0
5f0f59f3bc44f50f92845a05,12,other,4,677dd12f5a4389f3f9a18e0a,0.0,17.0,10292,17.0
5f0f59f3bc44f50f92845a05,15,self,1,5f0f59f3bc44f50f92845a05,1.0,27.0,10295,25.0
5f0f59f3bc44f50f92845a05,15,other,2,664f41aa9da79278f9638bd5,1.0,16.0,10295,10.0
5f0f59f3bc44f50f92845a05,15,other,3,60743e408fd768b1a939ed4c,0.0,11.0,10295,8.0
5f0f59f3bc44f50f92845a05,15,other,4,676c9fdb29eb6558c47a3a25,0.0,18.0,10295,17.0
5f0f59f3bc44f50f92845a05,16,self,1,5f0f59f3bc44f50f92845a05,1.0,27.0,10296,25.0
5f0f59f3bc44f50f92845a05,16,other,2,605e491b152b38b079a9ca7c,1.0,16.0,10296,9.0
5f0f59f3bc44f50f92845a05,16,other,3,6634e412b6aa88d8efcdcf3c,0.0,9.0,10296,10.0
5f0f59f3bc44f50f92845a05,16,other,4,654e6a0bf9627c63cff956a7,0.0,8.0,10296,19.0
5f0f59f3bc44f50f92845a05,19,self,1,5f0f59f3bc44f50f92845a05,1.0,27.0,10299,25.0
5f0f59f3bc44f50f92845a05,19,other,2,608349d97d46ab71fc6c7111,1.0,10.0,10299,8.0
5f0f59f3bc44f50f92845a05,19,other,3,5bf5aa89d944c300012634cc,0.0,26.0,10299,18.0
5f0f59f3bc44f50f92845a05,19,other,4,60cefee15b44bd17785295f1,0.0,12.0,10299,12.0
5f0f59f3bc44f50f92845a05,20,self,1,5f0f59f3bc44f50f92845a05,1.0,27.0,10300,25.0
5f0f59f3bc44f50f92845a05,20,other,2,595339f4ad2ce90001b88266,1.0,16.0,10300,19.0
5f0f59f3bc44f50f92845a05,20,other,3,5f58a4009e4e760112ac30d7,0.0,8.0,10300,8.0
5f0f59f3bc44f50f92845a05,20,other,4,615ec4f34cb81d7e58fa144c,0.0,13.0,10300,9.0
5f1b2816e83bcd2d4563a28b,8,self,1,5f1b2816e83bcd2d4563a28b,1.0,7.0,10428,11.0
5f1b2816e83bcd2d4563a28b,8,other,2,5942d73df8bfc00001985c3c,1.0,14.0,10428,14.0
5f1b2816e83bcd2d4563a28b,8,other,3,5c59c96e69dff80001306b0b,0.0,18.0,10428,19.0
5f1b2816e83bcd2d4563a28b,8,other,4,62dcc5dc8fcf471ec987e7cf,0.0,8.0,10428,11.0
5f1b2816e83bcd2d4563a28b,17,self,1,5f1b2816e83bcd2d4563a28b,1.0,7.0,10437,11.0
5f1b2816e83bcd2d4563a28b,17,other,2,605e622287f0e806ffe04590,1.0,9.0,10437,9.0
5f1b2816e83bcd2d4563a28b,17,other,3,5f53be789fbb966fe0d97f07,0.0,24.0,10437,13.0
5f1b2816e83bcd2d4563a28b,17,other,4,6612c390357111d4d83571f5,0.0,11.0,10437,0.0
5f1b2816e83bcd2d4563a28b,19,self,1,5f1b2816e83bcd2d4563a28b,1.0,7.0,10439,11.0
5f1b2816e83bcd2d4563a28b,19,other,2,5a9bff3b6475f900019ffc51,1.0,19.0,10439,8.0
5f1b2816e83bcd2d4563a28b,19,other,3,6138e9d4aa1428328bee7cf3,0.0,8.0,10439,2.0
5f1b2816e83bcd2d4563a28b,19,other,4,663bdaa8efe54667f41a46ca,0.0,16.0,10439,12.0
5f1dea279f4818757f07f087,3,self,1,5f1dea279f4818757f07f087,1.0,3.0,10463,17.0
5f1dea279f4818757f07f087,3,other,2,62c7e2035db496124cf69b56,1.0,19.0,10463,16.0
5f1dea279f4818757f07f087,3,other,3,67d1509d2f6eaf6999ddc061,0.0,8.0,10463,1.0
5f1dea279f4818757f07f087,3,other,4,5c651332bcb1b40001864762,0.0,24.0,10463,18.0
5f1dea279f4818757f07f087,9,self,1,5f1dea279f4818757f07f087,1.0,3.0,10469,17.0
5f1dea279f4818757f07f087,9,other,2,6658d66a5e45cac0aaeb54de,1.0,8.0,10469,6.0
5f1dea279f4818757f07f087,9,other,3,63b726bd148ea7d9910f50d2,0.0,16.0,10469,11.0
5f1dea279f4818757f07f087,9,other,4,5fa1636a77c875235bd8e1f6,0.0,14.0,10469,18.0
5f1dea279f4818757f07f087,12,self,1,5f1dea279f4818757f07f087,1.0,3.0,10472,17.0
5f1dea279f4818757f07f087,12,other,2,66293a5710fb93854b181793,1.0,10.0,10472,10.0
5f1dea279f4818757f07f087,12,other,3,675662c8da055bc788c8a805,0.0,8.0,10472,5.0
5f1dea279f4818757f07f087,12,other,4,673bea21bb668bb18579ac22,0.0,11.0,10472,13.0
5f232c73d12b450ca5c68c76,2,self,1,5f232c73d12b450ca5c68c76,0.0,15.0,10482,16.0
5f232c73d12b450ca5c68c76,2,other,2,677dc8b2a9160d395ca7e008,1.0,10.0,10482,16.0
5f232c73d12b450ca5c68c76,2,other,3,6813fb6e6bf8c3d60d489aa4,1.0,8.0,10482,4.0
5f232c73d12b450ca5c68c76,2,other,4,60a4efcabe6d8f29513a5258,0.0,20.0,10482,18.0
5f232c73d12b450ca5c68c76,4,self,1,5f232c73d12b450ca5c68c76,0.0,15.0,10484,16.0
5f232c73d12b450ca5c68c76,4,other,2,5c38dab0f0ae4c00011238c1,1.0,16.0,10484,20.0
5f232c73d12b450ca5c68c76,4,other,3,5c0c3112594d92000167bdcd,1.0,4.0,10484,8.0
5f232c73d12b450ca5c68c76,4,other,4,67ad9cde850439d06ff7f242,0.0,15.0,10484,21.0
5f232c73d12b450ca5c68c76,8,self,1,5f232c73d12b450ca5c68c76,0.0,15.0,10488,16.0
5f232c73d12b450ca5c68c76,8,other,2,648dd5ff84a1dfe40201f286,1.0,17.0,10488,14.0
5f232c73d12b450ca5c68c76,8,other,3,5dcdb60be64aaa07c14065cc,1.0,0.0,10488,10.0
5f232c73d12b450ca5c68c76,8,other,4,63469662d9e84d379f52c166,0.0,4.0,10488,0.0
5f232c73d12b450ca5c68c76,17,self,1,5f232c73d12b450ca5c68c76,0.0,15.0,10497,16.0
5f232c73d12b450ca5c68c76,17,other,2,603ceb8f82d6b0a88e6cb99a,1.0,1.0,10497,3.0
5f232c73d12b450ca5c68c76,17,other,3,5d4252914733ca0018ff29d7,1.0,8.0,10497,3.0
5f232c73d12b450ca5c68c76,17,other,4,5c4f5967aac8be0001716a65,0.0,20.0,10497,13.0
5f25e860dd98342ce97e7403,9,self,1,5f25e860dd98342ce97e7403,1.0,20.0,10529,26.0
5f25e860dd98342ce97e7403,9,other,2,648978eef0a4e73b67c9c153,1.0,19.0,10529,12.0
5f25e860dd98342ce97e7403,9,other,3,5d514a73f20feb00160b5e0e,0.0,10.0,10529,16.0
5f25e860dd98342ce97e7403,9,other,4,629dd4199343d7710fcdb39c,0.0,19.0,10529,15.0
5f273a1646f68e514633ee27,12,self,1,5f273a1646f68e514633ee27,1.0,16.0,10552,17.0
5f273a1646f68e514633ee27,12,other,2,60feca9223aed7b785e6018d,1.0,9.0,10552,20.0
5f273a1646f68e514633ee27,12,other,3,676d4df3d8f09dc5f1994d7d,0.0,24.0,10552,19.0
5f273a1646f68e514633ee27,12,other,4,5ebb26c872b18c0f47c14bb4,0.0,9.0,10552,16.0
5f369f5484d5ad083b7ce317,20,self,1,5f369f5484d5ad083b7ce317,1.0,18.0,10600,16.0
5f369f5484d5ad083b7ce317,20,other,2,66edc72a30ec9b38153f1b50,1.0,12.0,10600,16.0
5f369f5484d5ad083b7ce317,20,other,3,5f1072dbfd703f084bb995f7,0.0,16.0,10600,17.0
5f369f5484d5ad083b7ce317,20,other,4,665ba6320399db768cb43621,0.0,14.0,10600,17.0
5f39a2fd2d394917284dd66f,6,self,1,5f39a2fd2d394917284dd66f,1.0,12.0,10606,8.0
5f39a2fd2d394917284dd66f,6,other,2,672a21a1fce596116252b41e,1.0,8.0,10606,8.0
5f39a2fd2d394917284dd66f,6,other,3,65edebf1c2c09681c2b91185,0.0,18.0,10606,20.0
5f39a2fd2d394917284dd66f,6,other,4,65ad38a1b4da5762a8907fe5,0.0,17.0,10606,20.0
5f39a2fd2d394917284dd66f,14,self,1,5f39a2fd2d394917284dd66f,1.0,12.0,10614,8.0
5f39a2fd2d394917284dd66f,14,other,2,5ecb8c295b660e710cb6fbac,1.0,34.0,10614,26.0
5f39a2fd2d394917284dd66f,14,other,3,66edc94424f4081033b40827,0.0,17.0,10614,25.0
5f39a2fd2d394917284dd66f,14,other,4,677f6487bec60283d8518ead,0.0,8.0,10614,14.0
5f3a94e729c8456caba57036,5,self,1,5f3a94e729c8456caba57036,0.0,9.0,10625,14.0
5f3a94e729c8456caba57036,5,other,2,63d420b1d5b7dc6a3a4c50aa,1.0,6.0,10625,2.0
5f3a94e729c8456caba57036,5,other,3,6664927aa7e156f84937c5bf,1.0,18.0,10625,17.0
5f3a94e729c8456caba57036,5,other,4,67ed6ee44fad10f49556159a,0.0,11.0,10625,12.0
5f3a94e729c8456caba57036,7,self,1,5f3a94e729c8456caba57036,0.0,9.0,10627,14.0
5f3a94e729c8456caba57036,7,other,2,5f4738bfa043201203a27b4b,1.0,12.0,10627,16.0
5f3a94e729c8456caba57036,7,other,3,67a796cd3ddc2ecc4a26fa35,1.0,11.0,10627,12.0
5f3a94e729c8456caba57036,7,other,4,677c0ace1bbf48bb7c96aeaa,0.0,14.0,10627,11.0
5f3ac1732efa0a74f975b1a8,1,self,1,5f3ac1732efa0a74f975b1a8,1.0,3.0,10641,14.0
5f3ac1732efa0a74f975b1a8,1,other,2,615239af65358edf57e7a095,1.0,8.0,10641,10.0
5f3ac1732efa0a74f975b1a8,1,other,3,629dd4199343d7710fcdb39c,0.0,19.0,10641,15.0
5f3ac1732efa0a74f975b1a8,1,other,4,66475899abb5d338e3f2ba4f,0.0,9.0,10641,13.0
5f3bc91327d97393a0c56178,6,self,1,5f3bc91327d97393a0c56178,0.0,5.0,10666,16.0
5f3bc91327d97393a0c56178,6,other,2,66be5fde262694b5262482b1,1.0,13.0,10666,17.0
5f3bc91327d97393a0c56178,6,other,3,6773b840c558767d3804febe,1.0,17.0,10666,14.0
5f3bc91327d97393a0c56178,6,other,4,67f29249f806e5d43bd01798,0.0,18.0,10666,10.0
5f3bc91327d97393a0c56178,12,self,1,5f3bc91327d97393a0c56178,0.0,5.0,10672,16.0
5f3bc91327d97393a0c56178,12,other,2,5c0c3112594d92000167bdcd,1.0,4.0,10672,8.0
5f3bc91327d97393a0c56178,12,other,3,67617ff8a1f4fa350af4fbb5,1.0,14.0,10672,17.0
5f3bc91327d97393a0c56178,12,other,4,677c3673a70a96852583ac26,0.0,12.0,10672,8.0
5f3e788210bda10837e37fca,6,self,1,5f3e788210bda10837e37fca,1.0,11.0,10686,13.0
5f3e788210bda10837e37fca,6,other,2,67dbeabb9f3bd066c8a56685,1.0,12.0,10686,17.0
5f3e788210bda10837e37fca,6,other,3,606ddb0033f69d1a832059cd,0.0,6.0,10686,9.0
5f3e788210bda10837e37fca,6,other,4,66acd6fce13998efa02007a6,0.0,20.0,10686,17.0
5f4d968cacc80fa73143cdf3,5,self,1,5f4d968cacc80fa73143cdf3,0.0,32.0,10745,30.0
5f4d968cacc80fa73143cdf3,5,other,2,66537b0010ca11939058e52b,1.0,8.0,10745,6.0
5f4d968cacc80fa73143cdf3,5,other,3,59ff1a23f2e3460001eda6d5,1.0,18.0,10745,14.0
5f4d968cacc80fa73143cdf3,5,other,4,678e3386256d5b8e6ee50cb3,0.0,16.0,10745,19.0
5f4d968cacc80fa73143cdf3,6,self,1,5f4d968cacc80fa73143cdf3,0.0,32.0,10746,30.0
5f4d968cacc80fa73143cdf3,6,other,2,678006318afafe2d811d0277,1.0,17.0,10746,16.0
5f4d968cacc80fa73143cdf3,6,other,3,66537b0010ca11939058e52b,1.0,8.0,10746,6.0
5f4d968cacc80fa73143cdf3,6,other,4,5e7ca836a60b642ec70880b1,0.0,23.0,10746,20.0
5f4d968cacc80fa73143cdf3,16,self,1,5f4d968cacc80fa73143cdf3,0.0,32.0,10756,30.0
5f4d968cacc80fa73143cdf3,16,other,2,615eca41d537883c96fc9eec,1.0,8.0,10756,12.0
5f4d968cacc80fa73143cdf3,16,other,3,66b41d5d3c2a978a7aac2264,1.0,3.0,10756,9.0
5f4d968cacc80fa73143cdf3,16,other,4,678d6789735a95ab459fd640,0.0,24.0,10756,21.0
5f4d968cacc80fa73143cdf3,17,self,1,5f4d968cacc80fa73143cdf3,0.0,32.0,10757,30.0
5f4d968cacc80fa73143cdf3,17,other,2,677fea44f0780e29406c0f6a,1.0,12.0,10757,9.0
5f4d968cacc80fa73143cdf3,17,other,3,66df5574de7eab990c808f55,1.0,10.0,10757,11.0
5f4d968cacc80fa73143cdf3,17,other,4,5bb5ddb068558a000125ab50,0.0,17.0,10757,10.0
5f4d968cacc80fa73143cdf3,19,self,1,5f4d968cacc80fa73143cdf3,0.0,32.0,10759,30.0
5f4d968cacc80fa73143cdf3,19,other,2,67045932c671e52de9f8bc4c,1.0,16.0,10759,17.0
5f4d968cacc80fa73143cdf3,19,other,3,5b0b08941e55760001b94b98,1.0,11.0,10759,11.0
5f4d968cacc80fa73143cdf3,19,other,4,60f4696161736ffaef73b434,0.0,11.0,10759,11.0
5f58c306ee03f104eb88bae3,8,self,1,5f58c306ee03f104eb88bae3,1.0,16.0,10888,11.0
5f58c306ee03f104eb88bae3,8,other,2,5cf245d4639b150018eb7351,1.0,10.0,10888,11.0
5f58c306ee03f104eb88bae3,8,other,3,61646e7ec3accfb9d8334ad5,0.0,2.0,10888,8.0
5f58c306ee03f104eb88bae3,8,other,4,5fb8d29daff3bb26b233b979,0.0,14.0,10888,8.0
5f5a58d01989290efa8e09bb,8,self,1,5f5a58d01989290efa8e09bb,0.0,21.0,10908,9.0
5f5a58d01989290efa8e09bb,8,other,2,6112c7a6b0cc80578975e648,1.0,17.0,10908,25.0
5f5a58d01989290efa8e09bb,8,other,3,67fab05a945608890ebd90cb,1.0,13.0,10908,14.0
5f5a58d01989290efa8e09bb,8,other,4,5a0e9f5c9b760100013a7944,0.0,16.0,10908,12.0
5f60fa0a0543ce036fa68ba0,19,self,1,5f60fa0a0543ce036fa68ba0,1.0,5.0,10959,6.0
5f60fa0a0543ce036fa68ba0,19,other,2,672a401ef9623837c59f3af2,1.0,4.0,10959,12.0
5f60fa0a0543ce036fa68ba0,19,other,3,676689ad3d88efc114b35097,0.0,10.0,10959,8.0
5f60fa0a0543ce036fa68ba0,19,other,4,60fb03b73448287eb43f0706,0.0,10.0,10959,12.0
5f6cfa7d98818114a0d8d75e,4,self,1,5f6cfa7d98818114a0d8d75e,0.0,21.0,11044,17.0
5f6cfa7d98818114a0d8d75e,4,other,2,6544b6b0048c6646e5bf4db8,1.0,13.0,11044,5.0
5f6cfa7d98818114a0d8d75e,4,other,3,5d2e3cdf6835130001aa16f0,1.0,7.0,11044,9.0
5f6cfa7d98818114a0d8d75e,4,other,4,6361661d1e9f0ed11a83645c,0.0,9.0,11044,13.0
5f6cfa7d98818114a0d8d75e,16,self,1,5f6cfa7d98818114a0d8d75e,0.0,21.0,11056,17.0
5f6cfa7d98818114a0d8d75e,16,other,2,665a0857a0c87db18a268c58,1.0,18.0,11056,25.0
5f6cfa7d98818114a0d8d75e,16,other,3,678c712ee0a31cf51476dfca,1.0,16.0,11056,12.0
5f6cfa7d98818114a0d8d75e,16,other,4,62a33f629f9fe91f831c2afc,0.0,16.0,11056,0.0
5f6dfe80423f152bb7a96a6f,16,self,1,5f6dfe80423f152bb7a96a6f,0.0,9.0,11076,17.0
5f6dfe80423f152bb7a96a6f,16,other,2,61113f20a9497a72b0c1ed6c,1.0,13.0,11076,16.0
5f6dfe80423f152bb7a96a6f,16,other,3,6277dd39dea28b8907aeef70,1.0,16.0,11076,20.0
5f6dfe80423f152bb7a96a6f,16,other,4,67ad9cde850439d06ff7f242,0.0,15.0,11076,21.0
5f6e71ea9dd5cb3b2bdb45b6,4,self,1,5f6e71ea9dd5cb3b2bdb45b6,0.0,13.0,11084,14.0
5f6e71ea9dd5cb3b2bdb45b6,4,other,2,613b007b4e9cc4ef5a63f334,1.0,10.0,11084,19.0
5f6e71ea9dd5cb3b2bdb45b6,4,other,3,6724f64f20aa833adf9702eb,1.0,12.0,11084,12.0
5f6e71ea9dd5cb3b2bdb45b6,4,other,4,5f232c73d12b450ca5c68c76,0.0,15.0,11084,16.0
5f6e76757befe43b22307387,20,self,1,5f6e76757befe43b22307387,0.0,18.0,11120,22.0
5f6e76757befe43b22307387,20,other,2,663dff19b292e4e2c5c11a1b,1.0,10.0,11120,11.0
5f6e76757befe43b22307387,20,other,3,627966f3451caac7a46ca880,1.0,16.0,11120,17.0
5f6e76757befe43b22307387,20,other,4,60fd00abc3abd38c0302fde8,0.0,14.0,11120,20.0
5f6f6363bc475b4ef318efb8,1,self,1,5f6f6363bc475b4ef318efb8,0.0,26.0,11121,18.0
5f6f6363bc475b4ef318efb8,1,other,2,602fc626090088d257016a7c,1.0,4.0,11121,9.0
5f6f6363bc475b4ef318efb8,1,other,3,6772eeb04cc894a8827b1ed1,1.0,10.0,11121,14.0
5f6f6363bc475b4ef318efb8,1,other,4,5be1b59a8425f6000141b942,0.0,9.0,11121,16.0
5f6f6363bc475b4ef318efb8,2,self,1,5f6f6363bc475b4ef318efb8,0.0,26.0,11122,18.0
5f6f6363bc475b4ef318efb8,2,other,2,5ba641d1168e5e0001e4275d,1.0,20.0,11122,19.0
5f6f6363bc475b4ef318efb8,2,other,3,66e39617700f6ac648af2498,1.0,10.0,11122,16.0
5f6f6363bc475b4ef318efb8,2,other,4,5d7a1fce27fb8a000196993e,0.0,13.0,11122,12.0
5f6f6363bc475b4ef318efb8,17,self,1,5f6f6363bc475b4ef318efb8,0.0,26.0,11137,18.0
5f6f6363bc475b4ef318efb8,17,other,2,655fa05b1303f59972ea6555,1.0,17.0,11137,17.0
5f6f6363bc475b4ef318efb8,17,other,3,5e2f5b28129198070e2996db,1.0,8.0,11137,8.0
5f6f6363bc475b4ef318efb8,17,other,4,5cd1a622fa7c8b0001a48044,0.0,16.0,11137,18.0
5f6f6363bc475b4ef318efb8,18,self,1,5f6f6363bc475b4ef318efb8,0.0,26.0,11138,18.0
5f6f6363bc475b4ef318efb8,18,other,2,5cf245d4639b150018eb7351,1.0,10.0,11138,11.0
5f6f6363bc475b4ef318efb8,18,other,3,5e69987e0873d600084bc920,1.0,12.0,11138,16.0
5f6f6363bc475b4ef318efb8,18,other,4,5e9f0bc126557006ea49d1f4,0.0,4.0,11138,16.0
5f85f217f845b10f388f2ce7,17,self,1,5f85f217f845b10f388f2ce7,1.0,17.0,11257,8.0
5f85f217f845b10f388f2ce7,17,other,2,6664927aa7e156f84937c5bf,1.0,18.0,11257,17.0
5f85f217f845b10f388f2ce7,17,other,3,67e8ffe90ba972b691421fcf,0.0,17.0,11257,17.0
5f85f217f845b10f388f2ce7,17,other,4,672c18b9a6c9d7bb286cd039,0.0,3.0,11257,1.0
5f8de19aaf4fc8163abd08f9,14,self,1,5f8de19aaf4fc8163abd08f9,0.0,5.0,11274,5.0
5f8de19aaf4fc8163abd08f9,14,other,2,5d5167d1374c5d0001b56d8b,1.0,12.0,11274,8.0
5f8de19aaf4fc8163abd08f9,14,other,3,65cead31ddb7be095dddd3ee,1.0,16.0,11274,20.0
5f8de19aaf4fc8163abd08f9,14,other,4,6143e022ec8dfbce17b7e211,0.0,16.0,11274,12.0
5f8ef8e63fdd230d00f5d0e4,10,self,1,5f8ef8e63fdd230d00f5d0e4,0.0,18.0,11310,12.0
5f8ef8e63fdd230d00f5d0e4,10,other,2,65e4d77aff8f62cfcb72fe4c,1.0,10.0,11310,10.0
5f8ef8e63fdd230d00f5d0e4,10,other,3,661149a91b7fad3a3d2caf0c,1.0,10.0,11310,11.0
5f8ef8e63fdd230d00f5d0e4,10,other,4,6053790f2babfba77b1cfebb,0.0,4.0,11310,8.0
5f985f3a4bc1cf120675f408,9,self,1,5f985f3a4bc1cf120675f408,1.0,25.0,11389,20.0
5f985f3a4bc1cf120675f408,9,other,2,58a43e029a17120001d910d5,1.0,17.0,11389,14.0
5f985f3a4bc1cf120675f408,9,other,3,5af2a03697a14300017d2ba4,0.0,32.0,11389,24.0
5f985f3a4bc1cf120675f408,9,other,4,5f1c29f047a90a049690ef7e,0.0,18.0,11389,12.0
5fa1636a77c875235bd8e1f6,2,self,1,5fa1636a77c875235bd8e1f6,0.0,14.0,11402,18.0
5fa1636a77c875235bd8e1f6,2,other,2,596e7593b174180001756f23,1.0,10.0,11402,17.0
5fa1636a77c875235bd8e1f6,2,other,3,5f369f5484d5ad083b7ce317,1.0,18.0,11402,16.0
5fa1636a77c875235bd8e1f6,2,other,4,677c0ace1bbf48bb7c96aeaa,0.0,14.0,11402,11.0
5fa2e56fe794555527f2c8ef,18,self,1,5fa2e56fe794555527f2c8ef,1.0,24.0,11438,21.0
5fa2e56fe794555527f2c8ef,18,other,2,5f3ac1732efa0a74f975b1a8,1.0,3.0,11438,14.0
5fa2e56fe794555527f2c8ef,18,other,3,60e946b21766932f648d56e0,0.0,17.0,11438,18.0
5fa2e56fe794555527f2c8ef,18,other,4,6765f0f70b5bf9820e27589e,0.0,9.0,11438,11.0
5fa3f95e37e424055200c834,19,self,1,5fa3f95e37e424055200c834,0.0,9.0,11459,12.0
5fa3f95e37e424055200c834,19,other,2,65e4d77aff8f62cfcb72fe4c,1.0,10.0,11459,10.0
5fa3f95e37e424055200c834,19,other,3,66465afcd7be26227a70ea74,1.0,16.0,11459,11.0
5fa3f95e37e424055200c834,19,other,4,672c99775b51436252e1b231,0.0,9.0,11459,6.0
5faf5be7eb05711e07faf4cf,1,self,1,5faf5be7eb05711e07faf4cf,1.0,24.0,11481,24.0
5faf5be7eb05711e07faf4cf,1,other,2,6658d27edd60f6a0b5dcb504,1.0,24.0,11481,20.0
5faf5be7eb05711e07faf4cf,1,other,3,66904eae25e477d074070a89,0.0,10.0,11481,6.0
5faf5be7eb05711e07faf4cf,1,other,4,638612440ec47409005d14da,0.0,12.0,11481,14.0
5faf5be7eb05711e07faf4cf,9,self,1,5faf5be7eb05711e07faf4cf,1.0,24.0,11489,24.0
5faf5be7eb05711e07faf4cf,9,other,2,659ab50980820849a02c0b5f,1.0,9.0,11489,8.0
5faf5be7eb05711e07faf4cf,9,other,3,655b6a0d11066d07716ab0b5,0.0,13.0,11489,16.0
5faf5be7eb05711e07faf4cf,9,other,4,629dd4199343d7710fcdb39c,0.0,19.0,11489,15.0
5faf5be7eb05711e07faf4cf,15,self,1,5faf5be7eb05711e07faf4cf,1.0,24.0,11495,24.0
5faf5be7eb05711e07faf4cf,15,other,2,62029a95ef1cb18a1337c695,1.0,16.0,11495,17.0
5faf5be7eb05711e07faf4cf,15,other,3,5e493133b4bc203a048f8ce9,0.0,12.0,11495,25.0
5faf5be7eb05711e07faf4cf,15,other,4,668a922e45bcf95efdf3de93,0.0,11.0,11495,13.0
5fb08ec5ddc19949a58f5a4f,18,self,1,5fb08ec5ddc19949a58f5a4f,1.0,9.0,11518,2.0
5fb08ec5ddc19949a58f5a4f,18,other,2,5d41d708128a05000183c461,1.0,16.0,11518,16.0
5fb08ec5ddc19949a58f5a4f,18,other,3,62fce9a6d7fa7bc8559d6ce1,0.0,12.0,11518,16.0
5fb08ec5ddc19949a58f5a4f,18,other,4,64623fb9c31bd4da22cb60fd,0.0,13.0,11518,20.0
5fb7e091a2e58b415d17ab1a,2,self,1,5fb7e091a2e58b415d17ab1a,0.0,1.0,11582,8.0
5fb7e091a2e58b415d17ab1a,2,other,2,6685aed20b0f1e245329031e,1.0,9.0,11582,8.0
5fb7e091a2e58b415d17ab1a,2,other,3,673ccffc13c6b41210c3de41,1.0,13.0,11582,16.0
5fb7e091a2e58b415d17ab1a,2,other,4,66d7fe7977b451b0107e054b,0.0,6.0,11582,13.0
5fb7e091a2e58b415d17ab1a,5,self,1,5fb7e091a2e58b415d17ab1a,0.0,1.0,11585,8.0
5fb7e091a2e58b415d17ab1a,5,other,2,5e13ad514c81b2a01ae4aa9f,1.0,16.0,11585,6.0
5fb7e091a2e58b415d17ab1a,5,other,3,5d920df12b679a00182bbc73,1.0,13.0,11585,12.0
5fb7e091a2e58b415d17ab1a,5,other,4,6400df45e639d203b8518cad,0.0,16.0,11585,17.0
5fb7e091a2e58b415d17ab1a,8,self,1,5fb7e091a2e58b415d17ab1a,0.0,1.0,11588,8.0
5fb7e091a2e58b415d17ab1a,8,other,2,6728332a47c2c47f9daef26f,1.0,16.0,11588,17.0
5fb7e091a2e58b415d17ab1a,8,other,3,5ed68c770e41400dd0056c55,1.0,17.0,11588,17.0
5fb7e091a2e58b415d17ab1a,8,other,4,632b3639f61612815d100608,0.0,2.0,11588,10.0
5fb7e091a2e58b415d17ab1a,11,self,1,5fb7e091a2e58b415d17ab1a,0.0,1.0,11591,8.0
5fb7e091a2e58b415d17ab1a,11,other,2,61085127e5234dfd63a0c740,1.0,19.0,11591,17.0
5fb7e091a2e58b415d17ab1a,11,other,3,678e978dfeca0ba2fca8109f,1.0,16.0,11591,20.0
5fb7e091a2e58b415d17ab1a,11,other,4,5d9b5e2d8465bf02e1190626,0.0,18.0,11591,16.0
5fb7e091a2e58b415d17ab1a,12,self,1,5fb7e091a2e58b415d17ab1a,0.0,1.0,11592,8.0
5fb7e091a2e58b415d17ab1a,12,other,2,5d5eb07672a0690001cee147,1.0,18.0,11592,16.0
5fb7e091a2e58b415d17ab1a,12,other,3,615a170c6eca532c6f57e09c,1.0,18.0,11592,16.0
5fb7e091a2e58b415d17ab1a,12,other,4,63eeaf9f8433c653dedbd574,0.0,11.0,11592,6.0
5fb7e091a2e58b415d17ab1a,14,self,1,5fb7e091a2e58b415d17ab1a,0.0,1.0,11594,8.0
5fb7e091a2e58b415d17ab1a,14,other,2,669e61adbefb042cfd423117,1.0,16.0,11594,18.0
5fb7e091a2e58b415d17ab1a,14,other,3,5e4db97c679288216771f059,1.0,11.0,11594,16.0
5fb7e091a2e58b415d17ab1a,14,other,4,63d9e1f02776bb4b5cd8e5e1,0.0,17.0,11594,16.0
5fb7e091a2e58b415d17ab1a,18,self,1,5fb7e091a2e58b415d17ab1a,0.0,1.0,11598,8.0
5fb7e091a2e58b415d17ab1a,18,other,2,5e170b9ad51cf301722d91d2,1.0,15.0,11598,11.0
5fb7e091a2e58b415d17ab1a,18,other,3,5ee235163a959e2d31a0b521,1.0,6.0,11598,8.0
5fb7e091a2e58b415d17ab1a,18,other,4,5c9f4ad2bbce4600016f3771,0.0,17.0,11598,25.0
5fb8b141a2e5dd63494c80f1,1,self,1,5fb8b141a2e5dd63494c80f1,1.0,28.0,11601,18.0
5fb8b141a2e5dd63494c80f1,1,other,2,60ed501279c68ea1a313d0aa,1.0,16.0,11601,10.0
5fb8b141a2e5dd63494c80f1,1,other,3,5f51947ba90f9b3ea1d2fe61,0.0,19.0,11601,17.0
5fb8b141a2e5dd63494c80f1,1,other,4,5fca1ed870a25c585f1a7515,0.0,3.0,11601,10.0
5fb8b141a2e5dd63494c80f1,2,self,1,5fb8b141a2e5dd63494c80f1,1.0,28.0,11602,18.0
5fb8b141a2e5dd63494c80f1,2,other,2,5f072bda6cd79c09f05284cb,1.0,13.0,11602,10.0
5fb8b141a2e5dd63494c80f1,2,other,3,63d076d846d3d9dc35910778,0.0,19.0,11602,19.0
5fb8b141a2e5dd63494c80f1,2,other,4,650affc9502d6cbe607d5a7b,0.0,17.0,11602,17.0
5fb8b141a2e5dd63494c80f1,3,self,1,5fb8b141a2e5dd63494c80f1,1.0,28.0,11603,18.0
5fb8b141a2e5dd63494c80f1,3,other,2,64ba9642130597dc3e7ee6bb,1.0,10.0,11603,12.0
5fb8b141a2e5dd63494c80f1,3,other,3,678999ae711e51b34f896a93,0.0,5.0,11603,9.0
5fb8b141a2e5dd63494c80f1,3,other,4,66ad3561c1e5c019916365fb,0.0,11.0,11603,16.0
5fb8b141a2e5dd63494c80f1,4,self,1,5fb8b141a2e5dd63494c80f1,1.0,28.0,11604,18.0
5fb8b141a2e5dd63494c80f1,4,other,2,677dc8b2a9160d395ca7e008,1.0,10.0,11604,16.0
5fb8b141a2e5dd63494c80f1,4,other,3,664a0d8b5ef52adae600c9fa,0.0,5.0,11604,8.0
5fb8b141a2e5dd63494c80f1,4,other,4,6033d643f0cc960c580c716c,0.0,11.0,11604,9.0
5fb8b141a2e5dd63494c80f1,5,self,1,5fb8b141a2e5dd63494c80f1,1.0,28.0,11605,18.0
5fb8b141a2e5dd63494c80f1,5,other,2,666601cef955d69a64aa5e8f,1.0,8.0,11605,2.0
5fb8b141a2e5dd63494c80f1,5,other,3,60a3ac51b06fa9eb29a105bc,0.0,16.0,11605,16.0
5fb8b141a2e5dd63494c80f1,5,other,4,667c2175b570aa694ce2f63c,0.0,11.0,11605,16.0
5fb8b141a2e5dd63494c80f1,6,self,1,5fb8b141a2e5dd63494c80f1,1.0,28.0,11606,18.0
5fb8b141a2e5dd63494c80f1,6,other,2,609c2dcbc88bdd19e0be4b98,1.0,16.0,11606,10.0
5fb8b141a2e5dd63494c80f1,6,other,3,63222311994c6e4c35bb2a55,0.0,9.0,11606,9.0
5fb8b141a2e5dd63494c80f1,6,other,4,6662284a47e15ebf4719c42f,0.0,11.0,11606,13.0
5fb8b141a2e5dd63494c80f1,7,self,1,5fb8b141a2e5dd63494c80f1,1.0,28.0,11607,18.0
5fb8b141a2e5dd63494c80f1,7,other,2,63d7b16595cb392c4501cc1e,1.0,17.0,11607,18.0
5fb8b141a2e5dd63494c80f1,7,other,3,5a7889d32a842c0001fc3cbe,0.0,18.0,11607,16.0
5fb8b141a2e5dd63494c80f1,7,other,4,5c3c7913b4f22c0001a0809c,0.0,11.0,11607,13.0
5fb8b141a2e5dd63494c80f1,8,self,1,5fb8b141a2e5dd63494c80f1,1.0,28.0,11608,18.0
5fb8b141a2e5dd63494c80f1,8,other,2,5a70b6b882968f0001a6b12f,1.0,9.0,11608,10.0
5fb8b141a2e5dd63494c80f1,8,other,3,63d13ca3a2e69ec8e19569f2,0.0,16.0,11608,9.0
5fb8b141a2e5dd63494c80f1,8,other,4,66e0c0a1fab28ce6352ae19c,0.0,13.0,11608,17.0
5fb8b141a2e5dd63494c80f1,9,self,1,5fb8b141a2e5dd63494c80f1,1.0,28.0,11609,18.0
5fb8b141a2e5dd63494c80f1,9,other,2,64bbe3ccf05e537a07257be2,1.0,10.0,11609,18.0
5fb8b141a2e5dd63494c80f1,9,other,3,5f51529b15e36638fe535eae,0.0,24.0,11609,24.0
5fb8b141a2e5dd63494c80f1,9,other,4,655505e7a601c885f69e29c2,0.0,18.0,11609,17.0
5fb8b141a2e5dd63494c80f1,10,self,1,5fb8b141a2e5dd63494c80f1,1.0,28.0,11610,18.0
5fb8b141a2e5dd63494c80f1,10,other,2,5eff07d279c81803541503a8,1.0,3.0,11610,6.0
5fb8b141a2e5dd63494c80f1,10,other,3,55e876f25e4d360012cc283d,0.0,16.0,11610,20.0
5fb8b141a2e5dd63494c80f1,10,other,4,675354c455030f7ac6a19d47,0.0,5.0,11610,7.0
5fb8b141a2e5dd63494c80f1,11,self,1,5fb8b141a2e5dd63494c80f1,1.0,28.0,11611,18.0
5fb8b141a2e5dd63494c80f1,11,other,2,56888951d7848e000c39a122,1.0,1.0,11611,2.0
5fb8b141a2e5dd63494c80f1,11,other,3,631745d0e4433095276973e4,0.0,16.0,11611,17.0
5fb8b141a2e5dd63494c80f1,11,other,4,67d0c546e34a839a2c0d67a0,0.0,18.0,11611,21.0
5fb8b141a2e5dd63494c80f1,12,self,1,5fb8b141a2e5dd63494c80f1,1.0,28.0,11612,18.0
5fb8b141a2e5dd63494c80f1,12,other,2,63d29a1e50cf0f82998d2564,1.0,16.0,11612,13.0
5fb8b141a2e5dd63494c80f1,12,other,3,5e0fa2ede5abae000bd43bda,0.0,26.0,11612,25.0
5fb8b141a2e5dd63494c80f1,12,other,4,5bb5ddb068558a000125ab50,0.0,17.0,11612,10.0
5fb8b141a2e5dd63494c80f1,13,self,1,5fb8b141a2e5dd63494c80f1,1.0,28.0,11613,18.0
5fb8b141a2e5dd63494c80f1,13,other,2,5dd6e8e3e426bd67d5b1c7e0,1.0,16.0,11613,26.0
5fb8b141a2e5dd63494c80f1,13,other,3,60c6cd8bacdf5d1f27924048,0.0,3.0,11613,16.0
5fb8b141a2e5dd63494c80f1,13,other,4,574cca765e5491000f3c89e0,0.0,12.0,11613,9.0
5fb8b141a2e5dd63494c80f1,14,self,1,5fb8b141a2e5dd63494c80f1,1.0,28.0,11614,18.0
5fb8b141a2e5dd63494c80f1,14,other,2,60b0015eb67dca63ffe16ae0,1.0,17.0,11614,16.0
5fb8b141a2e5dd63494c80f1,14,other,3,558955ebfdf99b6bd06016c9,0.0,25.0,11614,27.0
5fb8b141a2e5dd63494c80f1,14,other,4,5c651332bcb1b40001864762,0.0,24.0,11614,18.0
5fb8b141a2e5dd63494c80f1,15,self,1,5fb8b141a2e5dd63494c80f1,1.0,28.0,11615,18.0
5fb8b141a2e5dd63494c80f1,15,other,2,55eee81b9df9fe000efae1d4,1.0,10.0,11615,16.0
5fb8b141a2e5dd63494c80f1,15,other,3,65ad35a96f13be31e82d4d70,0.0,16.0,11615,16.0
5fb8b141a2e5dd63494c80f1,15,other,4,5b1bc42168a5ed0001737ef3,0.0,16.0,11615,13.0
5fb8b141a2e5dd63494c80f1,16,self,1,5fb8b141a2e5dd63494c80f1,1.0,28.0,11616,18.0
5fb8b141a2e5dd63494c80f1,16,other,2,6644ba9c868c5e3ef67f56db,1.0,21.0,11616,18.0
5fb8b141a2e5dd63494c80f1,16,other,3,5e6a6d1f833f2d021f683ea7,0.0,25.0,11616,21.0
5fb8b141a2e5dd63494c80f1,16,other,4,6632687cb045de5ac33ceea3,0.0,9.0,11616,15.0
5fb8b141a2e5dd63494c80f1,17,self,1,5fb8b141a2e5dd63494c80f1,1.0,28.0,11617,18.0
5fb8b141a2e5dd63494c80f1,17,other,2,5e28b99e1aacba092acd8cbd,1.0,0.0,11617,20.0
5fb8b141a2e5dd63494c80f1,17,other,3,67d1509d2f6eaf6999ddc061,0.0,8.0,11617,1.0
5fb8b141a2e5dd63494c80f1,17,other,4,5b97f70161c19e00018db4a8,0.0,17.0,11617,16.0
5fb8b141a2e5dd63494c80f1,18,self,1,5fb8b141a2e5dd63494c80f1,1.0,28.0,11618,18.0
5fb8b141a2e5dd63494c80f1,18,other,2,67ad517b1efac540ebdd1752,1.0,16.0,11618,12.0
5fb8b141a2e5dd63494c80f1,18,other,3,5b2fda4e530770000105a60a,0.0,16.0,11618,18.0
5fb8b141a2e5dd63494c80f1,18,other,4,60008e2ee4d8c913c602e0cd,0.0,20.0,11618,18.0
5fb8b141a2e5dd63494c80f1,19,self,1,5fb8b141a2e5dd63494c80f1,1.0,28.0,11619,18.0
5fb8b141a2e5dd63494c80f1,19,other,2,5b0b08941e55760001b94b98,1.0,11.0,11619,11.0
5fb8b141a2e5dd63494c80f1,19,other,3,666f9b23519a8d810a4c5b8a,0.0,5.0,11619,13.0
5fb8b141a2e5dd63494c80f1,19,other,4,632b9d9bc38454f47019295c,0.0,8.0,11619,16.0
5fb8b141a2e5dd63494c80f1,20,self,1,5fb8b141a2e5dd63494c80f1,1.0,28.0,11620,18.0
5fb8b141a2e5dd63494c80f1,20,other,2,6685aed20b0f1e245329031e,1.0,9.0,11620,8.0
5fb8b141a2e5dd63494c80f1,20,other,3,673b27194ee61c182145405b,0.0,20.0,11620,21.0
5fb8b141a2e5dd63494c80f1,20,other,4,5ef7c6094ffead5091899f98,0.0,20.0,11620,19.0
5fb8d29daff3bb26b233b979,12,self,1,5fb8d29daff3bb26b233b979,0.0,14.0,11632,8.0
5fb8d29daff3bb26b233b979,12,other,2,6655e085b2b827c02d469855,1.0,17.0,11632,18.0
5fb8d29daff3bb26b233b979,12,other,3,67e9c73caada4a6aea341f5b,1.0,9.0,11632,11.0
5fb8d29daff3bb26b233b979,12,other,4,676f0bdedfb3362f560115f0,0.0,19.0,11632,27.0
5fbafd1b299177bdcc7aa4ac,14,self,1,5fbafd1b299177bdcc7aa4ac,1.0,21.0,11654,18.0
5fbafd1b299177bdcc7aa4ac,14,other,2,660d96a4b0b9a45fb6fcd2e3,1.0,19.0,11654,17.0
5fbafd1b299177bdcc7aa4ac,14,other,3,634e7bbcec6f28ed59e5bd59,0.0,16.0,11654,19.0
5fbafd1b299177bdcc7aa4ac,14,other,4,5807b8dac7b1100001138e89,0.0,9.0,11654,15.0
5fbfa186195ef82d092dd53c,8,self,1,5fbfa186195ef82d092dd53c,1.0,10.0,11708,8.0
5fbfa186195ef82d092dd53c,8,other,2,6722865129f6fefb67dd3921,1.0,4.0,11708,11.0
5fbfa186195ef82d092dd53c,8,other,3,67f67d04686f4f467e3a6c76,0.0,10.0,11708,11.0
5fbfa186195ef82d092dd53c,8,other,4,622b9908a530683a9c67740b,0.0,16.0,11708,8.0
5fc686297a22da0524cc09dd,14,self,1,5fc686297a22da0524cc09dd,1.0,17.0,11734,18.0
5fc686297a22da0524cc09dd,14,other,2,5fd6b4a35025425f9acafb30,1.0,8.0,11734,12.0
5fc686297a22da0524cc09dd,14,other,3,6633e281f08a156a04a3379d,0.0,13.0,11734,9.0
5fc686297a22da0524cc09dd,14,other,4,5fe11e55e66d7fb4fe5629d5,0.0,19.0,11734,17.0
5fe39d7a3e41f786ed4b1d73,3,self,1,5fe39d7a3e41f786ed4b1d73,1.0,21.0,11863,19.0
5fe39d7a3e41f786ed4b1d73,3,other,2,5f1ad337b6464a21cea3a611,1.0,12.0,11863,11.0
5fe39d7a3e41f786ed4b1d73,3,other,3,59014a56baa70f0001ea4c3b,0.0,11.0,11863,16.0
5fe39d7a3e41f786ed4b1d73,3,other,4,5c51c71e556ac300018be1b7,0.0,16.0,11863,11.0
5fe39d7a3e41f786ed4b1d73,5,self,1,5fe39d7a3e41f786ed4b1d73,1.0,21.0,11865,19.0
5fe39d7a3e41f786ed4b1d73,5,other,2,6658d06ebb57e6360147fbd6,1.0,10.0,11865,14.0
5fe39d7a3e41f786ed4b1d73,5,other,3,66fde30b007e7c1b3f94c591,0.0,11.0,11865,13.0
5fe39d7a3e41f786ed4b1d73,5,other,4,599ec7dc617ca80001fcd124,0.0,8.0,11865,13.0
5fe39d7a3e41f786ed4b1d73,9,self,1,5fe39d7a3e41f786ed4b1d73,1.0,21.0,11869,19.0
5fe39d7a3e41f786ed4b1d73,9,other,2,63dbddb434d075a0bff1dbc7,1.0,17.0,11869,16.0
5fe39d7a3e41f786ed4b1d73,9,other,3,6773f2c6f59707888206bdd1,0.0,8.0,11869,10.0
5fe39d7a3e41f786ed4b1d73,9,other,4,63f77983c22478f8fb1d79a8,0.0,24.0,11869,29.0
5fe39d7a3e41f786ed4b1d73,17,self,1,5fe39d7a3e41f786ed4b1d73,1.0,21.0,11877,19.0
5fe39d7a3e41f786ed4b1d73,17,other,2,5f1b12b7fbee1e07bfb2b5ee,1.0,20.0,11877,18.0
5fe39d7a3e41f786ed4b1d73,17,other,3,5c28113978fad50001932f58,0.0,18.0,11877,19.0
5fe39d7a3e41f786ed4b1d73,17,other,4,599ab130b5566b0001aa85bb,0.0,16.0,11877,10.0
5ff0379d6bfb633786fd9b27,16,self,1,5ff0379d6bfb633786fd9b27,1.0,18.0,11956,19.0
5ff0379d6bfb633786fd9b27,16,other,2,665722639f7a09a8815bf198,1.0,16.0,11956,10.0
5ff0379d6bfb633786fd9b27,16,other,3,67006a23de43db9f90b363d2,0.0,13.0,11956,16.0
5ff0379d6bfb633786fd9b27,16,other,4,67d1d172e049a486152a5ce9,0.0,8.0,11956,7.0
5ff45beefdb6e6b063b4c520,7,self,1,5ff45beefdb6e6b063b4c520,0.0,5.0,11967,16.0
5ff45beefdb6e6b063b4c520,7,other,2,63e52076fc677ee3ccce9a4d,1.0,17.0,11967,11.0
5ff45beefdb6e6b063b4c520,7,other,3,669292033e17ed44f8376cab,1.0,10.0,11967,8.0
5ff45beefdb6e6b063b4c520,7,other,4,6538fe8110063843a9f5c2b6,0.0,3.0,11967,3.0
5ff46a6bb890b164e9ba5f8b,20,self,1,5ff46a6bb890b164e9ba5f8b,0.0,19.0,12000,16.0
5ff46a6bb890b164e9ba5f8b,20,other,2,652ecb92078fe073ab29b920,1.0,10.0,12000,0.0
5ff46a6bb890b164e9ba5f8b,20,other,3,5f4738bfa043201203a27b4b,1.0,12.0,12000,16.0
5ff46a6bb890b164e9ba5f8b,20,other,4,6538fe8110063843a9f5c2b6,0.0,3.0,12000,3.0
60008e2ee4d8c913c602e0cd,18,self,1,60008e2ee4d8c913c602e0cd,0.0,20.0,12038,18.0
60008e2ee4d8c913c602e0cd,18,other,2,56bd7bf3d4e2180005a86846,1.0,10.0,12038,17.0
60008e2ee4d8c913c602e0cd,18,other,3,65cb90ace80f886a058024ce,1.0,11.0,12038,12.0
60008e2ee4d8c913c602e0cd,18,other,4,63fbd3e8b4865c6e1fb04614,0.0,8.0,12038,8.0
6005f8260fead291c70fc06e,8,self,1,6005f8260fead291c70fc06e,0.0,14.0,12068,19.0
6005f8260fead291c70fc06e,8,other,2,60a1e1f4a3707c983a98f185,1.0,6.0,12068,8.0
6005f8260fead291c70fc06e,8,other,3,60e49d8302404edb1e133168,1.0,18.0,12068,13.0
6005f8260fead291c70fc06e,8,other,4,60cefee15b44bd17785295f1,0.0,12.0,12068,12.0
6005f8260fead291c70fc06e,9,self,1,6005f8260fead291c70fc06e,0.0,14.0,12069,19.0
6005f8260fead291c70fc06e,9,other,2,60d3b417d47497f6ae55273f,1.0,17.0,12069,16.0
6005f8260fead291c70fc06e,9,other,3,6775f7bf80cba9df1032a472,1.0,10.0,12069,17.0
6005f8260fead291c70fc06e,9,other,4,66857a5b6efcd1cf07b88707,0.0,20.0,12069,16.0
60147f790be39349d775e4f2,18,self,1,60147f790be39349d775e4f2,1.0,11.0,12178,15.0
60147f790be39349d775e4f2,18,other,2,5e57e67bb836e0000d222062,1.0,0.0,12178,9.0
60147f790be39349d775e4f2,18,other,3,5ea979685178b007c99e620e,0.0,3.0,12178,11.0
60147f790be39349d775e4f2,18,other,4,6765f0f70b5bf9820e27589e,0.0,9.0,12178,11.0
6026e312c1e1234396ed6e7d,3,self,1,6026e312c1e1234396ed6e7d,0.0,11.0,12283,16.0
6026e312c1e1234396ed6e7d,3,other,2,56d1af6521cd29000b973ff2,1.0,12.0,12283,8.0
6026e312c1e1234396ed6e7d,3,other,3,646b776eca37542a899c1de5,1.0,11.0,12283,11.0
6026e312c1e1234396ed6e7d,3,other,4,5af3aa0e97a14300017d3c6e,0.0,27.0,12283,21.0
603ceb8f82d6b0a88e6cb99a,1,self,1,603ceb8f82d6b0a88e6cb99a,1.0,1.0,12401,3.0
603ceb8f82d6b0a88e6cb99a,1,other,2,660d96a4b0b9a45fb6fcd2e3,1.0,19.0,12401,17.0
603ceb8f82d6b0a88e6cb99a,1,other,3,58cdc4790b6a0e00011d822f,0.0,23.0,12401,24.0
603ceb8f82d6b0a88e6cb99a,1,other,4,66912d746957af5438f296e1,0.0,24.0,12401,20.0
6050ea8a95817a2bfddc9d09,1,self,1,6050ea8a95817a2bfddc9d09,1.0,21.0,12481,21.0
6050ea8a95817a2bfddc9d09,1,other,2,655d867ce204d4f63c3533df,1.0,24.0,12481,19.0
6050ea8a95817a2bfddc9d09,1,other,3,656f0ce82c0ba5e95ad58a03,0.0,6.0,12481,11.0
6050ea8a95817a2bfddc9d09,1,other,4,5f0e9896f5e4e11e12c8f5ac,0.0,20.0,12481,18.0
6050ea8a95817a2bfddc9d09,12,self,1,6050ea8a95817a2bfddc9d09,1.0,21.0,12492,21.0
6050ea8a95817a2bfddc9d09,12,other,2,5c55dfdcb419770001c0e8eb,1.0,9.0,12492,16.0
6050ea8a95817a2bfddc9d09,12,other,3,6776cdf98d57e424a247e48a,0.0,24.0,12492,16.0
6050ea8a95817a2bfddc9d09,12,other,4,6658d40b7c86929c183cea9b,0.0,16.0,12492,13.0
6050ea8a95817a2bfddc9d09,20,self,1,6050ea8a95817a2bfddc9d09,1.0,21.0,12500,21.0
6050ea8a95817a2bfddc9d09,20,other,2,5f58c306ee03f104eb88bae3,1.0,16.0,12500,11.0
6050ea8a95817a2bfddc9d09,20,other,3,612266b4f9ae4a5d04a21dd4,0.0,14.0,12500,10.0
6050ea8a95817a2bfddc9d09,20,other,4,5ca102f57114700016da340d,0.0,2.0,12500,5.0
60526cff1651517239360f77,3,self,1,60526cff1651517239360f77,1.0,27.0,12523,26.0
60526cff1651517239360f77,3,other,2,5e9409cd1dabe7246810c3b6,1.0,1.0,12523,5.0
60526cff1651517239360f77,3,other,3,677495e069e5abd571445a65,0.0,18.0,12523,17.0
60526cff1651517239360f77,3,other,4,5b1bc42168a5ed0001737ef3,0.0,16.0,12523,13.0
60526cff1651517239360f77,5,self,1,60526cff1651517239360f77,1.0,27.0,12525,26.0
60526cff1651517239360f77,5,other,2,65c406265066ed6bfd836579,1.0,17.0,12525,9.0
60526cff1651517239360f77,5,other,3,661fb778b3e844f016a38e43,0.0,10.0,12525,20.0
60526cff1651517239360f77,5,other,4,663bdaa8efe54667f41a46ca,0.0,16.0,12525,12.0
60526cff1651517239360f77,7,self,1,60526cff1651517239360f77,1.0,27.0,12527,26.0
60526cff1651517239360f77,7,other,2,667fa8cc69c7dda35b75cd14,1.0,11.0,12527,17.0
60526cff1651517239360f77,7,other,3,5dcbcdaae41a9f869a761fef,0.0,17.0,12527,13.0
60526cff1651517239360f77,7,other,4,5ddee2c82e4a05e53854a5d4,0.0,12.0,12527,16.0
60526cff1651517239360f77,13,self,1,60526cff1651517239360f77,1.0,27.0,12533,26.0
60526cff1651517239360f77,13,other,2,675cf75e3c237ff931f4a43e,1.0,13.0,12533,16.0
60526cff1651517239360f77,13,other,3,5ef52a87f04c781600ae4114,0.0,17.0,12533,26.0
60526cff1651517239360f77,13,other,4,66d7fe7977b451b0107e054b,0.0,6.0,12533,13.0
60526cff1651517239360f77,14,self,1,60526cff1651517239360f77,1.0,27.0,12534,26.0
60526cff1651517239360f77,14,other,2,5ec99f86f5c1124c0c518fa9,1.0,13.0,12534,8.0
60526cff1651517239360f77,14,other,3,5eb0598b718c920e386736cd,0.0,18.0,12534,18.0
60526cff1651517239360f77,14,other,4,66a8f82143da40a6b126975e,0.0,16.0,12534,18.0
60526cff1651517239360f77,15,self,1,60526cff1651517239360f77,1.0,27.0,12535,26.0
60526cff1651517239360f77,15,other,2,5e825b5b469f7498f9b9f579,1.0,9.0,12535,6.0
60526cff1651517239360f77,15,other,3,56ab82d869b247000d5ccf0a,0.0,12.0,12535,16.0
60526cff1651517239360f77,15,other,4,63222311994c6e4c35bb2a55,0.0,9.0,12535,9.0
60526cff1651517239360f77,17,self,1,60526cff1651517239360f77,1.0,27.0,12537,26.0
60526cff1651517239360f77,17,other,2,5f369f5484d5ad083b7ce317,1.0,18.0,12537,16.0
60526cff1651517239360f77,17,other,3,610525c46749d49578a452d7,0.0,16.0,12537,25.0
60526cff1651517239360f77,17,other,4,5f232c73d12b450ca5c68c76,0.0,15.0,12537,16.0
60526cff1651517239360f77,18,self,1,60526cff1651517239360f77,1.0,27.0,12538,26.0
60526cff1651517239360f77,18,other,2,60feca9223aed7b785e6018d,1.0,9.0,12538,20.0
60526cff1651517239360f77,18,other,3,63d7c4b261d53fcf4f1dcd64,0.0,18.0,12538,24.0
60526cff1651517239360f77,18,other,4,66fa8891ce6034e440bb5ec8,0.0,16.0,12538,18.0
60526cff1651517239360f77,19,self,1,60526cff1651517239360f77,1.0,27.0,12539,26.0
60526cff1651517239360f77,19,other,2,6557bcf605279f9c3e10c6cf,1.0,16.0,12539,11.0
60526cff1651517239360f77,19,other,3,5b70d5cf48302c0001ba0771,0.0,19.0,12539,24.0
60526cff1651517239360f77,19,other,4,67605405bfd9f40dd7ca2a24,0.0,17.0,12539,19.0
6053790f2babfba77b1cfebb,1,self,1,6053790f2babfba77b1cfebb,0.0,4.0,12561,8.0
6053790f2babfba77b1cfebb,1,other,2,67045932c671e52de9f8bc4c,1.0,16.0,12561,17.0
6053790f2babfba77b1cfebb,1,other,3,63d408a690705bd9c54c50a6,1.0,16.0,12561,16.0
6053790f2babfba77b1cfebb,1,other,4,66d1fdd400acfdbc181f41e0,0.0,11.0,12561,19.0
605ab9d5c01d0b0fc69930c5,10,self,1,605ab9d5c01d0b0fc69930c5,0.0,14.0,12630,21.0
605ab9d5c01d0b0fc69930c5,10,other,2,66300ebc7bdf6f53198b7eba,1.0,8.0,12630,20.0
605ab9d5c01d0b0fc69930c5,10,other,3,67238b38bf08c37994b9f688,1.0,11.0,12630,9.0
605ab9d5c01d0b0fc69930c5,10,other,4,665e680164927b18554b66ec,0.0,16.0,12630,12.0
605e491b152b38b079a9ca7c,12,self,1,605e491b152b38b079a9ca7c,1.0,16.0,12652,9.0
605e491b152b38b079a9ca7c,12,other,2,63af62a1d6cc4166b7a6e646,1.0,11.0,12652,1.0
605e491b152b38b079a9ca7c,12,other,3,655505e7a601c885f69e29c2,0.0,18.0,12652,17.0
605e491b152b38b079a9ca7c,12,other,4,5b70d5cf48302c0001ba0771,0.0,19.0,12652,24.0
605e491b152b38b079a9ca7c,16,self,1,605e491b152b38b079a9ca7c,1.0,16.0,12656,9.0
605e491b152b38b079a9ca7c,16,other,2,615a170c6eca532c6f57e09c,1.0,18.0,12656,16.0
605e491b152b38b079a9ca7c,16,other,3,5fbf90f025a567296d943c7e,0.0,17.0,12656,12.0
605e491b152b38b079a9ca7c,16,other,4,60393d92ed55293a04c77920,0.0,8.0,12656,13.0
606479c20b621e3a22d6c0d5,12,self,1,606479c20b621e3a22d6c0d5,0.0,11.0,12692,14.0
606479c20b621e3a22d6c0d5,12,other,2,5e7e1679f8a96f4be83e51e4,1.0,18.0,12692,14.0
606479c20b621e3a22d6c0d5,12,other,3,6773d791b883cc0373479a9f,1.0,9.0,12692,4.0
606479c20b621e3a22d6c0d5,12,other,4,66c0d9ef3c9b1d596446f813,0.0,19.0,12692,18.0
606ddb0033f69d1a832059cd,10,self,1,606ddb0033f69d1a832059cd,0.0,6.0,12770,9.0
606ddb0033f69d1a832059cd,10,other,2,6734ce376321fc2b50bc7074,1.0,4.0,12770,1.0
606ddb0033f69d1a832059cd,10,other,3,656de94bf069f0a1446f47c5,1.0,11.0,12770,8.0
606ddb0033f69d1a832059cd,10,other,4,5c59c96e69dff80001306b0b,0.0,18.0,12770,19.0
606ddb0033f69d1a832059cd,13,self,1,606ddb0033f69d1a832059cd,0.0,6.0,12773,9.0
606ddb0033f69d1a832059cd,13,other,2,67265982eb0c3fc495c6e33a,1.0,18.0,12773,12.0
606ddb0033f69d1a832059cd,13,other,3,615eca41d537883c96fc9eec,1.0,8.0,12773,12.0
606ddb0033f69d1a832059cd,13,other,4,6772f7a8866216d035ca2057,0.0,13.0,12773,18.0
606ddb0033f69d1a832059cd,18,self,1,606ddb0033f69d1a832059cd,0.0,6.0,12778,9.0
606ddb0033f69d1a832059cd,18,other,2,652177a98948564c40f43f99,1.0,17.0,12778,21.0
606ddb0033f69d1a832059cd,18,other,3,65c406265066ed6bfd836579,1.0,17.0,12778,9.0
606ddb0033f69d1a832059cd,18,other,4,6053790f2babfba77b1cfebb,0.0,4.0,12778,8.0
606f9bca353fc36aba9ccb8b,6,self,1,606f9bca353fc36aba9ccb8b,0.0,14.0,12786,11.0
606f9bca353fc36aba9ccb8b,6,other,2,5e2881eaa9af590560d04047,1.0,16.0,12786,10.0
606f9bca353fc36aba9ccb8b,6,other,3,6596493da160875dd60ca0b9,1.0,17.0,12786,13.0
606f9bca353fc36aba9ccb8b,6,other,4,638612440ec47409005d14da,0.0,12.0,12786,14.0
607ddc576718114dea38841c,13,self,1,607ddc576718114dea38841c,1.0,5.0,12893,8.0
607ddc576718114dea38841c,13,other,2,66b41d5d3c2a978a7aac2264,1.0,3.0,12893,9.0
607ddc576718114dea38841c,13,other,3,64275e53f51a5ed4f6b7d019,0.0,18.0,12893,19.0
607ddc576718114dea38841c,13,other,4,5fb5f30ab74f4b20cdd41ec1,0.0,18.0,12893,18.0
608349d97d46ab71fc6c7111,15,self,1,608349d97d46ab71fc6c7111,1.0,10.0,12935,8.0
608349d97d46ab71fc6c7111,15,other,2,63e5885f80bfde889d559aa9,1.0,16.0,12935,16.0
608349d97d46ab71fc6c7111,15,other,3,675354c455030f7ac6a19d47,0.0,5.0,12935,7.0
608349d97d46ab71fc6c7111,15,other,4,637b9edf2a2055bf16796ae6,0.0,8.0,12935,12.0
608ee3228c29d0e808cc35e3,18,self,1,608ee3228c29d0e808cc35e3,0.0,11.0,13018,16.0
608ee3228c29d0e808cc35e3,18,other,2,6734ce376321fc2b50bc7074,1.0,4.0,13018,1.0
608ee3228c29d0e808cc35e3,18,other,3,5f85f217f845b10f388f2ce7,1.0,17.0,13018,8.0
608ee3228c29d0e808cc35e3,18,other,4,66912d746957af5438f296e1,0.0,24.0,13018,20.0
609551c1ade88f8463666fb8,7,self,1,609551c1ade88f8463666fb8,0.0,3.0,13047,9.0
609551c1ade88f8463666fb8,7,other,2,66465afcd7be26227a70ea74,1.0,16.0,13047,11.0
609551c1ade88f8463666fb8,7,other,3,66f0c0c84e16372a15a5b264,1.0,11.0,13047,16.0
609551c1ade88f8463666fb8,7,other,4,6668929d181484a688e8d5d0,0.0,25.0,13047,18.0
609551c1ade88f8463666fb8,11,self,1,609551c1ade88f8463666fb8,0.0,3.0,13051,9.0
609551c1ade88f8463666fb8,11,other,2,5a9bff3b6475f900019ffc51,1.0,19.0,13051,8.0
609551c1ade88f8463666fb8,11,other,3,663631e9a98cfc7ea17bbde6,1.0,5.0,13051,9.0
609551c1ade88f8463666fb8,11,other,4,559d75befdf99b1e2b2dc522,0.0,21.0,13051,16.0
609551c1ade88f8463666fb8,19,self,1,609551c1ade88f8463666fb8,0.0,3.0,13059,9.0
609551c1ade88f8463666fb8,19,other,2,56bd7bf3d4e2180005a86846,1.0,10.0,13059,17.0
609551c1ade88f8463666fb8,19,other,3,65368c3a27f9818abb93b30f,1.0,15.0,13059,12.0
609551c1ade88f8463666fb8,19,other,4,65995e16bdbcee787c8ffc8c,0.0,16.0,13059,10.0
60990fe5302151169b0cb021,3,self,1,60990fe5302151169b0cb021,1.0,18.0,13063,19.0
60990fe5302151169b0cb021,3,other,2,60526cff1651517239360f77,1.0,27.0,13063,26.0
60990fe5302151169b0cb021,3,other,3,676f0bdedfb3362f560115f0,0.0,19.0,13063,27.0
60990fe5302151169b0cb021,3,other,4,57165ba7c5aca2000a8d32ca,0.0,29.0,13063,25.0
60990fe5302151169b0cb021,12,self,1,60990fe5302151169b0cb021,1.0,18.0,13072,19.0
60990fe5302151169b0cb021,12,other,2,67853d0565a82363289d36c4,1.0,8.0,13072,5.0
60990fe5302151169b0cb021,12,other,3,5eb0598b718c920e386736cd,0.0,18.0,13072,18.0
60990fe5302151169b0cb021,12,other,4,5e98e245aa25c6120f522a40,0.0,16.0,13072,20.0
60a1e1f4a3707c983a98f185,5,self,1,60a1e1f4a3707c983a98f185,1.0,6.0,13125,8.0
60a1e1f4a3707c983a98f185,5,other,2,5aa462af873cda00010d5b51,1.0,7.0,13125,11.0
60a1e1f4a3707c983a98f185,5,other,3,63871b9b1348fcc9c891db01,0.0,19.0,13125,17.0
60a1e1f4a3707c983a98f185,5,other,4,6630e0bef38970842b80cc06,0.0,20.0,13125,25.0
60a1e1f4a3707c983a98f185,13,self,1,60a1e1f4a3707c983a98f185,1.0,6.0,13133,8.0
60a1e1f4a3707c983a98f185,13,other,2,60d6f4cb73fd348e166830b2,1.0,8.0,13133,12.0
60a1e1f4a3707c983a98f185,13,other,3,676689ad3d88efc114b35097,0.0,10.0,13133,8.0
60a1e1f4a3707c983a98f185,13,other,4,668d6f9d885ecaee43b116ab,0.0,15.0,13133,16.0
60a1e1f4a3707c983a98f185,14,self,1,60a1e1f4a3707c983a98f185,1.0,6.0,13134,8.0
60a1e1f4a3707c983a98f185,14,other,2,6764698dfd3a27abba661f46,1.0,17.0,13134,10.0
60a1e1f4a3707c983a98f185,14,other,3,6150792b260ce6cdd47941c9,0.0,15.0,13134,6.0
60a1e1f4a3707c983a98f185,14,other,4,66e8073478375ba1494b2d20,0.0,13.0,13134,12.0
60a2b88063b41b4e34cf7b4a,7,self,1,60a2b88063b41b4e34cf7b4a,0.0,21.0,13147,10.0
60a2b88063b41b4e34cf7b4a,7,other,2,5eac3dc896a6242689110c31,1.0,8.0,13147,9.0
60a2b88063b41b4e34cf7b4a,7,other,3,67246794a85893f571f01fcc,1.0,0.0,13147,3.0
60a2b88063b41b4e34cf7b4a,7,other,4,63ffcb367b500c516d0648a2,0.0,0.0,13147,10.0
60a2b88063b41b4e34cf7b4a,9,self,1,60a2b88063b41b4e34cf7b4a,0.0,21.0,13149,10.0
60a2b88063b41b4e34cf7b4a,9,other,2,66337d1de3bea5025f371c0b,1.0,12.0,13149,11.0
60a2b88063b41b4e34cf7b4a,9,other,3,66fc6008cda3d277a8978dbf,1.0,4.0,13149,5.0
60a2b88063b41b4e34cf7b4a,9,other,4,671038fb26ff82aa6081d040,0.0,4.0,13149,8.0
60a41548e296f3e79014e8ea,18,self,1,60a41548e296f3e79014e8ea,0.0,12.0,13198,16.0
60a41548e296f3e79014e8ea,18,other,2,6674ae115abf5a938c5e7c3d,1.0,19.0,13198,24.0
60a41548e296f3e79014e8ea,18,other,3,67c30fa686975bc2ce38a2b9,1.0,4.0,13198,19.0
60a41548e296f3e79014e8ea,18,other,4,671038fb26ff82aa6081d040,0.0,4.0,13198,8.0
60a4efcabe6d8f29513a5258,12,self,1,60a4efcabe6d8f29513a5258,0.0,20.0,13232,18.0
60a4efcabe6d8f29513a5258,12,other,2,603d3e53d42711c0d0c38b30,1.0,18.0,13232,17.0
60a4efcabe6d8f29513a5258,12,other,3,663111e4283e7281c63fc949,1.0,11.0,13232,10.0
60a4efcabe6d8f29513a5258,12,other,4,661d1672f01169fe41f1f001,0.0,16.0,13232,17.0
60b0015eb67dca63ffe16ae0,5,self,1,60b0015eb67dca63ffe16ae0,1.0,17.0,13285,16.0
60b0015eb67dca63ffe16ae0,5,other,2,674a488fe640fba145d7171b,1.0,5.0,13285,11.0
60b0015eb67dca63ffe16ae0,5,other,3,652d7dba5d44f06ce555795b,0.0,10.0,13285,9.0
60b0015eb67dca63ffe16ae0,5,other,4,63e53d570132a56f38a678ee,0.0,9.0,13285,10.0
60bf8f44f1188266dd8a3e85,4,self,1,60bf8f44f1188266dd8a3e85,0.0,24.0,13344,16.0
60bf8f44f1188266dd8a3e85,4,other,2,5bbd0782ba8d7d000194dcc4,1.0,16.0,13344,19.0
60bf8f44f1188266dd8a3e85,4,other,3,607254cd31c9aa4682a4672c,1.0,8.0,13344,24.0
60bf8f44f1188266dd8a3e85,4,other,4,60ce5270f1695ea416c25fc3,0.0,16.0,13344,17.0
60bf8f44f1188266dd8a3e85,12,self,1,60bf8f44f1188266dd8a3e85,0.0,24.0,13352,16.0
60bf8f44f1188266dd8a3e85,12,other,2,63d420b1d5b7dc6a3a4c50aa,1.0,6.0,13352,2.0
60bf8f44f1188266dd8a3e85,12,other,3,67c884eb5f8d6be1e033a0ea,1.0,11.0,13352,5.0
60bf8f44f1188266dd8a3e85,12,other,4,67d9a0498d900defba2a9dcc,0.0,9.0,13352,12.0
60c5165878a82f763c29536a,5,self,1,60c5165878a82f763c29536a,0.0,9.0,13385,0.0
60c5165878a82f763c29536a,5,other,2,6644ba9c868c5e3ef67f56db,1.0,21.0,13385,18.0
60c5165878a82f763c29536a,5,other,3,5e2f5b28129198070e2996db,1.0,8.0,13385,8.0
60c5165878a82f763c29536a,5,other,4,6722eefb6690d659a3db4560,0.0,11.0,13385,16.0
60c6cd8bacdf5d1f27924048,1,self,1,60c6cd8bacdf5d1f27924048,0.0,3.0,13401,16.0
60c6cd8bacdf5d1f27924048,1,other,2,6641059cdec71f7b7d5a5e2b,1.0,12.0,13401,20.0
60c6cd8bacdf5d1f27924048,1,other,3,5ed68c770e41400dd0056c55,1.0,17.0,13401,17.0
60c6cd8bacdf5d1f27924048,1,other,4,67ddcc6cfc53ee0415e0db0e,0.0,4.0,13401,9.0
60c6cd8bacdf5d1f27924048,13,self,1,60c6cd8bacdf5d1f27924048,0.0,3.0,13413,16.0
60c6cd8bacdf5d1f27924048,13,other,2,5e46ff334267181cd82562e0,1.0,20.0,13413,15.0
60c6cd8bacdf5d1f27924048,13,other,3,5eb199a14e303b0c423895d9,1.0,10.0,13413,12.0
60c6cd8bacdf5d1f27924048,13,other,4,67006a23de43db9f90b363d2,0.0,13.0,13413,16.0
60c6cd8bacdf5d1f27924048,18,self,1,60c6cd8bacdf5d1f27924048,0.0,3.0,13418,16.0
60c6cd8bacdf5d1f27924048,18,other,2,5f2f280854c3203084e218e5,1.0,12.0,13418,11.0
60c6cd8bacdf5d1f27924048,18,other,3,6726c70622b97e6722fa53d8,1.0,9.0,13418,8.0
60c6cd8bacdf5d1f27924048,18,other,4,638a3fd5992f01b81d0e1e93,0.0,13.0,13418,12.0
60cda1a1667997365f21e809,13,self,1,60cda1a1667997365f21e809,0.0,1.0,13433,4.0
60cda1a1667997365f21e809,13,other,2,671936053fd2824bcf9fe04b,1.0,3.0,13433,4.0
60cda1a1667997365f21e809,13,other,3,671fe888253de02a5ed58177,1.0,4.0,13433,8.0
60cda1a1667997365f21e809,13,other,4,61646e7ec3accfb9d8334ad5,0.0,2.0,13433,8.0
60cdf65714fa74a92ab98644,13,self,1,60cdf65714fa74a92ab98644,1.0,13.0,13453,16.0
60cdf65714fa74a92ab98644,13,other,2,63da9d744c860382808770bd,1.0,8.0,13453,5.0
60cdf65714fa74a92ab98644,13,other,3,60e990a445aa4bae855c303f,0.0,11.0,13453,9.0
60cdf65714fa74a92ab98644,13,other,4,6619cb1e30cb95691a6dd425,0.0,5.0,13453,16.0
60d0d5e930dc4a90889b2321,11,self,1,60d0d5e930dc4a90889b2321,0.0,4.0,13531,12.0
60d0d5e930dc4a90889b2321,11,other,2,63d7b16595cb392c4501cc1e,1.0,17.0,13531,18.0
60d0d5e930dc4a90889b2321,11,other,3,64d1362c539c9befa2bfc914,1.0,4.0,13531,9.0
60d0d5e930dc4a90889b2321,11,other,4,5b94d08a41cfe90001c6a249,0.0,27.0,13531,17.0
60d3b417d47497f6ae55273f,10,self,1,60d3b417d47497f6ae55273f,1.0,17.0,13550,16.0
60d3b417d47497f6ae55273f,10,other,2,5b7467ea50075a0001107043,1.0,11.0,13550,0.0
60d3b417d47497f6ae55273f,10,other,3,6634e412b6aa88d8efcdcf3c,0.0,9.0,13550,10.0
60d3b417d47497f6ae55273f,10,other,4,5f6cfa7d98818114a0d8d75e,0.0,21.0,13550,17.0
60d991b9d1168504ac7b5136,8,self,1,60d991b9d1168504ac7b5136,0.0,8.0,13608,26.0
60d991b9d1168504ac7b5136,8,other,2,65d506eb63cfbf1718c20879,1.0,17.0,13608,5.0
60d991b9d1168504ac7b5136,8,other,3,60023df907eaeb22b2f70789,1.0,16.0,13608,17.0
60d991b9d1168504ac7b5136,8,other,4,5ca102f57114700016da340d,0.0,2.0,13608,5.0
60e05286953f8b51d4f6661c,7,self,1,60e05286953f8b51d4f6661c,1.0,8.0,13667,9.0
60e05286953f8b51d4f6661c,7,other,2,673ccb0691efe91cd015dcf7,1.0,17.0,13667,18.0
60e05286953f8b51d4f6661c,7,other,3,6912179bef81177cf16f4c4c,0.0,16.0,13667,9.0
60e05286953f8b51d4f6661c,7,other,4,67e051d5736da524dbe7a0c1,0.0,7.0,13667,12.0
60e05286953f8b51d4f6661c,20,self,1,60e05286953f8b51d4f6661c,1.0,8.0,13680,9.0
60e05286953f8b51d4f6661c,20,other,2,5a9bcd3f1eda410001366c55,1.0,20.0,13680,14.0
60e05286953f8b51d4f6661c,20,other,3,5abf3b30a3ba7a0001b46efa,0.0,17.0,13680,4.0
60e05286953f8b51d4f6661c,20,other,4,63d79f49175ff7b8a55787b7,0.0,17.0,13680,20.0
60e49d8302404edb1e133168,1,self,1,60e49d8302404edb1e133168,1.0,18.0,13701,13.0
60e49d8302404edb1e133168,1,other,2,678ff750175fa91b6ee9c424,1.0,10.0,13701,13.0
60e49d8302404edb1e133168,1,other,3,5d67a2bf6cd320001a36cb6b,0.0,4.0,13701,12.0
60e49d8302404edb1e133168,1,other,4,5fbf90f025a567296d943c7e,0.0,17.0,13701,12.0
60ed501279c68ea1a313d0aa,14,self,1,60ed501279c68ea1a313d0aa,1.0,16.0,13854,10.0
60ed501279c68ea1a313d0aa,14,other,2,66cf647660d3b99b68aa87ca,1.0,2.0,13854,4.0
60ed501279c68ea1a313d0aa,14,other,3,5ade0203066c510001d42abf,0.0,18.0,13854,16.0
60ed501279c68ea1a313d0aa,14,other,4,66bcfbf06c786a801543ceca,0.0,10.0,13854,9.0
60f154e3b41e8202276ccc73,8,self,1,60f154e3b41e8202276ccc73,1.0,9.0,13888,16.0
60f154e3b41e8202276ccc73,8,other,2,5a496776f7b7bc00014e1150,1.0,2.0,13888,4.0
60f154e3b41e8202276ccc73,8,other,3,610b64dc95ff0ef5b5b9ac6b,0.0,12.0,13888,18.0
60f154e3b41e8202276ccc73,8,other,4,61664028d0451f1bf8b9b031,0.0,10.0,13888,14.0
60f154e3b41e8202276ccc73,9,self,1,60f154e3b41e8202276ccc73,1.0,9.0,13889,16.0
60f154e3b41e8202276ccc73,9,other,2,61085127e5234dfd63a0c740,1.0,19.0,13889,17.0
60f154e3b41e8202276ccc73,9,other,3,65fd19896d58d64c0d8cbc3c,0.0,29.0,13889,33.0
60f154e3b41e8202276ccc73,9,other,4,60cda1a1667997365f21e809,0.0,1.0,13889,4.0
60f4696161736ffaef73b434,4,self,1,60f4696161736ffaef73b434,0.0,11.0,13924,11.0
60f4696161736ffaef73b434,4,other,2,56c81007ba8e37000d7b211e,1.0,11.0,13924,16.0
60f4696161736ffaef73b434,4,other,3,6652bf7eba7a8a81e1d1679b,1.0,18.0,13924,16.0
60f4696161736ffaef73b434,4,other,4,634d7250a9dbe47b2b1d110f,0.0,19.0,13924,18.0
60f4696161736ffaef73b434,5,self,1,60f4696161736ffaef73b434,0.0,11.0,13925,11.0
60f4696161736ffaef73b434,5,other,2,641a43f78351cc4fefe31190,1.0,8.0,13925,7.0
60f4696161736ffaef73b434,5,other,3,66927c8697feb698d0b600d1,1.0,16.0,13925,15.0
60f4696161736ffaef73b434,5,other,4,6938256c2d72f274e7ffcd79,0.0,12.0,13925,13.0
60f4696161736ffaef73b434,15,self,1,60f4696161736ffaef73b434,0.0,11.0,13935,11.0
60f4696161736ffaef73b434,15,other,2,5fef3d23f0b5edd6fabe8e64,1.0,17.0,13935,16.0
60f4696161736ffaef73b434,15,other,3,5b7467ea50075a0001107043,1.0,11.0,13935,0.0
60f4696161736ffaef73b434,15,other,4,63da6f2e309a94d0e03079b0,0.0,15.0,13935,9.0
60fd00abc3abd38c0302fde8,6,self,1,60fd00abc3abd38c0302fde8,0.0,14.0,13986,20.0
60fd00abc3abd38c0302fde8,6,other,2,60e845f301f5a5901200baf4,1.0,20.0,13986,15.0
60fd00abc3abd38c0302fde8,6,other,3,66d2537675f4f1fc0aded926,1.0,17.0,13986,8.0
60fd00abc3abd38c0302fde8,6,other,4,5f5a58d01989290efa8e09bb,0.0,21.0,13986,9.0
60fded771d362f0624a42a38,1,self,1,60fded771d362f0624a42a38,0.0,21.0,14001,22.0
60fded771d362f0624a42a38,1,other,2,655fa05b1303f59972ea6555,1.0,17.0,14001,17.0
60fded771d362f0624a42a38,1,other,3,65e7795d1685521fd01bd49a,1.0,9.0,14001,8.0
60fded771d362f0624a42a38,1,other,4,66312361cf5d4099e1330532,0.0,11.0,14001,14.0
60fe8de5380ae67bf7370ac8,10,self,1,60fe8de5380ae67bf7370ac8,1.0,9.0,14030,11.0
60fe8de5380ae67bf7370ac8,10,other,2,5c3f080b8cb6f5000180a8c9,1.0,16.0,14030,19.0
60fe8de5380ae67bf7370ac8,10,other,3,67203bff74dea717e8b9e1ea,0.0,20.0,14030,20.0
60fe8de5380ae67bf7370ac8,10,other,4,677c0ace1bbf48bb7c96aeaa,0.0,14.0,14030,11.0
60febe4bb7d1055665da0413,6,self,1,60febe4bb7d1055665da0413,0.0,23.0,14046,16.0
60febe4bb7d1055665da0413,6,other,2,643ebfff661435ecda5a3580,1.0,8.0,14046,4.0
60febe4bb7d1055665da0413,6,other,3,67648b2d2ca3bdd206096be7,1.0,8.0,14046,9.0
60febe4bb7d1055665da0413,6,other,4,5807b8dac7b1100001138e89,0.0,9.0,14046,15.0
60febe4bb7d1055665da0413,18,self,1,60febe4bb7d1055665da0413,0.0,23.0,14058,16.0
60febe4bb7d1055665da0413,18,other,2,67c9debfa21709544f941ce0,1.0,11.0,14058,10.0
60febe4bb7d1055665da0413,18,other,3,61fa9085d42cb19beec4915d,1.0,29.0,14058,18.0
60febe4bb7d1055665da0413,18,other,4,66a208fff5715f2926f70289,0.0,17.0,14058,17.0
60febe4bb7d1055665da0413,20,self,1,60febe4bb7d1055665da0413,0.0,23.0,14060,16.0
60febe4bb7d1055665da0413,20,other,2,66300ebc7bdf6f53198b7eba,1.0,8.0,14060,20.0
60febe4bb7d1055665da0413,20,other,3,67c30fa686975bc2ce38a2b9,1.0,4.0,14060,19.0
60febe4bb7d1055665da0413,20,other,4,5eecb9e2c93c1e0677084323,0.0,16.0,14060,16.0
60feca9223aed7b785e6018d,17,self,1,60feca9223aed7b785e6018d,1.0,9.0,14077,20.0
60feca9223aed7b785e6018d,17,other,2,60e05286953f8b51d4f6661c,1.0,8.0,14077,9.0
60feca9223aed7b785e6018d,17,other,3,66c5eba428243ee82ef2e306,0.0,11.0,14077,22.0
60feca9223aed7b785e6018d,17,other,4,5c1b7b36960792000195f33a,0.0,10.0,14077,11.0
6104f643566bca4643370eba,10,self,1,6104f643566bca4643370eba,0.0,19.0,14110,17.0
6104f643566bca4643370eba,10,other,2,66e9d794bd67a9a02ca66a8f,1.0,8.0,14110,8.0
6104f643566bca4643370eba,10,other,3,65df6496db01100e362d8898,1.0,9.0,14110,17.0
6104f643566bca4643370eba,10,other,4,5edeea354d54cb1a825aa8f9,0.0,4.0,14110,10.0
6105ba07b4fa0867eaed2f5b,13,self,1,6105ba07b4fa0867eaed2f5b,1.0,16.0,14153,14.0
6105ba07b4fa0867eaed2f5b,13,other,2,5ad4a1eb754a0d0001622e5e,1.0,8.0,14153,10.0
6105ba07b4fa0867eaed2f5b,13,other,3,62ed040473cc253bdb75b3bf,0.0,14.0,14153,12.0
6105ba07b4fa0867eaed2f5b,13,other,4,59cff8eed227970001199862,0.0,18.0,14153,17.0
610713aeac4904cc5d90e76d,9,self,1,610713aeac4904cc5d90e76d,0.0,18.0,14169,24.0
610713aeac4904cc5d90e76d,9,other,2,641a43f78351cc4fefe31190,1.0,8.0,14169,7.0
610713aeac4904cc5d90e76d,9,other,3,67c595333edb693c1ebaee67,1.0,9.0,14169,12.0
610713aeac4904cc5d90e76d,9,other,4,5e7ca836a60b642ec70880b1,0.0,23.0,14169,20.0
61085127e5234dfd63a0c740,6,self,1,61085127e5234dfd63a0c740,1.0,19.0,14186,17.0
61085127e5234dfd63a0c740,6,other,2,66aa8dcfbc121dcef0433ecf,1.0,2.0,14186,8.0
61085127e5234dfd63a0c740,6,other,3,5763c7d096fd3c0006385bb4,0.0,10.0,14186,13.0
61085127e5234dfd63a0c740,6,other,4,63d68acca98cdd2bf385cfad,0.0,10.0,14186,10.0
6111739b4db1a934aa0b1a6a,6,self,1,6111739b4db1a934aa0b1a6a,1.0,12.0,14246,17.0
6111739b4db1a934aa0b1a6a,6,other,2,6776bc8bb2a054d5b0a50656,1.0,12.0,14246,16.0
6111739b4db1a934aa0b1a6a,6,other,3,632b3639f61612815d100608,0.0,2.0,14246,10.0
6111739b4db1a934aa0b1a6a,6,other,4,5ef37e2ca184db0e6896d19b,0.0,8.0,14246,9.0
6112d76b0e4c125f011bfb8e,5,self,1,6112d76b0e4c125f011bfb8e,1.0,20.0,14285,0.0
6112d76b0e4c125f011bfb8e,5,other,2,66fc6008cda3d277a8978dbf,1.0,4.0,14285,5.0
6112d76b0e4c125f011bfb8e,5,other,3,66dcc0e54f44ccecf2730c76,0.0,16.0,14285,11.0
6112d76b0e4c125f011bfb8e,5,other,4,60a2b88063b41b4e34cf7b4a,0.0,21.0,14285,10.0
611a8d23c1d17506a23df589,18,self,1,611a8d23c1d17506a23df589,0.0,3.0,14358,5.0
611a8d23c1d17506a23df589,18,other,2,5faf5be7eb05711e07faf4cf,1.0,24.0,14358,24.0
611a8d23c1d17506a23df589,18,other,3,66337d1de3bea5025f371c0b,1.0,12.0,14358,11.0
611a8d23c1d17506a23df589,18,other,4,6927765bbe35814d222e4fe7,0.0,14.0,14358,12.0
6123eea8454d11a4aab5f42f,17,self,1,6123eea8454d11a4aab5f42f,0.0,8.0,14437,8.0
6123eea8454d11a4aab5f42f,17,other,2,678566c2d8d97d8e408c6384,1.0,9.0,14437,13.0
6123eea8454d11a4aab5f42f,17,other,3,5c40134b1580e900012320ab,1.0,16.0,14437,19.0
6123eea8454d11a4aab5f42f,17,other,4,62a0f99814d73df8032871a9,0.0,13.0,14437,16.0
6128ac21a266b9cf5decd445,11,self,1,6128ac21a266b9cf5decd445,0.0,21.0,14451,14.0
6128ac21a266b9cf5decd445,11,other,2,668995230e63dee5f0165681,1.0,20.0,14451,11.0
6128ac21a266b9cf5decd445,11,other,3,66951ddbfab86d4133dfb14a,1.0,16.0,14451,19.0
6128ac21a266b9cf5decd445,11,other,4,5f1072dbfd703f084bb995f7,0.0,16.0,14451,17.0
612cc22830e71399b7a86841,4,self,1,612cc22830e71399b7a86841,1.0,6.0,14484,4.0
612cc22830e71399b7a86841,4,other,2,63d7b16595cb392c4501cc1e,1.0,17.0,14484,18.0
612cc22830e71399b7a86841,4,other,3,596e1edd39e9d00001b7bb98,0.0,16.0,14484,19.0
612cc22830e71399b7a86841,4,other,4,574cca765e5491000f3c89e0,0.0,12.0,14484,9.0
612d3e13048ec2b299126be6,12,self,1,612d3e13048ec2b299126be6,0.0,13.0,14512,16.0
612d3e13048ec2b299126be6,12,other,2,61496cada4d62f06804fa610,1.0,13.0,14512,11.0
612d3e13048ec2b299126be6,12,other,3,6769288134782c10a82b7080,1.0,3.0,14512,10.0
612d3e13048ec2b299126be6,12,other,4,5ee1311e3348314f4f4a8d30,0.0,8.0,14512,8.0
6137d3b8b1252a85f556d3d8,5,self,1,6137d3b8b1252a85f556d3d8,1.0,19.0,14585,18.0
6137d3b8b1252a85f556d3d8,5,other,2,60bd4bfc88b646e72d772977,1.0,17.0,14585,18.0
6137d3b8b1252a85f556d3d8,5,other,3,652d7dba5d44f06ce555795b,0.0,10.0,14585,9.0
6137d3b8b1252a85f556d3d8,5,other,4,66ae0709d8dd8981a2d6ee04,0.0,16.0,14585,22.0
6138e9d4aa1428328bee7cf3,7,self,1,6138e9d4aa1428328bee7cf3,0.0,8.0,14627,2.0
6138e9d4aa1428328bee7cf3,7,other,2,571fdcb14b8ecc0013c24fcb,1.0,10.0,14627,5.0
6138e9d4aa1428328bee7cf3,7,other,3,6776b7f857f30f9dfdcac3b1,1.0,6.0,14627,10.0
6138e9d4aa1428328bee7cf3,7,other,4,6619cb1e30cb95691a6dd425,0.0,5.0,14627,16.0
6138f7e0ad42e592ca5f2024,15,self,1,6138f7e0ad42e592ca5f2024,0.0,2.0,14655,4.0
6138f7e0ad42e592ca5f2024,15,other,2,60d3b417d47497f6ae55273f,1.0,17.0,14655,16.0
6138f7e0ad42e592ca5f2024,15,other,3,66535915cbec1d69819d3933,1.0,24.0,14655,19.0
6138f7e0ad42e592ca5f2024,15,other,4,63f81021ab46acf095efff80,0.0,16.0,14655,16.0
6139bb7008f1e7f556c8b7d2,9,self,1,6139bb7008f1e7f556c8b7d2,1.0,22.0,14669,17.0
6139bb7008f1e7f556c8b7d2,9,other,2,667c80ad23f9daa7c9e0470a,1.0,16.0,14669,18.0
6139bb7008f1e7f556c8b7d2,9,other,3,6662284a47e15ebf4719c42f,0.0,11.0,14669,13.0
6139bb7008f1e7f556c8b7d2,9,other,4,64727ea9591087aef21f3dcf,0.0,11.0,14669,18.0
6139bb7008f1e7f556c8b7d2,11,self,1,6139bb7008f1e7f556c8b7d2,1.0,22.0,14671,17.0
6139bb7008f1e7f556c8b7d2,11,other,2,6443ebb84fc33e703937a6f9,1.0,18.0,14671,11.0
6139bb7008f1e7f556c8b7d2,11,other,3,600b5191a434df19524dd1a0,0.0,10.0,14671,10.0
6139bb7008f1e7f556c8b7d2,11,other,4,5bf1de1556a321000106fae0,0.0,16.0,14671,17.0
6139bb7008f1e7f556c8b7d2,19,self,1,6139bb7008f1e7f556c8b7d2,1.0,22.0,14679,17.0
6139bb7008f1e7f556c8b7d2,19,other,2,67215f2922159d42abf932a4,1.0,25.0,14679,21.0
6139bb7008f1e7f556c8b7d2,19,other,3,63871b9b1348fcc9c891db01,0.0,19.0,14679,17.0
6139bb7008f1e7f556c8b7d2,19,other,4,66b507cc1a7e164991afbe17,0.0,4.0,14679,8.0
613a32539be30e10dca2c288,9,self,1,613a32539be30e10dca2c288,1.0,18.0,14689,16.0
613a32539be30e10dca2c288,9,other,2,648dd5ff84a1dfe40201f286,1.0,17.0,14689,14.0
613a32539be30e10dca2c288,9,other,3,672a6f5fc7bda7ce7ce814a7,0.0,30.0,14689,16.0
613a32539be30e10dca2c288,9,other,4,6658b23217b161dc426bd14d,0.0,16.0,14689,11.0
6142013d4dd8ae5ca2b4329b,19,self,1,6142013d4dd8ae5ca2b4329b,0.0,8.0,14759,12.0
6142013d4dd8ae5ca2b4329b,19,other,2,66300ebc7bdf6f53198b7eba,1.0,8.0,14759,20.0
6142013d4dd8ae5ca2b4329b,19,other,3,5dbecb5e30c4d737494efe10,1.0,9.0,14759,12.0
6142013d4dd8ae5ca2b4329b,19,other,4,647849063b9fd9be24803727,0.0,11.0,14759,13.0
6143af8721d1445864c4f6c8,12,self,1,6143af8721d1445864c4f6c8,0.0,5.0,14772,11.0
6143af8721d1445864c4f6c8,12,other,2,67adb092487be88c66cc52e3,1.0,4.0,14772,9.0
6143af8721d1445864c4f6c8,12,other,3,608a0175caaa968e48ae4b6d,1.0,4.0,14772,5.0
6143af8721d1445864c4f6c8,12,other,4,5bf5aa89d944c300012634cc,0.0,26.0,14772,18.0
6143af8721d1445864c4f6c8,13,self,1,6143af8721d1445864c4f6c8,0.0,5.0,14773,11.0
6143af8721d1445864c4f6c8,13,other,2,595339f4ad2ce90001b88266,1.0,16.0,14773,19.0
6143af8721d1445864c4f6c8,13,other,3,5fe39d7a3e41f786ed4b1d73,1.0,21.0,14773,19.0
6143af8721d1445864c4f6c8,13,other,4,6672d841976c5e0961cc8883,0.0,20.0,14773,29.0
61486ad7059377d6f08fd91c,9,self,1,61486ad7059377d6f08fd91c,1.0,23.0,14889,20.0
61486ad7059377d6f08fd91c,9,other,2,66045682d629a940764580ed,1.0,9.0,14889,16.0
61486ad7059377d6f08fd91c,9,other,3,5fca1ed870a25c585f1a7515,0.0,3.0,14889,10.0
61486ad7059377d6f08fd91c,9,other,4,5f79bca83a2eb65c0983816d,0.0,9.0,14889,15.0
61486ad7059377d6f08fd91c,10,self,1,61486ad7059377d6f08fd91c,1.0,23.0,14890,20.0
61486ad7059377d6f08fd91c,10,other,2,5f8e0a296626561cd3d0fb07,1.0,11.0,14890,11.0
61486ad7059377d6f08fd91c,10,other,3,6530316e660f5b8d9c11c00e,0.0,16.0,14890,24.0
61486ad7059377d6f08fd91c,10,other,4,644016d98e4c23d7fa37632e,0.0,19.0,14890,16.0
61486ad7059377d6f08fd91c,18,self,1,61486ad7059377d6f08fd91c,1.0,23.0,14898,20.0
61486ad7059377d6f08fd91c,18,other,2,66324dc7cb5ab43fc8b19566,1.0,8.0,14898,9.0
61486ad7059377d6f08fd91c,18,other,3,5fb274f5557bcc848df4293a,0.0,11.0,14898,10.0
61486ad7059377d6f08fd91c,18,other,4,62f4904296e62ae6c19127d4,0.0,8.0,14898,10.0
6149d516a3c16102a1a816bb,6,self,1,6149d516a3c16102a1a816bb,1.0,3.0,15006,12.0
6149d516a3c16102a1a816bb,6,other,2,669bed74eea03d0e9b06a254,1.0,15.0,15006,16.0
6149d516a3c16102a1a816bb,6,other,3,5f6c9d2ec9a73b06b88f19c2,0.0,10.0,15006,11.0
6149d516a3c16102a1a816bb,6,other,4,67657496bf49edcdd8ceb8a4,0.0,24.0,15006,16.0
6149d516a3c16102a1a816bb,12,self,1,6149d516a3c16102a1a816bb,1.0,3.0,15012,12.0
6149d516a3c16102a1a816bb,12,other,2,67e1d85800cb3a05eae74bbf,1.0,10.0,15012,6.0
6149d516a3c16102a1a816bb,12,other,3,5bf1de1556a321000106fae0,0.0,16.0,15012,17.0
6149d516a3c16102a1a816bb,12,other,4,67f67d04686f4f467e3a6c76,0.0,10.0,15012,11.0
6150792b260ce6cdd47941c9,11,self,1,6150792b260ce6cdd47941c9,0.0,15.0,15131,6.0
6150792b260ce6cdd47941c9,11,other,2,671ac509e93a57b5220b3d4e,1.0,6.0,15131,8.0
6150792b260ce6cdd47941c9,11,other,3,567dd32b4f0ef30006dbb718,1.0,7.0,15131,6.0
6150792b260ce6cdd47941c9,11,other,4,63457ca6ea7e55d2491ec3fc,0.0,13.0,15131,13.0
6159ffae3dec28bbdc15a715,5,self,1,6159ffae3dec28bbdc15a715,1.0,8.0,15225,14.0
6159ffae3dec28bbdc15a715,5,other,2,681269c2ef9ca43142682cf6,1.0,8.0,15225,11.0
6159ffae3dec28bbdc15a715,5,other,3,66912d746957af5438f296e1,0.0,24.0,15225,20.0
6159ffae3dec28bbdc15a715,5,other,4,6765f0f70b5bf9820e27589e,0.0,9.0,15225,11.0
615ec4f34cb81d7e58fa144c,13,self,1,615ec4f34cb81d7e58fa144c,0.0,13.0,15293,9.0
615ec4f34cb81d7e58fa144c,13,other,2,67265982eb0c3fc495c6e33a,1.0,18.0,15293,12.0
615ec4f34cb81d7e58fa144c,13,other,3,6146f8473af59b2f858aa2f2,1.0,18.0,15293,17.0
615ec4f34cb81d7e58fa144c,13,other,4,5858c6178604ae000165e66a,0.0,12.0,15293,10.0
615eca41d537883c96fc9eec,12,self,1,615eca41d537883c96fc9eec,1.0,8.0,15312,12.0
615eca41d537883c96fc9eec,12,other,2,6128d76bf2f6b1df98035506,1.0,11.0,15312,16.0
615eca41d537883c96fc9eec,12,other,3,62fccb9647eb07d62e9b6baa,0.0,8.0,15312,8.0
615eca41d537883c96fc9eec,12,other,4,5eb29fdddac67500082c1089,0.0,14.0,15312,9.0
61646e7ec3accfb9d8334ad5,9,self,1,61646e7ec3accfb9d8334ad5,0.0,2.0,15349,8.0
61646e7ec3accfb9d8334ad5,9,other,2,662d641b6cddce705ad8558e,1.0,17.0,15349,14.0
61646e7ec3accfb9d8334ad5,9,other,3,5a2846ceb4a5de00011af418,1.0,15.0,15349,11.0
61646e7ec3accfb9d8334ad5,9,other,4,666445e5b72745f04a4f57d6,0.0,6.0,15349,8.0
61680035775d6be6c3034464,6,self,1,61680035775d6be6c3034464,1.0,12.0,15426,16.0
61680035775d6be6c3034464,6,other,2,65998003547f20229a90f812,1.0,29.0,15426,24.0
61680035775d6be6c3034464,6,other,3,6765e0b23439a746f96737b3,0.0,9.0,15426,8.0
61680035775d6be6c3034464,6,other,4,5a9fa90f873cda00010d29d8,0.0,10.0,15426,13.0
616c98c5821cbeeffb348e40,3,self,1,616c98c5821cbeeffb348e40,1.0,12.0,15443,11.0
616c98c5821cbeeffb348e40,3,other,2,5e1829a4388ec910efd56602,1.0,12.0,15443,16.0
616c98c5821cbeeffb348e40,3,other,3,66a261c8cd2d7a18cbe95b9a,0.0,14.0,15443,14.0
616c98c5821cbeeffb348e40,3,other,4,6619cb1e30cb95691a6dd425,0.0,5.0,15443,16.0
6171849094893d838e6e6f62,1,self,1,6171849094893d838e6e6f62,1.0,9.0,15461,9.0
6171849094893d838e6e6f62,1,other,2,5c0558b8553fb80001191980,1.0,11.0,15461,2.0
6171849094893d838e6e6f62,1,other,3,666445e5b72745f04a4f57d6,0.0,6.0,15461,8.0
6171849094893d838e6e6f62,1,other,4,6426cfe964863ee2ff26642f,0.0,20.0,15461,16.0
61bb36eb40db417c1a13895a,5,self,1,61bb36eb40db417c1a13895a,0.0,31.0,15505,28.0
61bb36eb40db417c1a13895a,5,other,2,56bfcce79f7a1e0005fdca9e,1.0,8.0,15505,9.0
61bb36eb40db417c1a13895a,5,other,3,613b007b4e9cc4ef5a63f334,1.0,10.0,15505,19.0
61bb36eb40db417c1a13895a,5,other,4,6143e022ec8dfbce17b7e211,0.0,16.0,15505,12.0
61bb36eb40db417c1a13895a,7,self,1,61bb36eb40db417c1a13895a,0.0,31.0,15507,28.0
61bb36eb40db417c1a13895a,7,other,2,66199b3cd796398a2ba74e05,1.0,19.0,15507,18.0
61bb36eb40db417c1a13895a,7,other,3,67be395c30843acc70da3078,1.0,11.0,15507,9.0
61bb36eb40db417c1a13895a,7,other,4,668a922e45bcf95efdf3de93,0.0,11.0,15507,13.0
61bb36eb40db417c1a13895a,9,self,1,61bb36eb40db417c1a13895a,0.0,31.0,15509,28.0
61bb36eb40db417c1a13895a,9,other,2,65d506eb63cfbf1718c20879,1.0,17.0,15509,5.0
61bb36eb40db417c1a13895a,9,other,3,66fcb4019a3324429051348c,1.0,9.0,15509,10.0
61bb36eb40db417c1a13895a,9,other,4,6629396278644f7ca5e5d017,0.0,6.0,15509,9.0
61bb36eb40db417c1a13895a,10,self,1,61bb36eb40db417c1a13895a,0.0,31.0,15510,28.0
61bb36eb40db417c1a13895a,10,other,2,6658c5911429bc1ab0372a89,1.0,16.0,15510,16.0
61bb36eb40db417c1a13895a,10,other,3,6691641b6724549f46d3d8d3,1.0,8.0,15510,11.0
61bb36eb40db417c1a13895a,10,other,4,588a59813e1f290001aa78c1,0.0,16.0,15510,12.0
61bb36eb40db417c1a13895a,12,self,1,61bb36eb40db417c1a13895a,0.0,31.0,15512,28.0
61bb36eb40db417c1a13895a,12,other,2,588938e3b08cc30001b77771,1.0,17.0,15512,16.0
61bb36eb40db417c1a13895a,12,other,3,5eea9efc609f0d1ad38199bd,1.0,9.0,15512,10.0
61bb36eb40db417c1a13895a,12,other,4,66620cf0297a4b3c61f5a8ee,0.0,21.0,15512,18.0
61bb36eb40db417c1a13895a,13,self,1,61bb36eb40db417c1a13895a,0.0,31.0,15513,28.0
61bb36eb40db417c1a13895a,13,other,2,667ae31217cd77ff1091dcab,1.0,8.0,15513,10.0
61bb36eb40db417c1a13895a,13,other,3,5f61371454efa10bdcfc588d,1.0,9.0,15513,16.0
61bb36eb40db417c1a13895a,13,other,4,622b9908a530683a9c67740b,0.0,16.0,15513,8.0
61bb36eb40db417c1a13895a,15,self,1,61bb36eb40db417c1a13895a,0.0,31.0,15515,28.0
61bb36eb40db417c1a13895a,15,other,2,5b99663d4cefb60001e7a214,1.0,16.0,15515,20.0
61bb36eb40db417c1a13895a,15,other,3,5cf3ce21392ca30016117ebb,1.0,1.0,15515,1.0
61bb36eb40db417c1a13895a,15,other,4,67a5243ba34736474426ab7f,0.0,25.0,15515,19.0
61bb36eb40db417c1a13895a,16,self,1,61bb36eb40db417c1a13895a,0.0,31.0,15516,28.0
61bb36eb40db417c1a13895a,16,other,2,6785704c3b1ab8813a4958b0,1.0,17.0,15516,16.0
61bb36eb40db417c1a13895a,16,other,3,67373868b474298955804752,1.0,20.0,15516,13.0
61bb36eb40db417c1a13895a,16,other,4,67ddcc6cfc53ee0415e0db0e,0.0,4.0,15516,9.0
61bb36eb40db417c1a13895a,19,self,1,61bb36eb40db417c1a13895a,0.0,31.0,15519,28.0
61bb36eb40db417c1a13895a,19,other,2,6447b565df936347833ab73d,1.0,5.0,15519,10.0
61bb36eb40db417c1a13895a,19,other,3,5ed51b1808865206f3d88900,1.0,26.0,15519,16.0
61bb36eb40db417c1a13895a,19,other,4,60ce5270f1695ea416c25fc3,0.0,16.0,15519,17.0
61bb36eb40db417c1a13895a,20,self,1,61bb36eb40db417c1a13895a,0.0,31.0,15520,28.0
61bb36eb40db417c1a13895a,20,other,2,60cdf65714fa74a92ab98644,1.0,13.0,15520,16.0
61bb36eb40db417c1a13895a,20,other,3,5e421b4bc503670be09335c7,1.0,12.0,15520,17.0
61bb36eb40db417c1a13895a,20,other,4,6104f643566bca4643370eba,0.0,19.0,15520,17.0
61bb389740db417c1a138cad,7,self,1,61bb389740db417c1a138cad,0.0,12.0,15527,16.0
61bb389740db417c1a138cad,7,other,2,5d4bf8571348c800174c6ecb,1.0,24.0,15527,19.0
61bb389740db417c1a138cad,7,other,3,61673b692a55fba0f6b8abf1,1.0,19.0,15527,20.0
61bb389740db417c1a138cad,7,other,4,66f1d62ce54efcda7566bed3,0.0,12.0,15527,9.0
61fa9085d42cb19beec4915d,2,self,1,61fa9085d42cb19beec4915d,1.0,29.0,15562,18.0
61fa9085d42cb19beec4915d,2,other,2,67ccf5aaec16501a9fec7097,1.0,11.0,15562,10.0
61fa9085d42cb19beec4915d,2,other,3,5c2ebf3e626018000134986f,0.0,4.0,15562,4.0
61fa9085d42cb19beec4915d,2,other,4,5c4d1a6c9ce35100019dbc88,0.0,18.0,15562,18.0
61fa9085d42cb19beec4915d,4,self,1,61fa9085d42cb19beec4915d,1.0,29.0,15564,18.0
61fa9085d42cb19beec4915d,4,other,2,664d2e40c74692f394c62ba5,1.0,9.0,15564,16.0
61fa9085d42cb19beec4915d,4,other,3,62a74daa695f792361470dd1,0.0,12.0,15564,12.0
61fa9085d42cb19beec4915d,4,other,4,661d1672f01169fe41f1f001,0.0,16.0,15564,17.0
61fa9085d42cb19beec4915d,8,self,1,61fa9085d42cb19beec4915d,1.0,29.0,15568,18.0
61fa9085d42cb19beec4915d,8,other,2,60bd4bfc88b646e72d772977,1.0,17.0,15568,18.0
61fa9085d42cb19beec4915d,8,other,3,66fd1af87dccbd508244cd7e,0.0,13.0,15568,16.0
61fa9085d42cb19beec4915d,8,other,4,675662c8da055bc788c8a805,0.0,8.0,15568,5.0
61fa9085d42cb19beec4915d,15,self,1,61fa9085d42cb19beec4915d,1.0,29.0,15575,18.0
61fa9085d42cb19beec4915d,15,other,2,55885869fdf99b4020ba0b64,1.0,14.0,15575,18.0
61fa9085d42cb19beec4915d,15,other,3,676dcbd74fba5b642d1e2f01,0.0,11.0,15575,0.0
61fa9085d42cb19beec4915d,15,other,4,66857a5b6efcd1cf07b88707,0.0,20.0,15575,16.0
61fa9085d42cb19beec4915d,18,self,1,61fa9085d42cb19beec4915d,1.0,29.0,15578,18.0
61fa9085d42cb19beec4915d,18,other,2,609c2dcbc88bdd19e0be4b98,1.0,16.0,15578,10.0
61fa9085d42cb19beec4915d,18,other,3,668d16ae27f1ad4461650742,0.0,19.0,15578,18.0
61fa9085d42cb19beec4915d,18,other,4,5c4e38f4d3a5e300018363ba,0.0,11.0,15578,9.0
622bb4f79c52ad04bb91e752,6,self,1,622bb4f79c52ad04bb91e752,1.0,11.0,15666,16.0
622bb4f79c52ad04bb91e752,6,other,2,5ed929186e439f4729693f32,1.0,8.0,15666,9.0
622bb4f79c52ad04bb91e752,6,other,3,5c4f5967aac8be0001716a65,0.0,20.0,15666,13.0
622bb4f79c52ad04bb91e752,6,other,4,6637a2e174aac353a2dbc968,0.0,9.0,15666,11.0
622f7f35376a1f92763ddbe2,15,self,1,622f7f35376a1f92763ddbe2,1.0,6.0,15695,5.0
622f7f35376a1f92763ddbe2,15,other,2,67ad517b1efac540ebdd1752,1.0,16.0,15695,12.0
622f7f35376a1f92763ddbe2,15,other,3,5ea96c415a6a4e068b6d1e84,0.0,16.0,15695,17.0
622f7f35376a1f92763ddbe2,15,other,4,5b70d5cf48302c0001ba0771,0.0,19.0,15695,24.0
6235d96c087939dba5586d97,20,self,1,6235d96c087939dba5586d97,0.0,15.0,15760,15.0
6235d96c087939dba5586d97,20,other,2,67435174b76a747138e8a47a,1.0,13.0,15760,13.0
6235d96c087939dba5586d97,20,other,3,65f284445bd9d57a7c6c634f,1.0,16.0,15760,10.0
6235d96c087939dba5586d97,20,other,4,63222311994c6e4c35bb2a55,0.0,9.0,15760,9.0
6267a4624333d6f655d22fa9,6,self,1,6267a4624333d6f655d22fa9,0.0,8.0,15766,11.0
6267a4624333d6f655d22fa9,6,other,2,68483d40185598902b719f20,1.0,10.0,15766,18.0
6267a4624333d6f655d22fa9,6,other,3,652ecb92078fe073ab29b920,1.0,10.0,15766,0.0
6267a4624333d6f655d22fa9,6,other,4,64d5219df0415c9a7c609c19,0.0,19.0,15766,17.0
6278f2c1db1a5b8b12b94a21,6,self,1,6278f2c1db1a5b8b12b94a21,1.0,12.0,15826,10.0
6278f2c1db1a5b8b12b94a21,6,other,2,6662f201ccf41c36e7408562,1.0,8.0,15826,2.0
6278f2c1db1a5b8b12b94a21,6,other,3,66857a5b6efcd1cf07b88707,0.0,20.0,15826,16.0
6278f2c1db1a5b8b12b94a21,6,other,4,63cff02ee037183a8c260ea8,0.0,8.0,15826,4.0
62799c326b24bdc32fd8d4b0,1,self,1,62799c326b24bdc32fd8d4b0,0.0,9.0,15861,10.0
62799c326b24bdc32fd8d4b0,1,other,2,5e740451f1e6520f51f3eece,1.0,13.0,15861,19.0
62799c326b24bdc32fd8d4b0,1,other,3,6156e5a04232a8cff11724d6,1.0,16.0,15861,13.0
62799c326b24bdc32fd8d4b0,1,other,4,5e9f383061281c0c4c598dc9,0.0,16.0,15861,18.0
62799c326b24bdc32fd8d4b0,16,self,1,62799c326b24bdc32fd8d4b0,0.0,9.0,15876,10.0
62799c326b24bdc32fd8d4b0,16,other,2,60d3b417d47497f6ae55273f,1.0,17.0,15876,16.0
62799c326b24bdc32fd8d4b0,16,other,3,5b99663d4cefb60001e7a214,1.0,16.0,15876,20.0
62799c326b24bdc32fd8d4b0,16,other,4,5ec79cbd44972a1fceed2719,0.0,15.0,15876,10.0
627bbdcbf1475a64687a8cec,7,self,1,627bbdcbf1475a64687a8cec,1.0,13.0,15887,16.0
627bbdcbf1475a64687a8cec,7,other,2,59d4c100078dbe0001951236,1.0,9.0,15887,16.0
627bbdcbf1475a64687a8cec,7,other,3,67a9034388a7629d47fdd89e,0.0,12.0,15887,10.0
627bbdcbf1475a64687a8cec,7,other,4,66ae0709d8dd8981a2d6ee04,0.0,16.0,15887,22.0
627bbdcbf1475a64687a8cec,13,self,1,627bbdcbf1475a64687a8cec,1.0,13.0,15893,16.0
627bbdcbf1475a64687a8cec,13,other,2,611c0facb9bce2c353d5279b,1.0,13.0,15893,17.0
627bbdcbf1475a64687a8cec,13,other,3,606f9bca353fc36aba9ccb8b,0.0,14.0,15893,11.0
627bbdcbf1475a64687a8cec,13,other,4,5ea0627f31802801d5675c08,0.0,9.0,15893,2.0
627bbdcbf1475a64687a8cec,17,self,1,627bbdcbf1475a64687a8cec,1.0,13.0,15897,16.0
627bbdcbf1475a64687a8cec,17,other,2,5da5d4ea6f5d4400138def3f,1.0,9.0,15897,12.0
627bbdcbf1475a64687a8cec,17,other,3,63d3fb4fd3c313dca0920312,0.0,13.0,15897,17.0
627bbdcbf1475a64687a8cec,17,other,4,5fb274f5557bcc848df4293a,0.0,11.0,15897,10.0
629e3ebd335abaaefd1111db,15,self,1,629e3ebd335abaaefd1111db,0.0,19.0,16055,23.0
629e3ebd335abaaefd1111db,15,other,2,66e39617700f6ac648af2498,1.0,10.0,16055,16.0
629e3ebd335abaaefd1111db,15,other,3,677d3fbfbb2df9271e66b263,1.0,8.0,16055,16.0
629e3ebd335abaaefd1111db,15,other,4,6609c596ac6ba651a47a15de,0.0,19.0,16055,18.0
629f2a9c3effb1dc81c49116,1,self,1,629f2a9c3effb1dc81c49116,0.0,35.0,16081,21.0
629f2a9c3effb1dc81c49116,1,other,2,5d24e7aec81128001721628f,1.0,8.0,16081,4.0
629f2a9c3effb1dc81c49116,1,other,3,615eca41d537883c96fc9eec,1.0,8.0,16081,12.0
629f2a9c3effb1dc81c49116,1,other,4,5d776e218a8d1d00166d36a6,0.0,19.0,16081,21.0
629f2a9c3effb1dc81c49116,2,self,1,629f2a9c3effb1dc81c49116,0.0,35.0,16082,21.0
629f2a9c3effb1dc81c49116,2,other,2,5d4252914733ca0018ff29d7,1.0,8.0,16082,3.0
629f2a9c3effb1dc81c49116,2,other,3,5e0571b7e297d5fa932cf415,1.0,17.0,16082,13.0
629f2a9c3effb1dc81c49116,2,other,4,674df7409688c680113b8316,0.0,9.0,16082,13.0
629f2a9c3effb1dc81c49116,3,self,1,629f2a9c3effb1dc81c49116,0.0,35.0,16083,21.0
629f2a9c3effb1dc81c49116,3,other,2,674d4315219570a745daddc3,1.0,16.0,16083,10.0
629f2a9c3effb1dc81c49116,3,other,3,66c62c2a76d4919685cd6767,1.0,17.0,16083,19.0
629f2a9c3effb1dc81c49116,3,other,4,5ec79cbd44972a1fceed2719,0.0,15.0,16083,10.0
629f2a9c3effb1dc81c49116,4,self,1,629f2a9c3effb1dc81c49116,0.0,35.0,16084,21.0
629f2a9c3effb1dc81c49116,4,other,2,5e94acdc3d1b5780b00d12ff,1.0,11.0,16084,6.0
629f2a9c3effb1dc81c49116,4,other,3,608a0175caaa968e48ae4b6d,1.0,4.0,16084,5.0
629f2a9c3effb1dc81c49116,4,other,4,63469662d9e84d379f52c166,0.0,4.0,16084,0.0
629f2a9c3effb1dc81c49116,5,self,1,629f2a9c3effb1dc81c49116,0.0,35.0,16085,21.0
629f2a9c3effb1dc81c49116,5,other,2,63e5885f80bfde889d559aa9,1.0,16.0,16085,16.0
629f2a9c3effb1dc81c49116,5,other,3,6658b5ca5f6a7ef6d4527b29,1.0,19.0,16085,25.0
629f2a9c3effb1dc81c49116,5,other,4,62ab399e15b98baaf3099d60,0.0,16.0,16085,18.0
629f2a9c3effb1dc81c49116,6,self,1,629f2a9c3effb1dc81c49116,0.0,35.0,16086,21.0
629f2a9c3effb1dc81c49116,6,other,2,62b984dec02e2435d603008b,1.0,12.0,16086,20.0
629f2a9c3effb1dc81c49116,6,other,3,63e52076fc677ee3ccce9a4d,1.0,17.0,16086,11.0
629f2a9c3effb1dc81c49116,6,other,4,614c3ad2075d2710db4dc03e,0.0,9.0,16086,10.0
629f2a9c3effb1dc81c49116,7,self,1,629f2a9c3effb1dc81c49116,0.0,35.0,16087,21.0
629f2a9c3effb1dc81c49116,7,other,2,61486ad7059377d6f08fd91c,1.0,23.0,16087,20.0
629f2a9c3effb1dc81c49116,7,other,3,678566c2d8d97d8e408c6384,1.0,9.0,16087,13.0
629f2a9c3effb1dc81c49116,7,other,4,6824ca9431d5202089ce433d,0.0,8.0,16087,0.0
629f2a9c3effb1dc81c49116,8,self,1,629f2a9c3effb1dc81c49116,0.0,35.0,16088,21.0
629f2a9c3effb1dc81c49116,8,other,2,681269c2ef9ca43142682cf6,1.0,8.0,16088,11.0
629f2a9c3effb1dc81c49116,8,other,3,63ef9075e5af59d34db2fe5d,1.0,18.0,16088,18.0
629f2a9c3effb1dc81c49116,8,other,4,60743e408fd768b1a939ed4c,0.0,11.0,16088,8.0
629f2a9c3effb1dc81c49116,9,self,1,629f2a9c3effb1dc81c49116,0.0,35.0,16089,21.0
629f2a9c3effb1dc81c49116,9,other,2,605e491b152b38b079a9ca7c,1.0,16.0,16089,9.0
629f2a9c3effb1dc81c49116,9,other,3,6776b7f857f30f9dfdcac3b1,1.0,6.0,16089,10.0
629f2a9c3effb1dc81c49116,9,other,4,5eecb9e2c93c1e0677084323,0.0,16.0,16089,16.0
629f2a9c3effb1dc81c49116,10,self,1,629f2a9c3effb1dc81c49116,0.0,35.0,16090,21.0
629f2a9c3effb1dc81c49116,10,other,2,5eac3dc896a6242689110c31,1.0,8.0,16090,9.0
629f2a9c3effb1dc81c49116,10,other,3,5f953584d654c638ae82c4b2,1.0,24.0,16090,11.0
629f2a9c3effb1dc81c49116,10,other,4,668d16ae27f1ad4461650742,0.0,19.0,16090,18.0
629f2a9c3effb1dc81c49116,11,self,1,629f2a9c3effb1dc81c49116,0.0,35.0,16091,21.0
629f2a9c3effb1dc81c49116,11,other,2,66a3f582d7dd72932567c122,1.0,10.0,16091,2.0
629f2a9c3effb1dc81c49116,11,other,3,5ba248657b196f0001967f28,1.0,1.0,16091,9.0
629f2a9c3effb1dc81c49116,11,other,4,5810dfccaba80400016f13ea,0.0,14.0,16091,17.0
629f2a9c3effb1dc81c49116,12,self,1,629f2a9c3effb1dc81c49116,0.0,35.0,16092,21.0
629f2a9c3effb1dc81c49116,12,other,2,588938e3b08cc30001b77771,1.0,17.0,16092,16.0
629f2a9c3effb1dc81c49116,12,other,3,5e814f98193c1983e819818f,1.0,8.0,16092,10.0
629f2a9c3effb1dc81c49116,12,other,4,63003bb4d6f83995fb271ba3,0.0,19.0,16092,16.0
629f2a9c3effb1dc81c49116,13,self,1,629f2a9c3effb1dc81c49116,0.0,35.0,16093,21.0
629f2a9c3effb1dc81c49116,13,other,2,63a3375101319bb7cb39f654,1.0,13.0,16093,10.0
629f2a9c3effb1dc81c49116,13,other,3,66927c8697feb698d0b600d1,1.0,16.0,16093,15.0
629f2a9c3effb1dc81c49116,13,other,4,67911b9be5af0ac0763a28c7,0.0,4.0,16093,4.0
629f2a9c3effb1dc81c49116,14,self,1,629f2a9c3effb1dc81c49116,0.0,35.0,16094,21.0
629f2a9c3effb1dc81c49116,14,other,2,67853d0565a82363289d36c4,1.0,8.0,16094,5.0
629f2a9c3effb1dc81c49116,14,other,3,63d8c92d2f5a27eb3c7edb89,1.0,19.0,16094,16.0
629f2a9c3effb1dc81c49116,14,other,4,568aab53316b10000d50d76b,0.0,10.0,16094,16.0
629f2a9c3effb1dc81c49116,15,self,1,629f2a9c3effb1dc81c49116,0.0,35.0,16095,21.0
629f2a9c3effb1dc81c49116,15,other,2,56bfcce79f7a1e0005fdca9e,1.0,8.0,16095,9.0
629f2a9c3effb1dc81c49116,15,other,3,66324dc7cb5ab43fc8b19566,1.0,8.0,16095,9.0
629f2a9c3effb1dc81c49116,15,other,4,6079fce53f74f77426b40b44,0.0,9.0,16095,7.0
629f2a9c3effb1dc81c49116,16,self,1,629f2a9c3effb1dc81c49116,0.0,35.0,16096,21.0
629f2a9c3effb1dc81c49116,16,other,2,6064a0185b9ce0ca98b5e791,1.0,9.0,16096,16.0
629f2a9c3effb1dc81c49116,16,other,3,668dc78c1b388adf48d7f329,1.0,6.0,16096,5.0
629f2a9c3effb1dc81c49116,16,other,4,67657e578046d60e4b772013,0.0,20.0,16096,18.0
629f2a9c3effb1dc81c49116,17,self,1,629f2a9c3effb1dc81c49116,0.0,35.0,16097,21.0
629f2a9c3effb1dc81c49116,17,other,2,6761936cd42ea657c0bce1af,1.0,11.0,16097,16.0
629f2a9c3effb1dc81c49116,17,other,3,6606ce9c3523446ed5777300,1.0,9.0,16097,10.0
629f2a9c3effb1dc81c49116,17,other,4,5d53ddf96937fb000171d892,0.0,5.0,16097,10.0
629f2a9c3effb1dc81c49116,18,self,1,629f2a9c3effb1dc81c49116,0.0,35.0,16098,21.0
629f2a9c3effb1dc81c49116,18,other,2,5d260d4255a29b0017698915,1.0,16.0,16098,16.0
629f2a9c3effb1dc81c49116,18,other,3,655d867ce204d4f63c3533df,1.0,24.0,16098,19.0
629f2a9c3effb1dc81c49116,18,other,4,62b43d3e4927e5aa132d760f,0.0,12.0,16098,12.0
629f2a9c3effb1dc81c49116,19,self,1,629f2a9c3effb1dc81c49116,0.0,35.0,16099,21.0
629f2a9c3effb1dc81c49116,19,other,2,62c836b4ac581a6d7d8ce1ef,1.0,11.0,16099,9.0
629f2a9c3effb1dc81c49116,19,other,3,66479cbe39361370f0d85484,1.0,16.0,16099,16.0
629f2a9c3effb1dc81c49116,19,other,4,5dcbcdaae41a9f869a761fef,0.0,17.0,16099,13.0
629f2a9c3effb1dc81c49116,20,self,1,629f2a9c3effb1dc81c49116,0.0,35.0,16100,21.0
629f2a9c3effb1dc81c49116,20,other,2,5d9b02cd4ce5d302eb84801d,1.0,12.0,16100,19.0
629f2a9c3effb1dc81c49116,20,other,3,5d04c56a0b54cc0001dad608,1.0,10.0,16100,15.0
629f2a9c3effb1dc81c49116,20,other,4,622a11c552b2b35bab72a39c,0.0,4.0,16100,8.0
62a6c39ce82d993784c0b352,19,self,1,62a6c39ce82d993784c0b352,1.0,13.0,16219,15.0
62a6c39ce82d993784c0b352,19,other,2,65b902363d7d5bf26cb8c876,1.0,25.0,16219,18.0
62a6c39ce82d993784c0b352,19,other,3,59ef022eae9f950001d84a43,0.0,13.0,16219,11.0
62a6c39ce82d993784c0b352,19,other,4,6619cb1e30cb95691a6dd425,0.0,5.0,16219,16.0
62b1ca10f34adfd4c7a2449f,4,self,1,62b1ca10f34adfd4c7a2449f,1.0,3.0,16324,10.0
62b1ca10f34adfd4c7a2449f,4,other,2,68483d40185598902b719f20,1.0,10.0,16324,18.0
62b1ca10f34adfd4c7a2449f,4,other,3,6666008fd09c8744714ca817,0.0,12.0,16324,17.0
62b1ca10f34adfd4c7a2449f,4,other,4,63457ca6ea7e55d2491ec3fc,0.0,13.0,16324,13.0
62b1ca10f34adfd4c7a2449f,8,self,1,62b1ca10f34adfd4c7a2449f,1.0,3.0,16328,10.0
62b1ca10f34adfd4c7a2449f,8,other,2,66116b936273edeae82eb481,1.0,10.0,16328,9.0
62b1ca10f34adfd4c7a2449f,8,other,3,5b4ce4c8aad40700014ac066,0.0,15.0,16328,16.0
62b1ca10f34adfd4c7a2449f,8,other,4,5d63c128888f91000176ecbc,0.0,10.0,16328,9.0
62b2510090c080a481c2c8ef,7,self,1,62b2510090c080a481c2c8ef,1.0,16.0,16367,14.0
62b2510090c080a481c2c8ef,7,other,2,6745f73ee7541460adbabcff,1.0,9.0,16367,13.0
62b2510090c080a481c2c8ef,7,other,3,6650ecda2657647b60a302eb,0.0,10.0,16367,11.0
62b2510090c080a481c2c8ef,7,other,4,6445b13023ac3b3eb202881f,0.0,12.0,16367,12.0
62b33c9875d3ea1a7812f232,2,self,1,62b33c9875d3ea1a7812f232,0.0,6.0,16382,2.0
62b33c9875d3ea1a7812f232,2,other,2,5e6977731ff38b22e8654bc4,1.0,16.0,16382,10.0
62b33c9875d3ea1a7812f232,2,other,3,5dd343f19595a13585492c99,1.0,12.0,16382,13.0
62b33c9875d3ea1a7812f232,2,other,4,57a3de9ddcff7d0001c7d35a,0.0,20.0,16382,24.0
62b33c9875d3ea1a7812f232,11,self,1,62b33c9875d3ea1a7812f232,0.0,6.0,16391,2.0
62b33c9875d3ea1a7812f232,11,other,2,67effc951ce344a94949e0e7,1.0,16.0,16391,16.0
62b33c9875d3ea1a7812f232,11,other,3,5aeb5aba7ed5460001572dad,1.0,23.0,16391,22.0
62b33c9875d3ea1a7812f232,11,other,4,5ea051f6ef1e88000bbae035,0.0,8.0,16391,11.0
62b43d3e4927e5aa132d760f,11,self,1,62b43d3e4927e5aa132d760f,0.0,12.0,16451,12.0
62b43d3e4927e5aa132d760f,11,other,2,60c20abfdccab926283d8f7f,1.0,12.0,16451,17.0
62b43d3e4927e5aa132d760f,11,other,3,66cdf006dc37b68c08c84ac5,1.0,4.0,16451,10.0
62b43d3e4927e5aa132d760f,11,other,4,64007622a1b9dbf7a50405cb,0.0,14.0,16451,9.0
62b83b38b58d74dd0efa46c5,4,self,1,62b83b38b58d74dd0efa46c5,0.0,25.0,16484,25.0
62b83b38b58d74dd0efa46c5,4,other,2,6596493da160875dd60ca0b9,1.0,17.0,16484,13.0
62b83b38b58d74dd0efa46c5,4,other,3,682ea2d42d55eac9ceeac8aa,1.0,5.0,16484,8.0
62b83b38b58d74dd0efa46c5,4,other,4,676f0bdedfb3362f560115f0,0.0,19.0,16484,27.0
62b83b38b58d74dd0efa46c5,5,self,1,62b83b38b58d74dd0efa46c5,0.0,25.0,16485,25.0
62b83b38b58d74dd0efa46c5,5,other,2,676aa9c4bde30e11da44f128,1.0,13.0,16485,17.0
62b83b38b58d74dd0efa46c5,5,other,3,669d6298fbea0ccd92e79ecb,1.0,8.0,16485,13.0
62b83b38b58d74dd0efa46c5,5,other,4,647d380660e059e1612303e8,0.0,17.0,16485,15.0
62b83b38b58d74dd0efa46c5,17,self,1,62b83b38b58d74dd0efa46c5,0.0,25.0,16497,25.0
62b83b38b58d74dd0efa46c5,17,other,2,674d4315219570a745daddc3,1.0,16.0,16497,10.0
62b83b38b58d74dd0efa46c5,17,other,3,5a9bcd3f1eda410001366c55,1.0,20.0,16497,14.0
62b83b38b58d74dd0efa46c5,17,other,4,6629396278644f7ca5e5d017,0.0,6.0,16497,9.0
62b984dec02e2435d603008b,4,self,1,62b984dec02e2435d603008b,1.0,12.0,16504,20.0
62b984dec02e2435d603008b,4,other,2,5b91a7f012fa940001a30997,1.0,5.0,16504,10.0
62b984dec02e2435d603008b,4,other,3,63d14977a22dee1760f8770d,0.0,10.0,16504,12.0
62b984dec02e2435d603008b,4,other,4,5ea19dcac30e0005e6e6b6e3,0.0,9.0,16504,13.0
62c4223a1f32b720c8f30148,1,self,1,62c4223a1f32b720c8f30148,0.0,25.0,16541,24.0
62c4223a1f32b720c8f30148,1,other,2,60a1e1f4a3707c983a98f185,1.0,6.0,16541,8.0
62c4223a1f32b720c8f30148,1,other,3,603f82cb2fafec01e1d6470a,1.0,16.0,16541,11.0
62c4223a1f32b720c8f30148,1,other,4,6609c596ac6ba651a47a15de,0.0,19.0,16541,18.0
62c4223a1f32b720c8f30148,14,self,1,62c4223a1f32b720c8f30148,0.0,25.0,16554,24.0
62c4223a1f32b720c8f30148,14,other,2,66683545735678b36a28c87b,1.0,8.0,16554,4.0
62c4223a1f32b720c8f30148,14,other,3,65fb799d1bb244733095cf20,1.0,1.0,16554,5.0
62c4223a1f32b720c8f30148,14,other,4,60ede71b5261321901a2a31c,0.0,16.0,16554,13.0
62c7e2035db496124cf69b56,14,self,1,62c7e2035db496124cf69b56,1.0,19.0,16594,16.0
62c7e2035db496124cf69b56,14,other,2,5a75d51a0f1bce0001219703,1.0,11.0,16594,9.0
62c7e2035db496124cf69b56,14,other,3,6662bbd11599452943304086,0.0,8.0,16594,13.0
62c7e2035db496124cf69b56,14,other,4,5f51529b15e36638fe535eae,0.0,24.0,16594,24.0
62c9ed717a2882d689eb27c1,1,self,1,62c9ed717a2882d689eb27c1,1.0,16.0,16621,19.0
62c9ed717a2882d689eb27c1,1,other,2,65c1158c42ae46b4f170955f,1.0,12.0,16621,22.0
62c9ed717a2882d689eb27c1,1,other,3,67f7f883cb3cd4c0f5177411,0.0,16.0,16621,16.0
62c9ed717a2882d689eb27c1,1,other,4,6778aa34a81ab2f07e0d4c25,0.0,20.0,16621,25.0
62d133496cf7f774b8bf98a0,17,self,1,62d133496cf7f774b8bf98a0,1.0,5.0,16697,5.0
62d133496cf7f774b8bf98a0,17,other,2,5e38e49a8445881060c60eaf,1.0,15.0,16697,15.0
62d133496cf7f774b8bf98a0,17,other,3,6599b15ac5bd63ec64f8b1f5,0.0,19.0,16697,8.0
62d133496cf7f774b8bf98a0,17,other,4,60febe4bb7d1055665da0413,0.0,23.0,16697,16.0
62d133496cf7f774b8bf98a0,19,self,1,62d133496cf7f774b8bf98a0,1.0,5.0,16699,5.0
62d133496cf7f774b8bf98a0,19,other,2,6610feb47a58c90ed439d79d,1.0,9.0,16699,8.0
62d133496cf7f774b8bf98a0,19,other,3,5de398993cf27939a25abc5f,0.0,8.0,16699,20.0
62d133496cf7f774b8bf98a0,19,other,4,5b4ce4c8aad40700014ac066,0.0,15.0,16699,16.0
62e0251cc2818b23981bfa87,2,self,1,62e0251cc2818b23981bfa87,0.0,6.0,16742,6.0
62e0251cc2818b23981bfa87,2,other,2,674a488fe640fba145d7171b,1.0,5.0,16742,11.0
62e0251cc2818b23981bfa87,2,other,3,5dd864447beb29822b6c1e86,1.0,16.0,16742,19.0
62e0251cc2818b23981bfa87,2,other,4,66e20380324d7bf552a749b9,0.0,13.0,16742,8.0
62e0251cc2818b23981bfa87,12,self,1,62e0251cc2818b23981bfa87,0.0,6.0,16752,6.0
62e0251cc2818b23981bfa87,12,other,2,56fb454534a0d300061a5070,1.0,24.0,16752,18.0
62e0251cc2818b23981bfa87,12,other,3,62c9ed717a2882d689eb27c1,1.0,16.0,16752,19.0
62e0251cc2818b23981bfa87,12,other,4,66f283b0d2a9a03573017956,0.0,11.0,16752,8.0
62e3f7b224ec70641fd86b7b,1,self,1,62e3f7b224ec70641fd86b7b,0.0,31.0,16801,24.0
62e3f7b224ec70641fd86b7b,1,other,2,6717fca726a4dc3a00ad40db,1.0,9.0,16801,4.0
62e3f7b224ec70641fd86b7b,1,other,3,664d2e40c74692f394c62ba5,1.0,9.0,16801,16.0
62e3f7b224ec70641fd86b7b,1,other,4,5810dfccaba80400016f13ea,0.0,14.0,16801,17.0
62e3f7b224ec70641fd86b7b,2,self,1,62e3f7b224ec70641fd86b7b,0.0,31.0,16802,24.0
62e3f7b224ec70641fd86b7b,2,other,2,588938e3b08cc30001b77771,1.0,17.0,16802,16.0
62e3f7b224ec70641fd86b7b,2,other,3,5f96cb0772cd93035c5914fb,1.0,3.0,16802,10.0
62e3f7b224ec70641fd86b7b,2,other,4,60008e2ee4d8c913c602e0cd,0.0,20.0,16802,18.0
62e3f7b224ec70641fd86b7b,4,self,1,62e3f7b224ec70641fd86b7b,0.0,31.0,16804,24.0
62e3f7b224ec70641fd86b7b,4,other,2,5b7535d184850400011a07b8,1.0,1.0,16804,8.0
62e3f7b224ec70641fd86b7b,4,other,3,67870824e02758bc16fa96f3,1.0,8.0,16804,8.0
62e3f7b224ec70641fd86b7b,4,other,4,5dbf5fe16849043f135aa2c0,0.0,16.0,16804,18.0
62e3f7b224ec70641fd86b7b,7,self,1,62e3f7b224ec70641fd86b7b,0.0,31.0,16807,24.0
62e3f7b224ec70641fd86b7b,7,other,2,59e71a97896cfc0001921899,1.0,20.0,16807,20.0
62e3f7b224ec70641fd86b7b,7,other,3,5d403b7d4e509a0019f664f0,1.0,8.0,16807,6.0
62e3f7b224ec70641fd86b7b,7,other,4,5af3aa0e97a14300017d3c6e,0.0,27.0,16807,21.0
62e3f7b224ec70641fd86b7b,12,self,1,62e3f7b224ec70641fd86b7b,0.0,31.0,16812,24.0
62e3f7b224ec70641fd86b7b,12,other,2,601b0712b0701c46459aab27,1.0,10.0,16812,9.0
62e3f7b224ec70641fd86b7b,12,other,3,588938e3b08cc30001b77771,1.0,17.0,16812,16.0
62e3f7b224ec70641fd86b7b,12,other,4,6631dd70c1393b01137d8453,0.0,9.0,16812,11.0
62e3f7b224ec70641fd86b7b,13,self,1,62e3f7b224ec70641fd86b7b,0.0,31.0,16813,24.0
62e3f7b224ec70641fd86b7b,13,other,2,6658d66a5e45cac0aaeb54de,1.0,8.0,16813,6.0
62e3f7b224ec70641fd86b7b,13,other,3,6149d516a3c16102a1a816bb,1.0,3.0,16813,12.0
62e3f7b224ec70641fd86b7b,13,other,4,64455cfdcc83f30266ad2345,0.0,18.0,16813,16.0
62e3f7b224ec70641fd86b7b,15,self,1,62e3f7b224ec70641fd86b7b,0.0,31.0,16815,24.0
62e3f7b224ec70641fd86b7b,15,other,2,5e1465b599b282a6feec000b,1.0,9.0,16815,13.0
62e3f7b224ec70641fd86b7b,15,other,3,5eadc384e00264461f74d7c8,1.0,9.0,16815,8.0
62e3f7b224ec70641fd86b7b,15,other,4,5c1b7b36960792000195f33a,0.0,10.0,16815,11.0
62e3f7b224ec70641fd86b7b,16,self,1,62e3f7b224ec70641fd86b7b,0.0,31.0,16816,24.0
62e3f7b224ec70641fd86b7b,16,other,2,5be5c05fd153f500019a2ef2,1.0,14.0,16816,6.0
62e3f7b224ec70641fd86b7b,16,other,3,662d641b6cddce705ad8558e,1.0,17.0,16816,14.0
62e3f7b224ec70641fd86b7b,16,other,4,66784c32524d51faa546901b,0.0,13.0,16816,9.0
62e3f7b224ec70641fd86b7b,17,self,1,62e3f7b224ec70641fd86b7b,0.0,31.0,16817,24.0
62e3f7b224ec70641fd86b7b,17,other,2,668f6130990b08808a88e031,1.0,20.0,16817,12.0
62e3f7b224ec70641fd86b7b,17,other,3,66ef7a5b05edfd0f5bed68a6,1.0,16.0,16817,14.0
62e3f7b224ec70641fd86b7b,17,other,4,61381d5a9e64a57c2094498d,0.0,9.0,16817,16.0
62e3f7b224ec70641fd86b7b,20,self,1,62e3f7b224ec70641fd86b7b,0.0,31.0,16820,24.0
62e3f7b224ec70641fd86b7b,20,other,2,6050ea8a95817a2bfddc9d09,1.0,21.0,16820,21.0
62e3f7b224ec70641fd86b7b,20,other,3,66a9843c53827f826e9738ed,1.0,1.0,16820,9.0
62e3f7b224ec70641fd86b7b,20,other,4,568aab53316b10000d50d76b,0.0,10.0,16820,16.0
62e94b3be07988f8f0f814ca,11,self,1,62e94b3be07988f8f0f814ca,0.0,19.0,16871,22.0
62e94b3be07988f8f0f814ca,11,other,2,60db380112e336c6450e22ce,1.0,10.0,16871,3.0
62e94b3be07988f8f0f814ca,11,other,3,65ca7ce3db12aa7ea5156a0c,1.0,17.0,16871,8.0
62e94b3be07988f8f0f814ca,11,other,4,66fcdc229c37d1da9d61017c,0.0,16.0,16871,16.0
62ea57db8ebcd07b26b66eec,2,self,1,62ea57db8ebcd07b26b66eec,1.0,5.0,16902,3.0
62ea57db8ebcd07b26b66eec,2,other,2,5a0b42e4fe645f0001e9f480,1.0,11.0,16902,21.0
62ea57db8ebcd07b26b66eec,2,other,3,66fa8891ce6034e440bb5ec8,0.0,16.0,16902,18.0
62ea57db8ebcd07b26b66eec,2,other,4,63ea46ac57c552d3b4ff83bc,0.0,10.0,16902,11.0
62ea57db8ebcd07b26b66eec,14,self,1,62ea57db8ebcd07b26b66eec,1.0,5.0,16914,3.0
62ea57db8ebcd07b26b66eec,14,other,2,679160f6e9c440cda559818e,1.0,11.0,16914,16.0
62ea57db8ebcd07b26b66eec,14,other,3,5c1655c7ad682500017070d2,0.0,18.0,16914,17.0
62ea57db8ebcd07b26b66eec,14,other,4,668d16ae27f1ad4461650742,0.0,19.0,16914,18.0
62ed040473cc253bdb75b3bf,4,self,1,62ed040473cc253bdb75b3bf,0.0,14.0,16944,12.0
62ed040473cc253bdb75b3bf,4,other,2,62b08773cf2ee3e1920099c8,1.0,16.0,16944,13.0
62ed040473cc253bdb75b3bf,4,other,3,605e622287f0e806ffe04590,1.0,9.0,16944,9.0
62ed040473cc253bdb75b3bf,4,other,4,67377e4b9f092032b4065e91,0.0,17.0,16944,17.0
62f4904296e62ae6c19127d4,9,self,1,62f4904296e62ae6c19127d4,0.0,8.0,16989,10.0
62f4904296e62ae6c19127d4,9,other,2,676aa9c4bde30e11da44f128,1.0,13.0,16989,17.0
62f4904296e62ae6c19127d4,9,other,3,5f85f217f845b10f388f2ce7,1.0,17.0,16989,8.0
62f4904296e62ae6c19127d4,9,other,4,55b5f6b6fdf99b713277dc94,0.0,19.0,16989,10.0
62fb7a556d690575998ccb79,13,self,1,62fb7a556d690575998ccb79,0.0,11.0,17013,14.0
62fb7a556d690575998ccb79,13,other,2,5d07ce4eb4fd5c001cee075c,1.0,16.0,17013,19.0
62fb7a556d690575998ccb79,13,other,3,5ef512f59a0686144b8e6263,1.0,17.0,17013,24.0
62fb7a556d690575998ccb79,13,other,4,6632687cb045de5ac33ceea3,0.0,9.0,17013,15.0
63003bb4d6f83995fb271ba3,19,self,1,63003bb4d6f83995fb271ba3,0.0,19.0,17119,16.0
63003bb4d6f83995fb271ba3,19,other,2,665ec25c1ecf0a89934b7a7e,1.0,13.0,17119,11.0
63003bb4d6f83995fb271ba3,19,other,3,66fcb4019a3324429051348c,1.0,9.0,17119,10.0
63003bb4d6f83995fb271ba3,19,other,4,5eabf74457f54b1ec1692eeb,0.0,7.0,17119,8.0
6303804fd94877a252e0d82f,14,self,1,6303804fd94877a252e0d82f,0.0,17.0,17134,16.0
6303804fd94877a252e0d82f,14,other,2,643abe2183fc66157d8b0b9c,1.0,8.0,17134,9.0
6303804fd94877a252e0d82f,14,other,3,60fce0bedbae8b8996c93203,1.0,10.0,17134,20.0
6303804fd94877a252e0d82f,14,other,4,677c358117d1ac70048fd3c6,0.0,11.0,17134,16.0
630b7edba049cf405f50aa89,6,self,1,630b7edba049cf405f50aa89,0.0,14.0,17186,9.0
630b7edba049cf405f50aa89,6,other,2,679160f6e9c440cda559818e,1.0,11.0,17186,16.0
630b7edba049cf405f50aa89,6,other,3,5ed51b1808865206f3d88900,1.0,26.0,17186,16.0
630b7edba049cf405f50aa89,6,other,4,668dc66f629802c9570027e6,0.0,17.0,17186,16.0
630b7edba049cf405f50aa89,14,self,1,630b7edba049cf405f50aa89,0.0,14.0,17194,9.0
630b7edba049cf405f50aa89,14,other,2,652177a98948564c40f43f99,1.0,17.0,17194,21.0
630b7edba049cf405f50aa89,14,other,3,571fdcb14b8ecc0013c24fcb,1.0,10.0,17194,5.0
630b7edba049cf405f50aa89,14,other,4,66857a5b6efcd1cf07b88707,0.0,20.0,17194,16.0
6310ccbda708843d8c079b6d,13,self,1,6310ccbda708843d8c079b6d,1.0,12.0,17213,16.0
6310ccbda708843d8c079b6d,13,other,2,56fb454534a0d300061a5070,1.0,24.0,17213,18.0
6310ccbda708843d8c079b6d,13,other,3,6400e0dd862feacb579475a8,0.0,4.0,17213,12.0
6310ccbda708843d8c079b6d,13,other,4,566d5997d408ea00051a2a86,0.0,28.0,17213,22.0
631623dc8a64a7f2d743deac,14,self,1,631623dc8a64a7f2d743deac,0.0,9.0,17254,5.0
631623dc8a64a7f2d743deac,14,other,2,595339f4ad2ce90001b88266,1.0,16.0,17254,19.0
631623dc8a64a7f2d743deac,14,other,3,5bbd0782ba8d7d000194dcc4,1.0,16.0,17254,19.0
631623dc8a64a7f2d743deac,14,other,4,5d34862748bf98000146b64f,0.0,18.0,17254,19.0
6318e2c61780455450fe4199,4,self,1,6318e2c61780455450fe4199,0.0,2.0,17304,6.0
6318e2c61780455450fe4199,4,other,2,6544fd23649b492ec6242947,1.0,22.0,17304,17.0
6318e2c61780455450fe4199,4,other,3,5e9409cd1dabe7246810c3b6,1.0,1.0,17304,5.0
6318e2c61780455450fe4199,4,other,4,5f6dfe80423f152bb7a96a6f,0.0,9.0,17304,17.0
6318e2c61780455450fe4199,8,self,1,6318e2c61780455450fe4199,0.0,2.0,17308,6.0
6318e2c61780455450fe4199,8,other,2,5f96cb0772cd93035c5914fb,1.0,3.0,17308,10.0
6318e2c61780455450fe4199,8,other,3,66eada82e2a59d472d2dd086,1.0,17.0,17308,16.0
6318e2c61780455450fe4199,8,other,4,6773f2c6f59707888206bdd1,0.0,8.0,17308,10.0
6318e2c61780455450fe4199,10,self,1,6318e2c61780455450fe4199,0.0,2.0,17310,6.0
6318e2c61780455450fe4199,10,other,2,5d329756062745001921494a,1.0,5.0,17310,2.0
6318e2c61780455450fe4199,10,other,3,6774ba2b35bfe170ef2d7c87,1.0,16.0,17310,16.0
6318e2c61780455450fe4199,10,other,4,63337737be6252ad76e5f983,0.0,16.0,17310,16.0
6318e2c61780455450fe4199,18,self,1,6318e2c61780455450fe4199,0.0,2.0,17318,6.0
6318e2c61780455450fe4199,18,other,2,6765db00a847d25603e7ac52,1.0,0.0,17318,4.0
6318e2c61780455450fe4199,18,other,3,6596493da160875dd60ca0b9,1.0,17.0,17318,13.0
6318e2c61780455450fe4199,18,other,4,614c3ad2075d2710db4dc03e,0.0,9.0,17318,10.0
632b3639f61612815d100608,17,self,1,632b3639f61612815d100608,0.0,2.0,17397,10.0
632b3639f61612815d100608,17,other,2,5cf245d4639b150018eb7351,1.0,10.0,17397,11.0
632b3639f61612815d100608,17,other,3,61085127e5234dfd63a0c740,1.0,19.0,17397,17.0
632b3639f61612815d100608,17,other,4,66904eae25e477d074070a89,0.0,10.0,17397,6.0
63337737be6252ad76e5f983,6,self,1,63337737be6252ad76e5f983,0.0,16.0,17426,16.0
63337737be6252ad76e5f983,6,other,2,5f072bda6cd79c09f05284cb,1.0,13.0,17426,10.0
63337737be6252ad76e5f983,6,other,3,5a9bcd3f1eda410001366c55,1.0,20.0,17426,14.0
63337737be6252ad76e5f983,6,other,4,5dde8fba82f458000c8c7c75,0.0,8.0,17426,15.0
63468b4dc2726a47dac86511,8,self,1,63468b4dc2726a47dac86511,0.0,27.0,17468,25.0
63468b4dc2726a47dac86511,8,other,2,65edd3b5dab4b33aaf29cbd0,1.0,11.0,17468,11.0
63468b4dc2726a47dac86511,8,other,3,58a43e029a17120001d910d5,1.0,17.0,17468,14.0
63468b4dc2726a47dac86511,8,other,4,5a1342b7f2e3460001edbfd2,0.0,6.0,17468,4.0
63468b4dc2726a47dac86511,11,self,1,63468b4dc2726a47dac86511,0.0,27.0,17471,25.0
63468b4dc2726a47dac86511,11,other,2,66337d1de3bea5025f371c0b,1.0,12.0,17471,11.0
63468b4dc2726a47dac86511,11,other,3,62029a95ef1cb18a1337c695,1.0,16.0,17471,17.0
63468b4dc2726a47dac86511,11,other,4,63e548215b42b3f3aa069dc2,0.0,17.0,17471,19.0
63468b4dc2726a47dac86511,12,self,1,63468b4dc2726a47dac86511,0.0,27.0,17472,25.0
63468b4dc2726a47dac86511,12,other,2,6599760dff590951e558d1fc,1.0,9.0,17472,16.0
63468b4dc2726a47dac86511,12,other,3,5ef660beebde2833d8492e58,1.0,16.0,17472,11.0
63468b4dc2726a47dac86511,12,other,4,67e0863f736da524dbe7ac66,0.0,16.0,17472,9.0
63468b4dc2726a47dac86511,16,self,1,63468b4dc2726a47dac86511,0.0,27.0,17476,25.0
63468b4dc2726a47dac86511,16,other,2,66a9843c53827f826e9738ed,1.0,1.0,17476,9.0
63468b4dc2726a47dac86511,16,other,3,6137d3b8b1252a85f556d3d8,1.0,19.0,17476,18.0
63468b4dc2726a47dac86511,16,other,4,59fd4a71f5b5a3000139379c,0.0,20.0,17476,16.0
63469662d9e84d379f52c166,1,self,1,63469662d9e84d379f52c166,0.0,4.0,17481,0.0
63469662d9e84d379f52c166,1,other,2,5f25e860dd98342ce97e7403,1.0,20.0,17481,26.0
63469662d9e84d379f52c166,1,other,3,6813fb6e6bf8c3d60d489aa4,1.0,8.0,17481,4.0
63469662d9e84d379f52c166,1,other,4,66312361cf5d4099e1330532,0.0,11.0,17481,14.0
63469662d9e84d379f52c166,9,self,1,63469662d9e84d379f52c166,0.0,4.0,17489,0.0
63469662d9e84d379f52c166,9,other,2,655f7eb9ae6c61138f8bac86,1.0,15.0,17489,17.0
63469662d9e84d379f52c166,9,other,3,5bc913d99427200001dd47f5,1.0,19.0,17489,16.0
63469662d9e84d379f52c166,9,other,4,60ce350a7a082517c8666e92,0.0,18.0,17489,18.0
6346c49dbe9e9ee7946d6ebc,11,self,1,6346c49dbe9e9ee7946d6ebc,0.0,19.0,17531,18.0
6346c49dbe9e9ee7946d6ebc,11,other,2,5f7dee73bc8c8b044cc73e18,1.0,18.0,17531,19.0
6346c49dbe9e9ee7946d6ebc,11,other,3,6659f601d56e7e7f20ceb67d,1.0,20.0,17531,16.0
6346c49dbe9e9ee7946d6ebc,11,other,4,63469662d9e84d379f52c166,0.0,4.0,17531,0.0
6346c49dbe9e9ee7946d6ebc,12,self,1,6346c49dbe9e9ee7946d6ebc,0.0,19.0,17532,18.0
6346c49dbe9e9ee7946d6ebc,12,other,2,63e5885f80bfde889d559aa9,1.0,16.0,17532,16.0
6346c49dbe9e9ee7946d6ebc,12,other,3,5f146f8b9a35f72602d03ddc,1.0,8.0,17532,9.0
6346c49dbe9e9ee7946d6ebc,12,other,4,5eadb9ba99443b0a80211eaa,0.0,25.0,17532,19.0
6346c87f6c3fc6c26d3bd2a9,16,self,1,6346c87f6c3fc6c26d3bd2a9,0.0,8.0,17556,14.0
6346c87f6c3fc6c26d3bd2a9,16,other,2,6772f847510be103b1306979,1.0,12.0,17556,9.0
6346c87f6c3fc6c26d3bd2a9,16,other,3,56fb454534a0d300061a5070,1.0,24.0,17556,18.0
6346c87f6c3fc6c26d3bd2a9,16,other,4,5e0f69380fb798000a199566,0.0,13.0,17556,16.0
634d7250a9dbe47b2b1d110f,15,self,1,634d7250a9dbe47b2b1d110f,0.0,19.0,17635,18.0
634d7250a9dbe47b2b1d110f,15,other,2,675f3be0be195f020b9fc600,1.0,16.0,17635,13.0
634d7250a9dbe47b2b1d110f,15,other,3,664dc01c088c4acb7473a6e5,1.0,4.0,17635,16.0
634d7250a9dbe47b2b1d110f,15,other,4,6033d643f0cc960c580c716c,0.0,11.0,17635,9.0
637f7e8a1ba8e6e1cc969beb,1,self,1,637f7e8a1ba8e6e1cc969beb,1.0,24.0,17741,14.0
637f7e8a1ba8e6e1cc969beb,1,other,2,672829a7adf1507c6ac0a6a2,1.0,8.0,17741,0.0
637f7e8a1ba8e6e1cc969beb,1,other,3,5ca102f57114700016da340d,0.0,2.0,17741,5.0
637f7e8a1ba8e6e1cc969beb,1,other,4,6267a4624333d6f655d22fa9,0.0,8.0,17741,11.0
637f7e8a1ba8e6e1cc969beb,6,self,1,637f7e8a1ba8e6e1cc969beb,1.0,24.0,17746,14.0
637f7e8a1ba8e6e1cc969beb,6,other,2,66f32de71d068e5e4cb2ec86,1.0,0.0,17746,10.0
637f7e8a1ba8e6e1cc969beb,6,other,3,559d75befdf99b1e2b2dc522,0.0,21.0,17746,16.0
637f7e8a1ba8e6e1cc969beb,6,other,4,60e946b21766932f648d56e0,0.0,17.0,17746,18.0
637f7e8a1ba8e6e1cc969beb,8,self,1,637f7e8a1ba8e6e1cc969beb,1.0,24.0,17748,14.0
637f7e8a1ba8e6e1cc969beb,8,other,2,59789a60bf453d00010a94c7,1.0,8.0,17748,9.0
637f7e8a1ba8e6e1cc969beb,8,other,3,59e8502b7f3d71000171df0a,0.0,13.0,17748,12.0
637f7e8a1ba8e6e1cc969beb,8,other,4,6267a4624333d6f655d22fa9,0.0,8.0,17748,11.0
6383abf886c60b9ad27e8d44,8,self,1,6383abf886c60b9ad27e8d44,0.0,10.0,17808,12.0
6383abf886c60b9ad27e8d44,8,other,2,661566cc7a792f3f30c15980,1.0,11.0,17808,12.0
6383abf886c60b9ad27e8d44,8,other,3,5c6d67f4a9317a00011fe203,1.0,8.0,17808,17.0
6383abf886c60b9ad27e8d44,8,other,4,593675594e31b50001ce1a08,0.0,17.0,17808,18.0
6383abf886c60b9ad27e8d44,15,self,1,6383abf886c60b9ad27e8d44,0.0,10.0,17815,12.0
6383abf886c60b9ad27e8d44,15,other,2,6688583698ac0c14d67453cb,1.0,8.0,17815,3.0
6383abf886c60b9ad27e8d44,15,other,3,5fbfa186195ef82d092dd53c,1.0,10.0,17815,8.0
6383abf886c60b9ad27e8d44,15,other,4,6764a389994250f1af5a209c,0.0,12.0,17815,24.0
6385176faa1fd90c21cd7cb0,5,self,1,6385176faa1fd90c21cd7cb0,0.0,10.0,17845,16.0
6385176faa1fd90c21cd7cb0,5,other,2,656de94bf069f0a1446f47c5,1.0,11.0,17845,8.0
6385176faa1fd90c21cd7cb0,5,other,3,6159ffae3dec28bbdc15a715,1.0,8.0,17845,14.0
6385176faa1fd90c21cd7cb0,5,other,4,5d5bbd713348d20019c7e832,0.0,20.0,17845,27.0
638a3fd5992f01b81d0e1e93,17,self,1,638a3fd5992f01b81d0e1e93,0.0,13.0,17917,12.0
638a3fd5992f01b81d0e1e93,17,other,2,67424c6b07d7d42c5ed0511d,1.0,9.0,17917,1.0
638a3fd5992f01b81d0e1e93,17,other,3,66e4bb13a321cf28dda094ca,1.0,12.0,17917,8.0
638a3fd5992f01b81d0e1e93,17,other,4,6673705315e1f2006697c6da,0.0,19.0,17917,24.0
639b6f709020ae5b16daad25,17,self,1,639b6f709020ae5b16daad25,0.0,24.0,17957,17.0
639b6f709020ae5b16daad25,17,other,2,678e978dfeca0ba2fca8109f,1.0,16.0,17957,20.0
639b6f709020ae5b16daad25,17,other,3,6384704a7b906e6298d5087f,1.0,12.0,17957,14.0
639b6f709020ae5b16daad25,17,other,4,656f0ce82c0ba5e95ad58a03,0.0,6.0,17957,11.0
639b6f709020ae5b16daad25,18,self,1,639b6f709020ae5b16daad25,0.0,24.0,17958,17.0
639b6f709020ae5b16daad25,18,other,2,664003b962a847c71db3ebb0,1.0,9.0,17958,9.0
639b6f709020ae5b16daad25,18,other,3,5dd864447beb29822b6c1e86,1.0,16.0,17958,19.0
639b6f709020ae5b16daad25,18,other,4,6772ec8f30df005ab821178c,0.0,16.0,17958,16.0
639fdcf5efa9e98ed809d0df,9,self,1,639fdcf5efa9e98ed809d0df,1.0,12.0,17969,6.0
639fdcf5efa9e98ed809d0df,9,other,2,66e05f2a0ec721282adc76de,1.0,8.0,17969,8.0
639fdcf5efa9e98ed809d0df,9,other,3,66606507ffb63756e160e3d6,0.0,13.0,17969,15.0
639fdcf5efa9e98ed809d0df,9,other,4,62a74daa695f792361470dd1,0.0,12.0,17969,12.0
63a9a8f2f098b7e45bd03721,8,self,1,63a9a8f2f098b7e45bd03721,0.0,18.0,18028,12.0
63a9a8f2f098b7e45bd03721,8,other,2,66b527207f451bf6e0f07cac,1.0,16.0,18028,8.0
63a9a8f2f098b7e45bd03721,8,other,3,5e170b9ad51cf301722d91d2,1.0,15.0,18028,11.0
63a9a8f2f098b7e45bd03721,8,other,4,65edebf1c2c09681c2b91185,0.0,18.0,18028,20.0
63af62a1d6cc4166b7a6e646,15,self,1,63af62a1d6cc4166b7a6e646,1.0,11.0,18055,1.0
63af62a1d6cc4166b7a6e646,15,other,2,66e39617700f6ac648af2498,1.0,10.0,18055,16.0
63af62a1d6cc4166b7a6e646,15,other,3,6138e9d4aa1428328bee7cf3,0.0,8.0,18055,2.0
63af62a1d6cc4166b7a6e646,15,other,4,6234afc11b0f28d2f618991c,0.0,14.0,18055,16.0
63b726bd148ea7d9910f50d2,4,self,1,63b726bd148ea7d9910f50d2,0.0,16.0,18064,11.0
63b726bd148ea7d9910f50d2,4,other,2,56c81007ba8e37000d7b211e,1.0,11.0,18064,16.0
63b726bd148ea7d9910f50d2,4,other,3,609ec5e8e5a3da020adefde8,1.0,8.0,18064,10.0
63b726bd148ea7d9910f50d2,4,other,4,667af145fa8225b6be0e79b8,0.0,7.0,18064,9.0
63d161e70272bba9f3f70980,11,self,1,63d161e70272bba9f3f70980,0.0,16.0,18231,16.0
63d161e70272bba9f3f70980,11,other,2,6659f77ee4fd69fa455cc86a,1.0,24.0,18231,18.0
63d161e70272bba9f3f70980,11,other,3,6137d3b8b1252a85f556d3d8,1.0,19.0,18231,18.0
63d161e70272bba9f3f70980,11,other,4,5dd31871c5faa232d3c20365,0.0,18.0,18231,13.0
63d161e70272bba9f3f70980,14,self,1,63d161e70272bba9f3f70980,0.0,16.0,18234,16.0
63d161e70272bba9f3f70980,14,other,2,666ad9cd9e785efb19474220,1.0,8.0,18234,9.0
63d161e70272bba9f3f70980,14,other,3,59e71a3b1ac65d0001eb47ac,1.0,16.0,18234,16.0
63d161e70272bba9f3f70980,14,other,4,64727ea9591087aef21f3dcf,0.0,11.0,18234,18.0
63d3f940fcdb352e6bfd9715,9,self,1,63d3f940fcdb352e6bfd9715,0.0,17.0,18269,16.0
63d3f940fcdb352e6bfd9715,9,other,2,671ac509e93a57b5220b3d4e,1.0,6.0,18269,8.0
63d3f940fcdb352e6bfd9715,9,other,3,5e38e49a8445881060c60eaf,1.0,15.0,18269,15.0
63d3f940fcdb352e6bfd9715,9,other,4,5763c7d096fd3c0006385bb4,0.0,10.0,18269,13.0
63d3f940fcdb352e6bfd9715,16,self,1,63d3f940fcdb352e6bfd9715,0.0,17.0,18276,16.0
63d3f940fcdb352e6bfd9715,16,other,2,5ea057dd9d15f5000a174d3c,1.0,3.0,18276,17.0
63d3f940fcdb352e6bfd9715,16,other,3,66043087e6f547531945bb3f,1.0,11.0,18276,17.0
63d3f940fcdb352e6bfd9715,16,other,4,62fce9a6d7fa7bc8559d6ce1,0.0,12.0,18276,16.0
63d3f951dd046a4bc2b9cea9,10,self,1,63d3f951dd046a4bc2b9cea9,0.0,13.0,18290,10.0
63d3f951dd046a4bc2b9cea9,10,other,2,66a82ba9951d0f5503746ec3,1.0,24.0,18290,14.0
63d3f951dd046a4bc2b9cea9,10,other,3,6776b7f857f30f9dfdcac3b1,1.0,6.0,18290,10.0
63d3f951dd046a4bc2b9cea9,10,other,4,610b64dc95ff0ef5b5b9ac6b,0.0,12.0,18290,18.0
63d3fb4fd3c313dca0920312,19,self,1,63d3fb4fd3c313dca0920312,0.0,13.0,18319,17.0
63d3fb4fd3c313dca0920312,19,other,2,6773b840c558767d3804febe,1.0,17.0,18319,14.0
63d3fb4fd3c313dca0920312,19,other,3,5b99663d4cefb60001e7a214,1.0,16.0,18319,20.0
63d3fb4fd3c313dca0920312,19,other,4,63d79f49175ff7b8a55787b7,0.0,17.0,18319,20.0
63d408a690705bd9c54c50a6,5,self,1,63d408a690705bd9c54c50a6,1.0,16.0,18345,16.0
63d408a690705bd9c54c50a6,5,other,2,676ed8014625d5ebd417b5f2,1.0,9.0,18345,9.0
63d408a690705bd9c54c50a6,5,other,3,643fd27bdf8bbe600ff7fcc3,0.0,15.0,18345,16.0
63d408a690705bd9c54c50a6,5,other,4,5cdc899d48d5f100195fafff,0.0,16.0,18345,4.0
63d420b1d5b7dc6a3a4c50aa,14,self,1,63d420b1d5b7dc6a3a4c50aa,1.0,6.0,18374,2.0
63d420b1d5b7dc6a3a4c50aa,14,other,2,6773e80a0f70aac32ee3dfda,1.0,24.0,18374,22.0
63d420b1d5b7dc6a3a4c50aa,14,other,3,65b92135e296f28cb1a093c3,0.0,10.0,18374,15.0
63d420b1d5b7dc6a3a4c50aa,14,other,4,67803a05b60a2727e9fa85b4,0.0,16.0,18374,16.0
63d466295bd9af16a5e3437b,13,self,1,63d466295bd9af16a5e3437b,0.0,18.0,18413,24.0
63d466295bd9af16a5e3437b,13,other,2,62b08773cf2ee3e1920099c8,1.0,16.0,18413,13.0
63d466295bd9af16a5e3437b,13,other,3,5ad4a1eb754a0d0001622e5e,1.0,8.0,18413,10.0
63d466295bd9af16a5e3437b,13,other,4,5da9a1659413e4001505d7f7,0.0,1.0,18413,9.0
63d6f725f81a32a4bbce7c89,17,self,1,63d6f725f81a32a4bbce7c89,0.0,18.0,18477,17.0
63d6f725f81a32a4bbce7c89,17,other,2,6728332a47c2c47f9daef26f,1.0,16.0,18477,17.0
63d6f725f81a32a4bbce7c89,17,other,3,677fea44f0780e29406c0f6a,1.0,12.0,18477,9.0
63d6f725f81a32a4bbce7c89,17,other,4,5d837955f1038a001f8d4ed6,0.0,17.0,18477,11.0
63d79f49175ff7b8a55787b7,19,self,1,63d79f49175ff7b8a55787b7,0.0,17.0,18519,20.0
63d79f49175ff7b8a55787b7,19,other,2,5fefa037c9707d2dde068a38,1.0,10.0,18519,16.0
63d79f49175ff7b8a55787b7,19,other,3,647845ab90c460ec4a86efba,1.0,10.0,18519,8.0
63d79f49175ff7b8a55787b7,19,other,4,65ad35a96f13be31e82d4d70,0.0,16.0,18519,16.0
63d808c00c856c87a08cd7a8,11,self,1,63d808c00c856c87a08cd7a8,0.0,20.0,18651,17.0
63d808c00c856c87a08cd7a8,11,other,2,5e9f6d2a0f600f0dc07ea1f8,1.0,16.0,18651,17.0
63d808c00c856c87a08cd7a8,11,other,3,60a4d6687102dca378b945bb,1.0,14.0,18651,15.0
63d808c00c856c87a08cd7a8,11,other,4,677bd72de32a542324eaa456,0.0,20.0,18651,20.0
63d808c00c856c87a08cd7a8,12,self,1,63d808c00c856c87a08cd7a8,0.0,20.0,18652,17.0
63d808c00c856c87a08cd7a8,12,other,2,6776b7f857f30f9dfdcac3b1,1.0,6.0,18652,10.0
63d808c00c856c87a08cd7a8,12,other,3,607254cd31c9aa4682a4672c,1.0,8.0,18652,24.0
63d808c00c856c87a08cd7a8,12,other,4,606479c20b621e3a22d6c0d5,0.0,11.0,18652,14.0
63d8c92d2f5a27eb3c7edb89,12,self,1,63d8c92d2f5a27eb3c7edb89,1.0,19.0,18692,16.0
63d8c92d2f5a27eb3c7edb89,12,other,2,5c4266e71fad93000122d5cf,1.0,17.0,18692,17.0
63d8c92d2f5a27eb3c7edb89,12,other,3,66d0c734cbeb44f369a39ee9,0.0,10.0,18692,8.0
63d8c92d2f5a27eb3c7edb89,12,other,4,67e711daa771e0a8ad8c36f6,0.0,10.0,18692,10.0
63d9cfec2060a424e3495756,1,self,1,63d9cfec2060a424e3495756,0.0,26.0,18701,10.0
63d9cfec2060a424e3495756,1,other,2,671d1cb6e1d9b3b7a761d56c,1.0,11.0,18701,10.0
63d9cfec2060a424e3495756,1,other,3,5922fd354d88c800013cb29b,1.0,3.0,18701,12.0
63d9cfec2060a424e3495756,1,other,4,5bed755fcca71f00014111e6,0.0,24.0,18701,18.0
63d9cfec2060a424e3495756,2,self,1,63d9cfec2060a424e3495756,0.0,26.0,18702,10.0
63d9cfec2060a424e3495756,2,other,2,5bb3e443951bd40001f1e0fd,1.0,5.0,18702,12.0
63d9cfec2060a424e3495756,2,other,3,5bf408f7f35e0c000101693a,1.0,10.0,18702,10.0
63d9cfec2060a424e3495756,2,other,4,57c725d89a5f4f0001f661bd,0.0,11.0,18702,8.0
63d9cfec2060a424e3495756,7,self,1,63d9cfec2060a424e3495756,0.0,26.0,18707,10.0
63d9cfec2060a424e3495756,7,other,2,676cf85a261dedbddea3e240,1.0,16.0,18707,12.0
63d9cfec2060a424e3495756,7,other,3,60aff9a6354c706f21c27da1,1.0,12.0,18707,9.0
63d9cfec2060a424e3495756,7,other,4,66a261c8cd2d7a18cbe95b9a,0.0,14.0,18707,14.0
63e554b7631c8ec3ce069e32,11,self,1,63e554b7631c8ec3ce069e32,0.0,20.0,18891,18.0
63e554b7631c8ec3ce069e32,11,other,2,5b29ed150ec82d0001d26cf8,1.0,8.0,18891,12.0
63e554b7631c8ec3ce069e32,11,other,3,62b4370c9a89e5a09c4447de,1.0,9.0,18891,15.0
63e554b7631c8ec3ce069e32,11,other,4,570570eb61ab6a0010d484d0,0.0,9.0,18891,17.0
63e81d80c54091b652b1b8e7,3,self,1,63e81d80c54091b652b1b8e7,0.0,18.0,18943,17.0
63e81d80c54091b652b1b8e7,3,other,2,664212577c09653c94741aab,1.0,8.0,18943,8.0
63e81d80c54091b652b1b8e7,3,other,3,676aa9c4bde30e11da44f128,1.0,13.0,18943,17.0
63e81d80c54091b652b1b8e7,3,other,4,59ef022eae9f950001d84a43,0.0,13.0,18943,11.0
63e81d80c54091b652b1b8e7,8,self,1,63e81d80c54091b652b1b8e7,0.0,18.0,18948,17.0
63e81d80c54091b652b1b8e7,8,other,2,662d641b6cddce705ad8558e,1.0,17.0,18948,14.0
63e81d80c54091b652b1b8e7,8,other,3,66be5fde262694b5262482b1,1.0,13.0,18948,17.0
63e81d80c54091b652b1b8e7,8,other,4,677dd12f5a4389f3f9a18e0a,0.0,17.0,18948,17.0
63ea88e62f54ec96a1f8dadb,15,self,1,63ea88e62f54ec96a1f8dadb,0.0,20.0,19015,17.0
63ea88e62f54ec96a1f8dadb,15,other,2,5a585915eedc320001426e89,1.0,8.0,19015,9.0
63ea88e62f54ec96a1f8dadb,15,other,3,6788d82f8ec0422c248b737a,1.0,17.0,19015,10.0
63ea88e62f54ec96a1f8dadb,15,other,4,678e3386256d5b8e6ee50cb3,0.0,16.0,19015,19.0
63eda5a4a87d8bd73853fa8e,17,self,1,63eda5a4a87d8bd73853fa8e,0.0,20.0,19057,18.0
63eda5a4a87d8bd73853fa8e,17,other,2,5d04c56a0b54cc0001dad608,1.0,10.0,19057,15.0
63eda5a4a87d8bd73853fa8e,17,other,3,6671d8bf6e4bc111961295a1,1.0,12.0,19057,8.0
63eda5a4a87d8bd73853fa8e,17,other,4,5b2fda4e530770000105a60a,0.0,16.0,19057,18.0
63f2cff7f0a6f682868f2ca0,2,self,1,63f2cff7f0a6f682868f2ca0,1.0,6.0,19102,2.0
63f2cff7f0a6f682868f2ca0,2,other,2,66117731dd2d071debd435a4,1.0,9.0,19102,11.0
63f2cff7f0a6f682868f2ca0,2,other,3,61664028d0451f1bf8b9b031,0.0,10.0,19102,14.0
63f2cff7f0a6f682868f2ca0,2,other,4,66735e86343dec85410151d0,0.0,24.0,19102,18.0
63f2cff7f0a6f682868f2ca0,11,self,1,63f2cff7f0a6f682868f2ca0,1.0,6.0,19111,2.0
63f2cff7f0a6f682868f2ca0,11,other,2,67cadeb08bf55a9b89a9f487,1.0,18.0,19111,16.0
63f2cff7f0a6f682868f2ca0,11,other,3,64623fb9c31bd4da22cb60fd,0.0,13.0,19111,20.0
63f2cff7f0a6f682868f2ca0,11,other,4,62ed040473cc253bdb75b3bf,0.0,14.0,19111,12.0
63f77983c22478f8fb1d79a8,10,self,1,63f77983c22478f8fb1d79a8,0.0,24.0,19130,29.0
63f77983c22478f8fb1d79a8,10,other,2,65edd3b5dab4b33aaf29cbd0,1.0,11.0,19130,11.0
63f77983c22478f8fb1d79a8,10,other,3,5a0b06c9746ac2000157fb4f,1.0,25.0,19130,24.0
63f77983c22478f8fb1d79a8,10,other,4,59d395800118340001369be1,0.0,18.0,19130,16.0
63f77983c22478f8fb1d79a8,17,self,1,63f77983c22478f8fb1d79a8,0.0,24.0,19137,29.0
63f77983c22478f8fb1d79a8,17,other,2,6146548679f86b7cb069e7f7,1.0,11.0,19137,16.0
63f77983c22478f8fb1d79a8,17,other,3,67152e342de7c1bca617e3e0,1.0,10.0,19137,17.0
63f77983c22478f8fb1d79a8,17,other,4,5a9c91196219a30001f534a5,0.0,16.0,19137,16.0
63f77b2aa0d776f479dad4e8,3,self,1,63f77b2aa0d776f479dad4e8,0.0,0.0,19143,16.0
63f77b2aa0d776f479dad4e8,3,other,2,6726c70622b97e6722fa53d8,1.0,9.0,19143,8.0
63f77b2aa0d776f479dad4e8,3,other,3,66ba0c9b81da2bf8b7d87021,1.0,10.0,19143,14.0
63f77b2aa0d776f479dad4e8,3,other,4,5aa04de4dbdb470001ef1dd5,0.0,10.0,19143,16.0
63fa47854a6eae0d497059e5,4,self,1,63fa47854a6eae0d497059e5,1.0,11.0,19204,20.0
63fa47854a6eae0d497059e5,4,other,2,66f1f92f032450c7886a2e58,1.0,12.0,19204,9.0
63fa47854a6eae0d497059e5,4,other,3,5f6f6363bc475b4ef318efb8,0.0,26.0,19204,18.0
63fa47854a6eae0d497059e5,4,other,4,55b5f6b6fdf99b713277dc94,0.0,19.0,19204,10.0
63ffcb367b500c516d0648a2,15,self,1,63ffcb367b500c516d0648a2,0.0,0.0,19275,10.0
63ffcb367b500c516d0648a2,15,other,2,57db00fcb9fb6f0001dda512,1.0,9.0,19275,4.0
63ffcb367b500c516d0648a2,15,other,3,65bf9aeb592e888df327d648,1.0,11.0,19275,10.0
63ffcb367b500c516d0648a2,15,other,4,67315b4e31944aa214d27e9d,0.0,8.0,19275,10.0
6400e0dd862feacb579475a8,15,self,1,6400e0dd862feacb579475a8,0.0,4.0,19355,12.0
6400e0dd862feacb579475a8,15,other,2,5db6fa3b20430d000d2eb752,1.0,11.0,19355,12.0
6400e0dd862feacb579475a8,15,other,3,60154af277ec314fd8fe1449,1.0,13.0,19355,17.0
6400e0dd862feacb579475a8,15,other,4,607826462aaaafd8801142ba,0.0,17.0,19355,16.0
6400e0dd862feacb579475a8,16,self,1,6400e0dd862feacb579475a8,0.0,4.0,19356,12.0
6400e0dd862feacb579475a8,16,other,2,605e622287f0e806ffe04590,1.0,9.0,19356,9.0
6400e0dd862feacb579475a8,16,other,3,5e695632d40a492070942196,1.0,2.0,19356,8.0
6400e0dd862feacb579475a8,16,other,4,67d1d172e049a486152a5ce9,0.0,8.0,19356,7.0
64125a2a86177f9e395541f1,5,self,1,64125a2a86177f9e395541f1,0.0,22.0,19405,25.0
64125a2a86177f9e395541f1,5,other,2,66598e28a133d3735cdc506f,1.0,0.0,19405,3.0
64125a2a86177f9e395541f1,5,other,3,667a3ea3429027d377819d6a,1.0,12.0,19405,9.0
64125a2a86177f9e395541f1,5,other,4,631745d0e4433095276973e4,0.0,16.0,19405,17.0
64125a2a86177f9e395541f1,14,self,1,64125a2a86177f9e395541f1,0.0,22.0,19414,25.0
64125a2a86177f9e395541f1,14,other,2,66a9843c53827f826e9738ed,1.0,1.0,19414,9.0
64125a2a86177f9e395541f1,14,other,3,5f1b12b7fbee1e07bfb2b5ee,1.0,20.0,19414,18.0
64125a2a86177f9e395541f1,14,other,4,62f4904296e62ae6c19127d4,0.0,8.0,19414,10.0
6413573794d196f457448a39,11,self,1,6413573794d196f457448a39,0.0,10.0,19431,12.0
6413573794d196f457448a39,11,other,2,5ed929186e439f4729693f32,1.0,8.0,19431,9.0
6413573794d196f457448a39,11,other,3,6762e3d80af1b3f2a2c3895a,1.0,9.0,19431,17.0
6413573794d196f457448a39,11,other,4,5de831cad4995d000c5fb540,0.0,10.0,19431,0.0
6413799cf7721ee0ce637e09,2,self,1,6413799cf7721ee0ce637e09,0.0,23.0,19462,23.0
6413799cf7721ee0ce637e09,2,other,2,672a519dcb34337d671833ac,1.0,9.0,19462,12.0
6413799cf7721ee0ce637e09,2,other,3,66b527207f451bf6e0f07cac,1.0,16.0,19462,8.0
6413799cf7721ee0ce637e09,2,other,4,6764a389994250f1af5a209c,0.0,12.0,19462,24.0
6413799cf7721ee0ce637e09,3,self,1,6413799cf7721ee0ce637e09,0.0,23.0,19463,23.0
6413799cf7721ee0ce637e09,3,other,2,6760981a3e2500d4057d41be,1.0,5.0,19463,12.0
6413799cf7721ee0ce637e09,3,other,3,5a9c4162b5e2110001c6d247,1.0,18.0,19463,9.0
6413799cf7721ee0ce637e09,3,other,4,55e356dac70c7a00052a57ec,0.0,14.0,19463,17.0
6413799cf7721ee0ce637e09,5,self,1,6413799cf7721ee0ce637e09,0.0,23.0,19465,23.0
6413799cf7721ee0ce637e09,5,other,2,6724f64f20aa833adf9702eb,1.0,12.0,19465,12.0
6413799cf7721ee0ce637e09,5,other,3,60d6f4cb73fd348e166830b2,1.0,8.0,19465,12.0
6413799cf7721ee0ce637e09,5,other,4,60393d92ed55293a04c77920,0.0,8.0,19465,13.0
641a43f78351cc4fefe31190,5,self,1,641a43f78351cc4fefe31190,1.0,8.0,19505,7.0
641a43f78351cc4fefe31190,5,other,2,66edc72a30ec9b38153f1b50,1.0,12.0,19505,16.0
641a43f78351cc4fefe31190,5,other,3,63d5115ddc01107ef6d6c988,0.0,8.0,19505,9.0
641a43f78351cc4fefe31190,5,other,4,5d75674dc410fd000166d2f0,0.0,1.0,19505,10.0
64359e5b9995e7d3b31bc2fc,13,self,1,64359e5b9995e7d3b31bc2fc,1.0,16.0,19613,16.0
64359e5b9995e7d3b31bc2fc,13,other,2,60cdf65714fa74a92ab98644,1.0,13.0,19613,16.0
64359e5b9995e7d3b31bc2fc,13,other,3,667b36a0609df7ce1b55b889,0.0,25.0,19613,19.0
64359e5b9995e7d3b31bc2fc,13,other,4,66606507ffb63756e160e3d6,0.0,13.0,19613,15.0
643fd27bdf8bbe600ff7fcc3,6,self,1,643fd27bdf8bbe600ff7fcc3,0.0,15.0,19686,16.0
643fd27bdf8bbe600ff7fcc3,6,other,2,67373868b474298955804752,1.0,20.0,19686,13.0
643fd27bdf8bbe600ff7fcc3,6,other,3,5d0f9b5a905351000124f56c,1.0,25.0,19686,28.0
643fd27bdf8bbe600ff7fcc3,6,other,4,5f58a4009e4e760112ac30d7,0.0,8.0,19686,8.0
644016d98e4c23d7fa37632e,20,self,1,644016d98e4c23d7fa37632e,0.0,19.0,19720,16.0
644016d98e4c23d7fa37632e,20,other,2,674377f77b539c33d343553c,1.0,3.0,19720,9.0
644016d98e4c23d7fa37632e,20,other,3,672a519dcb34337d671833ac,1.0,9.0,19720,12.0
644016d98e4c23d7fa37632e,20,other,4,5fca1ed870a25c585f1a7515,0.0,3.0,19720,10.0
6442eafb1f2addb162d50517,1,self,1,6442eafb1f2addb162d50517,1.0,25.0,19741,18.0
6442eafb1f2addb162d50517,1,other,2,677fea44f0780e29406c0f6a,1.0,12.0,19741,9.0
6442eafb1f2addb162d50517,1,other,3,67605405bfd9f40dd7ca2a24,0.0,17.0,19741,19.0
6442eafb1f2addb162d50517,1,other,4,5ffb8c5b60571908f3ac19fa,0.0,13.0,19741,16.0
6442eafb1f2addb162d50517,11,self,1,6442eafb1f2addb162d50517,1.0,25.0,19751,18.0
6442eafb1f2addb162d50517,11,other,2,5f540fc665e3b6148c04f10e,1.0,8.0,19751,9.0
6442eafb1f2addb162d50517,11,other,3,673c1f36a2a0f1b3cac7e5dd,0.0,2.0,19751,8.0
6442eafb1f2addb162d50517,11,other,4,673aa513b26d5900008ea98b,0.0,10.0,19751,13.0
6442eafb1f2addb162d50517,13,self,1,6442eafb1f2addb162d50517,1.0,25.0,19753,18.0
6442eafb1f2addb162d50517,13,other,2,6650f47bc2ef800182aa05f8,1.0,2.0,19753,8.0
6442eafb1f2addb162d50517,13,other,3,60e990a445aa4bae855c303f,0.0,11.0,19753,9.0
6442eafb1f2addb162d50517,13,other,4,59d4b084115096000190dbce,0.0,12.0,19753,17.0
6443ebb84fc33e703937a6f9,9,self,1,6443ebb84fc33e703937a6f9,1.0,18.0,19769,11.0
6443ebb84fc33e703937a6f9,9,other,2,66351c39f862c014cfa831c4,1.0,13.0,19769,12.0
6443ebb84fc33e703937a6f9,9,other,3,5c2004c3da51990001e165b2,0.0,20.0,19769,25.0
6443ebb84fc33e703937a6f9,9,other,4,64d5219df0415c9a7c609c19,0.0,19.0,19769,17.0
6447b565df936347833ab73d,11,self,1,6447b565df936347833ab73d,1.0,5.0,19851,10.0
6447b565df936347833ab73d,11,other,2,671d1cb6e1d9b3b7a761d56c,1.0,11.0,19851,10.0
6447b565df936347833ab73d,11,other,3,5c9f4ad2bbce4600016f3771,0.0,17.0,19851,25.0
6447b565df936347833ab73d,11,other,4,67e711daa771e0a8ad8c36f6,0.0,10.0,19851,10.0
6447b565df936347833ab73d,19,self,1,6447b565df936347833ab73d,1.0,5.0,19859,10.0
6447b565df936347833ab73d,19,other,2,66a43750c7952eff6a2099dd,1.0,9.0,19859,2.0
6447b565df936347833ab73d,19,other,3,664f846220375730049a406c,0.0,8.0,19859,8.0
6447b565df936347833ab73d,19,other,4,63d808c00c856c87a08cd7a8,0.0,20.0,19859,17.0
64481bca476d6bfbae2066e2,19,self,1,64481bca476d6bfbae2066e2,1.0,17.0,19879,10.0
64481bca476d6bfbae2066e2,19,other,2,567dd32b4f0ef30006dbb718,1.0,7.0,19879,6.0
64481bca476d6bfbae2066e2,19,other,3,5c7bc3f0ca5d980001408e36,0.0,0.0,19879,8.0
64481bca476d6bfbae2066e2,19,other,4,62b1e6851cd75aeb7e03e00e,0.0,20.0,19879,24.0
644a9152838d4d270af3b94f,12,self,1,644a9152838d4d270af3b94f,0.0,14.0,19912,9.0
644a9152838d4d270af3b94f,12,other,2,5acc6abbfa3b4e000173c8b5,1.0,22.0,19912,16.0
644a9152838d4d270af3b94f,12,other,3,67246794a85893f571f01fcc,1.0,0.0,19912,3.0
644a9152838d4d270af3b94f,12,other,4,6765f0f70b5bf9820e27589e,0.0,9.0,19912,11.0
64623fb9c31bd4da22cb60fd,11,self,1,64623fb9c31bd4da22cb60fd,0.0,13.0,19951,20.0
64623fb9c31bd4da22cb60fd,11,other,2,6777f3e9760d3844217b5ea8,1.0,17.0,19951,18.0
64623fb9c31bd4da22cb60fd,11,other,3,5a9ad69adbdb470001eee577,1.0,16.0,19951,12.0
64623fb9c31bd4da22cb60fd,11,other,4,675354c455030f7ac6a19d47,0.0,5.0,19951,7.0
64623fb9c31bd4da22cb60fd,12,self,1,64623fb9c31bd4da22cb60fd,0.0,13.0,19952,20.0
64623fb9c31bd4da22cb60fd,12,other,2,6756d8d07b3444c59eeff05c,1.0,11.0,19952,11.0
64623fb9c31bd4da22cb60fd,12,other,3,66439d24bf5f2505d7929c12,1.0,17.0,19952,21.0
64623fb9c31bd4da22cb60fd,12,other,4,5e32db8f239ceb2a8e57d928,0.0,17.0,19952,18.0
64650afa150778d11c8b81db,9,self,1,64650afa150778d11c8b81db,1.0,11.0,19969,9.0
64650afa150778d11c8b81db,9,other,2,5e15d85bd62abeba42692ed3,1.0,8.0,19969,12.0
64650afa150778d11c8b81db,9,other,3,628f827eeb876ed2617881e7,0.0,19.0,19969,18.0
64650afa150778d11c8b81db,9,other,4,66338f4346e84e4f0469bc21,0.0,25.0,19969,21.0
64677608fcea37852641c1d5,7,self,1,64677608fcea37852641c1d5,1.0,14.0,19987,16.0
64677608fcea37852641c1d5,7,other,2,5be097554c397b0001ec38a6,1.0,9.0,19987,13.0
64677608fcea37852641c1d5,7,other,3,66edea9d406f629b67ce30b8,0.0,17.0,19987,19.0
64677608fcea37852641c1d5,7,other,4,631623dc8a64a7f2d743deac,0.0,9.0,19987,5.0
646b776eca37542a899c1de5,20,self,1,646b776eca37542a899c1de5,1.0,11.0,20020,11.0
646b776eca37542a899c1de5,20,other,2,66537b0010ca11939058e52b,1.0,8.0,20020,6.0
646b776eca37542a899c1de5,20,other,3,55b5f6b6fdf99b713277dc94,0.0,19.0,20020,10.0
646b776eca37542a899c1de5,20,other,4,66edc94424f4081033b40827,0.0,17.0,20020,25.0
647652cb5644044df439e1fb,9,self,1,647652cb5644044df439e1fb,1.0,12.0,20069,9.0
647652cb5644044df439e1fb,9,other,2,64359e5b9995e7d3b31bc2fc,1.0,16.0,20069,16.0
647652cb5644044df439e1fb,9,other,3,5b94d08a41cfe90001c6a249,0.0,27.0,20069,17.0
647652cb5644044df439e1fb,9,other,4,60d0d5e930dc4a90889b2321,0.0,4.0,20069,12.0
648646988a5170373da06a9e,14,self,1,648646988a5170373da06a9e,0.0,11.0,20174,16.0
648646988a5170373da06a9e,14,other,2,63d405a83ba700cc5bb12e9c,1.0,17.0,20174,17.0
648646988a5170373da06a9e,14,other,3,664d2e40c74692f394c62ba5,1.0,9.0,20174,16.0
648646988a5170373da06a9e,14,other,4,63d7a26f594b17eba6a83328,0.0,12.0,20174,16.0
648978eef0a4e73b67c9c153,19,self,1,648978eef0a4e73b67c9c153,1.0,19.0,20199,12.0
648978eef0a4e73b67c9c153,19,other,2,66b527207f451bf6e0f07cac,1.0,16.0,20199,8.0
648978eef0a4e73b67c9c153,19,other,3,5a3a570307245d0001fc0692,0.0,21.0,20199,9.0
648978eef0a4e73b67c9c153,19,other,4,5e4eb1de8e6da203e5b070ca,0.0,3.0,20199,6.0
648b0da96c691f55898087bf,20,self,1,648b0da96c691f55898087bf,1.0,10.0,20220,13.0
648b0da96c691f55898087bf,20,other,2,5fefa037c9707d2dde068a38,1.0,10.0,20220,16.0
648b0da96c691f55898087bf,20,other,3,5e0f69380fb798000a199566,0.0,13.0,20220,16.0
648b0da96c691f55898087bf,20,other,4,63d79c177448168e7afd6930,0.0,14.0,20220,17.0
64b7ead0f4ee022ce90b7339,20,self,1,64b7ead0f4ee022ce90b7339,0.0,10.0,20260,9.0
64b7ead0f4ee022ce90b7339,20,other,2,6674ae115abf5a938c5e7c3d,1.0,19.0,20260,24.0
64b7ead0f4ee022ce90b7339,20,other,3,59ff1a23f2e3460001eda6d5,1.0,18.0,20260,14.0
64b7ead0f4ee022ce90b7339,20,other,4,67f7f883cb3cd4c0f5177411,0.0,16.0,20260,16.0
64ba9642130597dc3e7ee6bb,8,self,1,64ba9642130597dc3e7ee6bb,1.0,10.0,20268,12.0
64ba9642130597dc3e7ee6bb,8,other,2,6773d733ef23107f61c70de7,1.0,4.0,20268,8.0
64ba9642130597dc3e7ee6bb,8,other,3,6234afc11b0f28d2f618991c,0.0,14.0,20268,16.0
64ba9642130597dc3e7ee6bb,8,other,4,6729bad18d2045651882cfed,0.0,9.0,20268,14.0
64d1362c539c9befa2bfc914,4,self,1,64d1362c539c9befa2bfc914,1.0,4.0,20304,9.0
64d1362c539c9befa2bfc914,4,other,2,62c9ed717a2882d689eb27c1,1.0,16.0,20304,19.0
64d1362c539c9befa2bfc914,4,other,3,5ee10c33a3011311034f2cb1,0.0,14.0,20304,4.0
64d1362c539c9befa2bfc914,4,other,4,63d79f49175ff7b8a55787b7,0.0,17.0,20304,20.0
64d1362c539c9befa2bfc914,10,self,1,64d1362c539c9befa2bfc914,1.0,4.0,20310,9.0
64d1362c539c9befa2bfc914,10,other,2,66a8eda4f49a5a822db402ef,1.0,16.0,20310,13.0
64d1362c539c9befa2bfc914,10,other,3,665ba6320399db768cb43621,0.0,14.0,20310,17.0
64d1362c539c9befa2bfc914,10,other,4,665e26502758155528c8793e,0.0,11.0,20310,12.0
64d5219df0415c9a7c609c19,3,self,1,64d5219df0415c9a7c609c19,0.0,19.0,20323,17.0
64d5219df0415c9a7c609c19,3,other,2,604bfe99dcaa286218d25fca,1.0,13.0,20323,16.0
64d5219df0415c9a7c609c19,3,other,3,6658b5ca5f6a7ef6d4527b29,1.0,19.0,20323,25.0
64d5219df0415c9a7c609c19,3,other,4,63eeaf9f8433c653dedbd574,0.0,11.0,20323,6.0
64d5219df0415c9a7c609c19,9,self,1,64d5219df0415c9a7c609c19,0.0,19.0,20329,17.0
64d5219df0415c9a7c609c19,9,other,2,665762fdab6df18f5032505b,1.0,16.0,20329,16.0
64d5219df0415c9a7c609c19,9,other,3,5d4bf8571348c800174c6ecb,1.0,24.0,20329,19.0
64d5219df0415c9a7c609c19,9,other,4,654cec9d03f822b4b2b4133a,0.0,18.0,20329,16.0
650affc9502d6cbe607d5a7b,1,self,1,650affc9502d6cbe607d5a7b,0.0,17.0,20421,17.0
650affc9502d6cbe607d5a7b,1,other,2,676bc93236a95a162cd215a4,1.0,18.0,20421,16.0
650affc9502d6cbe607d5a7b,1,other,3,652ecb92078fe073ab29b920,1.0,10.0,20421,0.0
650affc9502d6cbe607d5a7b,1,other,4,5c762ce8eda5da001662be0b,0.0,24.0,20421,16.0
650affc9502d6cbe607d5a7b,2,self,1,650affc9502d6cbe607d5a7b,0.0,17.0,20422,17.0
650affc9502d6cbe607d5a7b,2,other,2,5c72af4a04d7bc00013899b3,1.0,8.0,20422,8.0
650affc9502d6cbe607d5a7b,2,other,3,596e7593b174180001756f23,1.0,10.0,20422,17.0
650affc9502d6cbe607d5a7b,2,other,4,5ec79cbd44972a1fceed2719,0.0,15.0,20422,10.0
652942ba7a6bc3c9f6aa792d,3,self,1,652942ba7a6bc3c9f6aa792d,1.0,6.0,20503,1.0
652942ba7a6bc3c9f6aa792d,3,other,2,613b007b4e9cc4ef5a63f334,1.0,10.0,20503,19.0
652942ba7a6bc3c9f6aa792d,3,other,3,666f9b23519a8d810a4c5b8a,0.0,5.0,20503,13.0
652942ba7a6bc3c9f6aa792d,3,other,4,61bb36eb40db417c1a13895a,0.0,31.0,20503,28.0
652942ba7a6bc3c9f6aa792d,19,self,1,652942ba7a6bc3c9f6aa792d,1.0,6.0,20519,1.0
652942ba7a6bc3c9f6aa792d,19,other,2,5bf408f7f35e0c000101693a,1.0,10.0,20519,10.0
652942ba7a6bc3c9f6aa792d,19,other,3,62a2548381f399e5f4f52746,0.0,8.0,20519,9.0
652942ba7a6bc3c9f6aa792d,19,other,4,6634e135e21f434b89972882,0.0,12.0,20519,14.0
652d8afc5aaab078ef2baeb3,8,self,1,652d8afc5aaab078ef2baeb3,1.0,7.0,20568,13.0
652d8afc5aaab078ef2baeb3,8,other,2,63dbddb434d075a0bff1dbc7,1.0,17.0,20568,16.0
652d8afc5aaab078ef2baeb3,8,other,3,5b233660648d5b0001b7de87,0.0,0.0,20568,2.0
652d8afc5aaab078ef2baeb3,8,other,4,5e64f63fe8177d2669776c08,0.0,8.0,20568,10.0
652d8afc5aaab078ef2baeb3,15,self,1,652d8afc5aaab078ef2baeb3,1.0,7.0,20575,13.0
652d8afc5aaab078ef2baeb3,15,other,2,5c8d4db8c6eef00001bd2510,1.0,14.0,20575,9.0
652d8afc5aaab078ef2baeb3,15,other,3,667af145fa8225b6be0e79b8,0.0,7.0,20575,9.0
652d8afc5aaab078ef2baeb3,15,other,4,665d92a608fef982937744df,0.0,18.0,20575,17.0
652d8afc5aaab078ef2baeb3,20,self,1,652d8afc5aaab078ef2baeb3,1.0,7.0,20580,13.0
652d8afc5aaab078ef2baeb3,20,other,2,661d4230dd564f5f2a226612,1.0,10.0,20580,16.0
652d8afc5aaab078ef2baeb3,20,other,3,67657e578046d60e4b772013,0.0,20.0,20580,18.0
652d8afc5aaab078ef2baeb3,20,other,4,65651805d1afb42ba1a55476,0.0,10.0,20580,10.0
65327cae4fb10f7a6e444b6b,7,self,1,65327cae4fb10f7a6e444b6b,0.0,11.0,20647,10.0
65327cae4fb10f7a6e444b6b,7,other,2,65c1158c42ae46b4f170955f,1.0,12.0,20647,22.0
65327cae4fb10f7a6e444b6b,7,other,3,67a796cd3ddc2ecc4a26fa35,1.0,11.0,20647,12.0
65327cae4fb10f7a6e444b6b,7,other,4,5f0736cfad4f1e0c3c838655,0.0,16.0,20647,21.0
65368c3a27f9818abb93b30f,2,self,1,65368c3a27f9818abb93b30f,1.0,15.0,20662,12.0
65368c3a27f9818abb93b30f,2,other,2,5ea32a0ea7b59a0c92e82ac8,1.0,8.0,20662,8.0
65368c3a27f9818abb93b30f,2,other,3,6143af8721d1445864c4f6c8,0.0,5.0,20662,11.0
65368c3a27f9818abb93b30f,2,other,4,66fcc3a673471394133c1d2f,0.0,1.0,20662,2.0
653703627539f3a8b2ed4af3,1,self,1,653703627539f3a8b2ed4af3,0.0,25.0,20681,22.0
653703627539f3a8b2ed4af3,1,other,2,5e182f9a2bf95110ffac1ed9,1.0,17.0,20681,16.0
653703627539f3a8b2ed4af3,1,other,3,5b29ed150ec82d0001d26cf8,1.0,8.0,20681,12.0
653703627539f3a8b2ed4af3,1,other,4,651eea44194fa8c200606af7,0.0,17.0,20681,18.0
653703627539f3a8b2ed4af3,11,self,1,653703627539f3a8b2ed4af3,0.0,25.0,20691,22.0
653703627539f3a8b2ed4af3,11,other,2,5dcfa99efd5b280bce1b835d,1.0,2.0,20691,9.0
653703627539f3a8b2ed4af3,11,other,3,56fb454534a0d300061a5070,1.0,24.0,20691,18.0
653703627539f3a8b2ed4af3,11,other,4,63d466295bd9af16a5e3437b,0.0,18.0,20691,24.0
653946cbef89fd6232a8ec50,3,self,1,653946cbef89fd6232a8ec50,0.0,17.0,20743,17.0
653946cbef89fd6232a8ec50,3,other,2,6716ad851065864029a3a4b0,1.0,8.0,20743,11.0
653946cbef89fd6232a8ec50,3,other,3,65cdb896f4e7ef9789379659,1.0,20.0,20743,28.0
653946cbef89fd6232a8ec50,3,other,4,5e53eb33ef87a902f39b1b77,0.0,34.0,20743,24.0
653946cbef89fd6232a8ec50,19,self,1,653946cbef89fd6232a8ec50,0.0,17.0,20759,17.0
653946cbef89fd6232a8ec50,19,other,2,67045932c671e52de9f8bc4c,1.0,16.0,20759,17.0
653946cbef89fd6232a8ec50,19,other,3,66b527207f451bf6e0f07cac,1.0,16.0,20759,8.0
653946cbef89fd6232a8ec50,19,other,4,59b859e711212f0001cd10ff,0.0,7.0,20759,17.0
653bee4e20de33bbd08c46c5,10,self,1,653bee4e20de33bbd08c46c5,0.0,14.0,20790,16.0
653bee4e20de33bbd08c46c5,10,other,2,6785afa8e35496081ab1cd5b,1.0,25.0,20790,21.0
653bee4e20de33bbd08c46c5,10,other,3,5f3ac1732efa0a74f975b1a8,1.0,3.0,20790,14.0
653bee4e20de33bbd08c46c5,10,other,4,5e904f36cc3d6c355bbf48fa,0.0,17.0,20790,13.0
65429041aa9bde9216c53dc2,7,self,1,65429041aa9bde9216c53dc2,0.0,4.0,20827,4.0
65429041aa9bde9216c53dc2,7,other,2,66fc6008cda3d277a8978dbf,1.0,4.0,20827,5.0
65429041aa9bde9216c53dc2,7,other,3,637f7e8a1ba8e6e1cc969beb,1.0,24.0,20827,14.0
65429041aa9bde9216c53dc2,7,other,4,665ceb52bf7bc5f5f2016e83,0.0,16.0,20827,16.0
6544fd23649b492ec6242947,3,self,1,6544fd23649b492ec6242947,1.0,22.0,20863,17.0
6544fd23649b492ec6242947,3,other,2,60bd4bfc88b646e72d772977,1.0,17.0,20863,18.0
6544fd23649b492ec6242947,3,other,3,63d7b30ddc8ceb61c74fe85b,0.0,11.0,20863,16.0
6544fd23649b492ec6242947,3,other,4,5f6dfe80423f152bb7a96a6f,0.0,9.0,20863,17.0
6547a144c2b79e88bad24eab,13,self,1,6547a144c2b79e88bad24eab,1.0,16.0,20913,17.0
6547a144c2b79e88bad24eab,13,other,2,67265982eb0c3fc495c6e33a,1.0,18.0,20913,12.0
6547a144c2b79e88bad24eab,13,other,3,632b3639f61612815d100608,0.0,2.0,20913,10.0
6547a144c2b79e88bad24eab,13,other,4,5c57c06ed05b82000139682e,0.0,24.0,20913,28.0
654e6a0bf9627c63cff956a7,3,self,1,654e6a0bf9627c63cff956a7,0.0,8.0,20943,19.0
654e6a0bf9627c63cff956a7,3,other,2,6384704a7b906e6298d5087f,1.0,12.0,20943,14.0
654e6a0bf9627c63cff956a7,3,other,3,66b3c6a051a31f79ebc660e4,1.0,13.0,20943,19.0
654e6a0bf9627c63cff956a7,3,other,4,63e53d570132a56f38a678ee,0.0,9.0,20943,10.0
65595aaabe1790ca0d744fbc,7,self,1,65595aaabe1790ca0d744fbc,0.0,24.0,21027,23.0
65595aaabe1790ca0d744fbc,7,other,2,60154af277ec314fd8fe1449,1.0,13.0,21027,17.0
65595aaabe1790ca0d744fbc,7,other,3,5ec99f86f5c1124c0c518fa9,1.0,13.0,21027,8.0
65595aaabe1790ca0d744fbc,7,other,4,5d67a2bf6cd320001a36cb6b,0.0,4.0,21027,12.0
655f7eb9ae6c61138f8bac86,16,self,1,655f7eb9ae6c61138f8bac86,1.0,15.0,21096,17.0
655f7eb9ae6c61138f8bac86,16,other,2,59ff1a23f2e3460001eda6d5,1.0,18.0,21096,14.0
655f7eb9ae6c61138f8bac86,16,other,3,667c2175b570aa694ce2f63c,0.0,11.0,21096,16.0
655f7eb9ae6c61138f8bac86,16,other,4,67a93cc4edad2048c6746727,0.0,16.0,21096,16.0
655f7eb9ae6c61138f8bac86,18,self,1,655f7eb9ae6c61138f8bac86,1.0,15.0,21098,17.0
655f7eb9ae6c61138f8bac86,18,other,2,666ad9cd9e785efb19474220,1.0,8.0,21098,9.0
655f7eb9ae6c61138f8bac86,18,other,3,5e7b804f9379140478c688da,0.0,18.0,21098,21.0
655f7eb9ae6c61138f8bac86,18,other,4,594a481105e73f0001450009,0.0,10.0,21098,16.0
65600aa7ff0c0fcf0ddcda34,6,self,1,65600aa7ff0c0fcf0ddcda34,0.0,18.0,21126,24.0
65600aa7ff0c0fcf0ddcda34,6,other,2,682ea2d42d55eac9ceeac8aa,1.0,5.0,21126,8.0
65600aa7ff0c0fcf0ddcda34,6,other,3,67238b38bf08c37994b9f688,1.0,11.0,21126,9.0
65600aa7ff0c0fcf0ddcda34,6,other,4,5d953b22b7555900159f2913,0.0,12.0,21126,19.0
65651805d1afb42ba1a55476,10,self,1,65651805d1afb42ba1a55476,0.0,10.0,21150,10.0
65651805d1afb42ba1a55476,10,other,2,6671d8bf6e4bc111961295a1,1.0,12.0,21150,8.0
65651805d1afb42ba1a55476,10,other,3,66cf647660d3b99b68aa87ca,1.0,2.0,21150,4.0
65651805d1afb42ba1a55476,10,other,4,5763c7d096fd3c0006385bb4,0.0,10.0,21150,13.0
65651805d1afb42ba1a55476,16,self,1,65651805d1afb42ba1a55476,0.0,10.0,21156,10.0
65651805d1afb42ba1a55476,16,other,2,5dd864447beb29822b6c1e86,1.0,16.0,21156,19.0
65651805d1afb42ba1a55476,16,other,3,608a0175caaa968e48ae4b6d,1.0,4.0,21156,5.0
65651805d1afb42ba1a55476,16,other,4,6634e135e21f434b89972882,0.0,12.0,21156,14.0
6566231923f79d4cff72f7d0,11,self,1,6566231923f79d4cff72f7d0,0.0,17.0,21171,10.0
6566231923f79d4cff72f7d0,11,other,2,656de94bf069f0a1446f47c5,1.0,11.0,21171,8.0
6566231923f79d4cff72f7d0,11,other,3,656de94bf069f0a1446f47c5,1.0,11.0,21171,8.0
6566231923f79d4cff72f7d0,11,other,4,67433b6e21271e2da703ee36,0.0,12.0,21171,12.0
656d24ca2d90244628b2960e,14,self,1,656d24ca2d90244628b2960e,1.0,20.0,21194,17.0
656d24ca2d90244628b2960e,14,other,2,6760981a3e2500d4057d41be,1.0,5.0,21194,12.0
656d24ca2d90244628b2960e,14,other,3,644016d98e4c23d7fa37632e,0.0,19.0,21194,16.0
656d24ca2d90244628b2960e,14,other,4,65600aa7ff0c0fcf0ddcda34,0.0,18.0,21194,24.0
656d24ca2d90244628b2960e,20,self,1,656d24ca2d90244628b2960e,1.0,20.0,21200,17.0
656d24ca2d90244628b2960e,20,other,2,56f92b84895094000b8f485a,1.0,13.0,21200,9.0
656d24ca2d90244628b2960e,20,other,3,5ecc6ffce3ca77849333e83e,0.0,11.0,21200,16.0
656d24ca2d90244628b2960e,20,other,4,671038fb26ff82aa6081d040,0.0,4.0,21200,8.0
656f0ce82c0ba5e95ad58a03,13,self,1,656f0ce82c0ba5e95ad58a03,0.0,6.0,21233,11.0
656f0ce82c0ba5e95ad58a03,13,other,2,669e61adbefb042cfd423117,1.0,16.0,21233,18.0
656f0ce82c0ba5e95ad58a03,13,other,3,62b39c0ea0a9909088d4270f,1.0,11.0,21233,8.0
656f0ce82c0ba5e95ad58a03,13,other,4,5aa04de4dbdb470001ef1dd5,0.0,10.0,21233,16.0
656f0ce82c0ba5e95ad58a03,18,self,1,656f0ce82c0ba5e95ad58a03,0.0,6.0,21238,11.0
656f0ce82c0ba5e95ad58a03,18,other,2,60e67bc1585c7158f6f9116a,1.0,21.0,21238,25.0
656f0ce82c0ba5e95ad58a03,18,other,3,664f7217d63b2db66feb4333,1.0,9.0,21238,9.0
656f0ce82c0ba5e95ad58a03,18,other,4,66a0d2b35975ab1d10e81ebb,0.0,24.0,21238,20.0
656f0ce82c0ba5e95ad58a03,19,self,1,656f0ce82c0ba5e95ad58a03,0.0,6.0,21239,11.0
656f0ce82c0ba5e95ad58a03,19,other,2,66ae2abb793b4c0a4aee5986,1.0,10.0,21239,11.0
656f0ce82c0ba5e95ad58a03,19,other,3,5c98db753df5fc0016e3baed,1.0,12.0,21239,13.0
656f0ce82c0ba5e95ad58a03,19,other,4,66e74ca113f609cd2a13df59,0.0,9.0,21239,6.0
656f9199da13da6cd7f00b23,17,self,1,656f9199da13da6cd7f00b23,0.0,11.0,21257,16.0
656f9199da13da6cd7f00b23,17,other,2,62d133496cf7f774b8bf98a0,1.0,5.0,21257,5.0
656f9199da13da6cd7f00b23,17,other,3,66a90e7caa371f25183bdce2,1.0,21.0,21257,17.0
656f9199da13da6cd7f00b23,17,other,4,68235b144fe81cbe2c4a41a2,0.0,20.0,21257,17.0
657867e466a237b839df006a,14,self,1,657867e466a237b839df006a,1.0,0.0,21294,12.0
657867e466a237b839df006a,14,other,2,671fae2215cb796cfc9d1207,1.0,10.0,21294,18.0
657867e466a237b839df006a,14,other,3,6772f7a8866216d035ca2057,0.0,13.0,21294,18.0
657867e466a237b839df006a,14,other,4,655505e7a601c885f69e29c2,0.0,18.0,21294,17.0
6596493da160875dd60ca0b9,8,self,1,6596493da160875dd60ca0b9,1.0,17.0,21328,13.0
6596493da160875dd60ca0b9,8,other,2,5d0f9b5a905351000124f56c,1.0,25.0,21328,28.0
6596493da160875dd60ca0b9,8,other,3,5ef52a87f04c781600ae4114,0.0,17.0,21328,26.0
6596493da160875dd60ca0b9,8,other,4,614e0468bbbac16be38fa13f,0.0,12.0,21328,13.0
65998003547f20229a90f812,2,self,1,65998003547f20229a90f812,1.0,29.0,21382,24.0
65998003547f20229a90f812,2,other,2,603ceb8f82d6b0a88e6cb99a,1.0,1.0,21382,3.0
65998003547f20229a90f812,2,other,3,5da0e89440b1c70014aaf74b,0.0,12.0,21382,10.0
65998003547f20229a90f812,2,other,4,66e20380324d7bf552a749b9,0.0,13.0,21382,8.0
65998003547f20229a90f812,3,self,1,65998003547f20229a90f812,1.0,29.0,21383,24.0
65998003547f20229a90f812,3,other,2,5d6c10948cb0f70017b1f7a4,1.0,10.0,21383,17.0
65998003547f20229a90f812,3,other,3,6026e312c1e1234396ed6e7d,0.0,11.0,21383,16.0
65998003547f20229a90f812,3,other,4,63fcb1bc5430196e4e652913,0.0,14.0,21383,12.0
65998003547f20229a90f812,5,self,1,65998003547f20229a90f812,1.0,29.0,21385,24.0
65998003547f20229a90f812,5,other,2,5a5e1ae68e6259000176271d,1.0,16.0,21385,14.0
65998003547f20229a90f812,5,other,3,6669a9dd31aed01f0969b063,0.0,20.0,21385,10.0
65998003547f20229a90f812,5,other,4,63f79c4cffb2e2a2ed84f060,0.0,8.0,21385,13.0
65998003547f20229a90f812,6,self,1,65998003547f20229a90f812,1.0,29.0,21386,24.0
65998003547f20229a90f812,6,other,2,6684b71a5615b7da8e59ce56,1.0,22.0,21386,16.0
65998003547f20229a90f812,6,other,3,5b472672d4c93b00019bbc49,0.0,19.0,21386,12.0
65998003547f20229a90f812,6,other,4,60a3ac51b06fa9eb29a105bc,0.0,16.0,21386,16.0
65998003547f20229a90f812,9,self,1,65998003547f20229a90f812,1.0,29.0,21389,24.0
65998003547f20229a90f812,9,other,2,65d506eb63cfbf1718c20879,1.0,17.0,21389,5.0
65998003547f20229a90f812,9,other,3,588a59813e1f290001aa78c1,0.0,16.0,21389,12.0
65998003547f20229a90f812,9,other,4,6278270bfb2439bf3abf192d,0.0,18.0,21389,8.0
65998003547f20229a90f812,16,self,1,65998003547f20229a90f812,1.0,29.0,21396,24.0
65998003547f20229a90f812,16,other,2,661d4230dd564f5f2a226612,1.0,10.0,21396,16.0
65998003547f20229a90f812,16,other,3,610713aeac4904cc5d90e76d,0.0,18.0,21396,24.0
65998003547f20229a90f812,16,other,4,600b5191a434df19524dd1a0,0.0,10.0,21396,10.0
6599b15ac5bd63ec64f8b1f5,14,self,1,6599b15ac5bd63ec64f8b1f5,0.0,19.0,21414,8.0
6599b15ac5bd63ec64f8b1f5,14,other,2,67ccf5aaec16501a9fec7097,1.0,11.0,21414,10.0
6599b15ac5bd63ec64f8b1f5,14,other,3,59f8a0bbf4217300016cc405,1.0,18.0,21414,19.0
6599b15ac5bd63ec64f8b1f5,14,other,4,6772ea8aacb21b017a2069e2,0.0,20.0,21414,11.0
659ada02ac94d554396360f9,6,self,1,659ada02ac94d554396360f9,0.0,8.0,21446,10.0
659ada02ac94d554396360f9,6,other,2,5a9bcd3f1eda410001366c55,1.0,20.0,21446,14.0
659ada02ac94d554396360f9,6,other,3,5ea196f089935b04d2ee69d9,1.0,4.0,21446,8.0
659ada02ac94d554396360f9,6,other,4,5bd2d397f92a480001c64dcb,0.0,24.0,21446,28.0
659ada02ac94d554396360f9,9,self,1,659ada02ac94d554396360f9,0.0,8.0,21449,10.0
659ada02ac94d554396360f9,9,other,2,5c1ebf5f658e9200017ae7e9,1.0,9.0,21449,12.0
659ada02ac94d554396360f9,9,other,3,678ff750175fa91b6ee9c424,1.0,10.0,21449,13.0
659ada02ac94d554396360f9,9,other,4,5bf3150128e0b90001cabeaa,0.0,10.0,21449,16.0
659d52af923c07a8e1aac79a,20,self,1,659d52af923c07a8e1aac79a,1.0,4.0,21480,10.0
659d52af923c07a8e1aac79a,20,other,2,5e9f6d2a0f600f0dc07ea1f8,1.0,16.0,21480,17.0
659d52af923c07a8e1aac79a,20,other,3,5d9750fe74d24900145633a7,0.0,16.0,21480,11.0
659d52af923c07a8e1aac79a,20,other,4,6445b13023ac3b3eb202881f,0.0,12.0,21480,12.0
659ea43fea7c0cc45bbe771f,11,self,1,659ea43fea7c0cc45bbe771f,0.0,26.0,21491,24.0
659ea43fea7c0cc45bbe771f,11,other,2,6634e0e2300e0d377e2cf876,1.0,9.0,21491,11.0
659ea43fea7c0cc45bbe771f,11,other,3,60fe8de5380ae67bf7370ac8,1.0,9.0,21491,11.0
659ea43fea7c0cc45bbe771f,11,other,4,629f2a9c3effb1dc81c49116,0.0,35.0,21491,21.0
659ea43fea7c0cc45bbe771f,14,self,1,659ea43fea7c0cc45bbe771f,0.0,26.0,21494,24.0
659ea43fea7c0cc45bbe771f,14,other,2,666d914c8a386185e18db071,1.0,14.0,21494,8.0
659ea43fea7c0cc45bbe771f,14,other,3,67435174b76a747138e8a47a,1.0,13.0,21494,13.0
659ea43fea7c0cc45bbe771f,14,other,4,68235b144fe81cbe2c4a41a2,0.0,20.0,21494,17.0
659ea43fea7c0cc45bbe771f,15,self,1,659ea43fea7c0cc45bbe771f,0.0,26.0,21495,24.0
659ea43fea7c0cc45bbe771f,15,other,2,680e1b9a36b987121bbc9c9a,1.0,9.0,21495,15.0
659ea43fea7c0cc45bbe771f,15,other,3,676580dc3295097751741abc,1.0,11.0,21495,4.0
659ea43fea7c0cc45bbe771f,15,other,4,64125a2a86177f9e395541f1,0.0,22.0,21495,25.0
65ad38a1b4da5762a8907fe5,14,self,1,65ad38a1b4da5762a8907fe5,0.0,17.0,21554,20.0
65ad38a1b4da5762a8907fe5,14,other,2,63af62a1d6cc4166b7a6e646,1.0,11.0,21554,1.0
65ad38a1b4da5762a8907fe5,14,other,3,5ae88efd9d82560001bdc598,1.0,18.0,21554,13.0
65ad38a1b4da5762a8907fe5,14,other,4,67ddcc6cfc53ee0415e0db0e,0.0,4.0,21554,9.0
65aea6a1b96c1e3bfcdb2181,5,self,1,65aea6a1b96c1e3bfcdb2181,1.0,8.0,21605,4.0
65aea6a1b96c1e3bfcdb2181,5,other,2,67261e11a3b1f0efae30f22e,1.0,16.0,21605,8.0
65aea6a1b96c1e3bfcdb2181,5,other,3,59e8502b7f3d71000171df0a,0.0,13.0,21605,12.0
65aea6a1b96c1e3bfcdb2181,5,other,4,559272f4fdf99b7e42e96932,0.0,11.0,21605,18.0
65b3dc2f924ee9deee8b40b9,7,self,1,65b3dc2f924ee9deee8b40b9,0.0,8.0,21627,12.0
65b3dc2f924ee9deee8b40b9,7,other,2,66d2537675f4f1fc0aded926,1.0,17.0,21627,8.0
65b3dc2f924ee9deee8b40b9,7,other,3,67e80fd6ef19882569cf49d3,1.0,19.0,21627,18.0
65b3dc2f924ee9deee8b40b9,7,other,4,5d953b22b7555900159f2913,0.0,12.0,21627,19.0
65b902363d7d5bf26cb8c876,12,self,1,65b902363d7d5bf26cb8c876,1.0,25.0,21672,18.0
65b902363d7d5bf26cb8c876,12,other,2,60feca9223aed7b785e6018d,1.0,9.0,21672,20.0
65b902363d7d5bf26cb8c876,12,other,3,6772f7a8866216d035ca2057,0.0,13.0,21672,18.0
65b902363d7d5bf26cb8c876,12,other,4,6007626d299a4c1474621584,0.0,9.0,21672,9.0
65bfa2967c731d263eb29732,2,self,1,65bfa2967c731d263eb29732,1.0,15.0,21722,22.0
65bfa2967c731d263eb29732,2,other,2,67261e11a3b1f0efae30f22e,1.0,16.0,21722,8.0
65bfa2967c731d263eb29732,2,other,3,63d79c177448168e7afd6930,0.0,14.0,21722,17.0
65bfa2967c731d263eb29732,2,other,4,5ea2ac265b40e81cfe8296ea,0.0,3.0,21722,12.0
65bfa2967c731d263eb29732,11,self,1,65bfa2967c731d263eb29732,1.0,15.0,21731,22.0
65bfa2967c731d263eb29732,11,other,2,61486ad7059377d6f08fd91c,1.0,23.0,21731,20.0
65bfa2967c731d263eb29732,11,other,3,6658b23217b161dc426bd14d,0.0,16.0,21731,11.0
65bfa2967c731d263eb29732,11,other,4,664f846220375730049a406c,0.0,8.0,21731,8.0
65cdb896f4e7ef9789379659,16,self,1,65cdb896f4e7ef9789379659,1.0,20.0,21876,28.0
65cdb896f4e7ef9789379659,16,other,2,5de83840271a1c7b0fb7ec16,1.0,9.0,21876,9.0
65cdb896f4e7ef9789379659,16,other,3,5b70d5cf48302c0001ba0771,0.0,19.0,21876,24.0
65cdb896f4e7ef9789379659,16,other,4,6722eefb6690d659a3db4560,0.0,11.0,21876,16.0
65dfb9ef84f2b03399eecc6c,15,self,1,65dfb9ef84f2b03399eecc6c,0.0,20.0,21955,16.0
65dfb9ef84f2b03399eecc6c,15,other,2,66e39617700f6ac648af2498,1.0,10.0,21955,16.0
65dfb9ef84f2b03399eecc6c,15,other,3,5be5c05fd153f500019a2ef2,1.0,14.0,21955,6.0
65dfb9ef84f2b03399eecc6c,15,other,4,672c6d81f10d775112a46f36,0.0,28.0,21955,21.0
65dfb9ef84f2b03399eecc6c,17,self,1,65dfb9ef84f2b03399eecc6c,0.0,20.0,21957,16.0
65dfb9ef84f2b03399eecc6c,17,other,2,65f284445bd9d57a7c6c634f,1.0,16.0,21957,10.0
65dfb9ef84f2b03399eecc6c,17,other,3,63a77363dd6fabebef211019,1.0,3.0,21957,4.0
65dfb9ef84f2b03399eecc6c,17,other,4,67cdf158555dc24e9c13714a,0.0,3.0,21957,5.0
65e990a5e84fc2e731294e76,6,self,1,65e990a5e84fc2e731294e76,1.0,1.0,22046,16.0
65e990a5e84fc2e731294e76,6,other,2,6112d76b0e4c125f011bfb8e,1.0,20.0,22046,0.0
65e990a5e84fc2e731294e76,6,other,3,6418dc6fd0f852a233a10350,0.0,16.0,22046,12.0
65e990a5e84fc2e731294e76,6,other,4,643dca3c6518c6dd819796f3,0.0,11.0,22046,10.0
65e990a5e84fc2e731294e76,12,self,1,65e990a5e84fc2e731294e76,1.0,1.0,22052,16.0
65e990a5e84fc2e731294e76,12,other,2,5e8601d90126b207e8c7a2aa,1.0,18.0,22052,13.0
65e990a5e84fc2e731294e76,12,other,3,593675594e31b50001ce1a08,0.0,17.0,22052,18.0
65e990a5e84fc2e731294e76,12,other,4,663bdaa8efe54667f41a46ca,0.0,16.0,22052,12.0
65edd3b5dab4b33aaf29cbd0,9,self,1,65edd3b5dab4b33aaf29cbd0,1.0,11.0,22109,11.0
65edd3b5dab4b33aaf29cbd0,9,other,2,5d6c10948cb0f70017b1f7a4,1.0,10.0,22109,17.0
65edd3b5dab4b33aaf29cbd0,9,other,3,6698a55a16b90d04fa1af2bd,0.0,24.0,22109,24.0
65edd3b5dab4b33aaf29cbd0,9,other,4,62fb7a556d690575998ccb79,0.0,11.0,22109,14.0
65edebf1c2c09681c2b91185,13,self,1,65edebf1c2c09681c2b91185,0.0,18.0,22133,20.0
65edebf1c2c09681c2b91185,13,other,2,66f6f78c68246dd27f4dcc05,1.0,9.0,22133,10.0
65edebf1c2c09681c2b91185,13,other,3,6753746b1f8827e2bd586bf0,1.0,3.0,22133,8.0
65edebf1c2c09681c2b91185,13,other,4,66fdd81f708d36dbc86f85be,0.0,9.0,22133,13.0
65edebf1c2c09681c2b91185,17,self,1,65edebf1c2c09681c2b91185,0.0,18.0,22137,20.0
65edebf1c2c09681c2b91185,17,other,2,66def1304e37adb3349f648f,1.0,12.0,22137,12.0
65edebf1c2c09681c2b91185,17,other,3,58dedd9f167bc20001b4a66d,1.0,9.0,22137,11.0
65edebf1c2c09681c2b91185,17,other,4,5ea057b821f4e400081b71a7,0.0,13.0,22137,22.0
65f780dfe4aa3357ba290914,11,self,1,65f780dfe4aa3357ba290914,1.0,9.0,22171,13.0
65f780dfe4aa3357ba290914,11,other,2,6130bf45d26aace770c8a217,1.0,9.0,22171,3.0
65f780dfe4aa3357ba290914,11,other,3,653bee4e20de33bbd08c46c5,0.0,14.0,22171,16.0
65f780dfe4aa3357ba290914,11,other,4,66921484ddb4167a6a923c12,0.0,12.0,22171,11.0
65fb799d1bb244733095cf20,3,self,1,65fb799d1bb244733095cf20,1.0,1.0,22223,5.0
65fb799d1bb244733095cf20,3,other,2,5e8601d90126b207e8c7a2aa,1.0,18.0,22223,13.0
65fb799d1bb244733095cf20,3,other,3,661fb778b3e844f016a38e43,0.0,10.0,22223,20.0
65fb799d1bb244733095cf20,3,other,4,55887ef3fdf99b5a48cf2cb3,0.0,17.0,22223,24.0
65fb799d1bb244733095cf20,12,self,1,65fb799d1bb244733095cf20,1.0,1.0,22232,5.0
65fb799d1bb244733095cf20,12,other,2,668d358cb504063550c14083,1.0,17.0,22232,17.0
65fb799d1bb244733095cf20,12,other,3,5b4ce4c8aad40700014ac066,0.0,15.0,22232,16.0
65fb799d1bb244733095cf20,12,other,4,6726d16c98d4b6498e4f2a69,0.0,3.0,22232,16.0
65fb799d1bb244733095cf20,14,self,1,65fb799d1bb244733095cf20,1.0,1.0,22234,5.0
65fb799d1bb244733095cf20,14,other,2,60de4cc94dfda4d9e1948e6d,1.0,14.0,22234,11.0
65fb799d1bb244733095cf20,14,other,3,6234b3775193f8e94ee8c626,0.0,16.0,22234,9.0
65fb799d1bb244733095cf20,14,other,4,5c59c96e69dff80001306b0b,0.0,18.0,22234,19.0
65fd19896d58d64c0d8cbc3c,2,self,1,65fd19896d58d64c0d8cbc3c,0.0,29.0,22262,33.0
65fd19896d58d64c0d8cbc3c,2,other,2,6774178b928c3f8366f4c2ef,1.0,15.0,22262,18.0
65fd19896d58d64c0d8cbc3c,2,other,3,672a401ef9623837c59f3af2,1.0,4.0,22262,12.0
65fd19896d58d64c0d8cbc3c,2,other,4,5f8ef8e63fdd230d00f5d0e4,0.0,18.0,22262,12.0
65fd19896d58d64c0d8cbc3c,3,self,1,65fd19896d58d64c0d8cbc3c,0.0,29.0,22263,33.0
65fd19896d58d64c0d8cbc3c,3,other,2,5f3e788210bda10837e37fca,1.0,11.0,22263,13.0
65fd19896d58d64c0d8cbc3c,3,other,3,603ceb8f82d6b0a88e6cb99a,1.0,1.0,22263,3.0
65fd19896d58d64c0d8cbc3c,3,other,4,66e20380324d7bf552a749b9,0.0,13.0,22263,8.0
65fd19896d58d64c0d8cbc3c,5,self,1,65fd19896d58d64c0d8cbc3c,0.0,29.0,22265,33.0
65fd19896d58d64c0d8cbc3c,5,other,2,5e2881eaa9af590560d04047,1.0,16.0,22265,10.0
65fd19896d58d64c0d8cbc3c,5,other,3,6658c5911429bc1ab0372a89,1.0,16.0,22265,16.0
65fd19896d58d64c0d8cbc3c,5,other,4,634e9bff0e8c21e97c621cb1,0.0,10.0,22265,11.0
65fd19896d58d64c0d8cbc3c,6,self,1,65fd19896d58d64c0d8cbc3c,0.0,29.0,22266,33.0
65fd19896d58d64c0d8cbc3c,6,other,2,643abe2183fc66157d8b0b9c,1.0,8.0,22266,9.0
65fd19896d58d64c0d8cbc3c,6,other,3,66eb5adf63cae551875a7667,1.0,3.0,22266,1.0
65fd19896d58d64c0d8cbc3c,6,other,4,665cd9869a0ffe598b8b84a7,0.0,19.0,22266,14.0
65fd19896d58d64c0d8cbc3c,7,self,1,65fd19896d58d64c0d8cbc3c,0.0,29.0,22267,33.0
65fd19896d58d64c0d8cbc3c,7,other,2,6674ae115abf5a938c5e7c3d,1.0,19.0,22267,24.0
65fd19896d58d64c0d8cbc3c,7,other,3,5e62dfa2819b9d079c91b6d2,1.0,5.0,22267,17.0
65fd19896d58d64c0d8cbc3c,7,other,4,5b07b71c68eff50001d1c859,0.0,14.0,22267,16.0
65fd19896d58d64c0d8cbc3c,15,self,1,65fd19896d58d64c0d8cbc3c,0.0,29.0,22275,33.0
65fd19896d58d64c0d8cbc3c,15,other,2,5e3d33b27525e7117bd31778,1.0,10.0,22275,16.0
65fd19896d58d64c0d8cbc3c,15,other,3,60147f790be39349d775e4f2,1.0,11.0,22275,15.0
65fd19896d58d64c0d8cbc3c,15,other,4,673bb97db4dca498acdce737,0.0,16.0,22275,19.0
65fd19896d58d64c0d8cbc3c,16,self,1,65fd19896d58d64c0d8cbc3c,0.0,29.0,22276,33.0
65fd19896d58d64c0d8cbc3c,16,other,2,673ccffc13c6b41210c3de41,1.0,13.0,22276,16.0
65fd19896d58d64c0d8cbc3c,16,other,3,5fbafd1b299177bdcc7aa4ac,1.0,21.0,22276,18.0
65fd19896d58d64c0d8cbc3c,16,other,4,594a481105e73f0001450009,0.0,10.0,22276,16.0
65fd19896d58d64c0d8cbc3c,18,self,1,65fd19896d58d64c0d8cbc3c,0.0,29.0,22278,33.0
65fd19896d58d64c0d8cbc3c,18,other,2,682ea2d42d55eac9ceeac8aa,1.0,5.0,22278,8.0
65fd19896d58d64c0d8cbc3c,18,other,3,652ecb92078fe073ab29b920,1.0,10.0,22278,0.0
65fd19896d58d64c0d8cbc3c,18,other,4,5702fde2d4cf7f00089471f3,0.0,16.0,22278,17.0
65fd19896d58d64c0d8cbc3c,19,self,1,65fd19896d58d64c0d8cbc3c,0.0,29.0,22279,33.0
65fd19896d58d64c0d8cbc3c,19,other,2,56d1f7f67bbc32000589a588,1.0,21.0,22279,16.0
65fd19896d58d64c0d8cbc3c,19,other,3,673bdc54bee6e22ce93d7e9f,1.0,8.0,22279,8.0
65fd19896d58d64c0d8cbc3c,19,other,4,65e209621fce0d5fd8b3265f,0.0,17.0,22279,16.0
6601e63cd1d87faee4745a2b,16,self,1,6601e63cd1d87faee4745a2b,1.0,18.0,22316,17.0
6601e63cd1d87faee4745a2b,16,other,2,5e6977731ff38b22e8654bc4,1.0,16.0,22316,10.0
6601e63cd1d87faee4745a2b,16,other,3,600b5191a434df19524dd1a0,0.0,10.0,22316,10.0
6601e63cd1d87faee4745a2b,16,other,4,67911b9be5af0ac0763a28c7,0.0,4.0,22316,4.0
66042d8fc8f0421abb8ecf06,7,self,1,66042d8fc8f0421abb8ecf06,1.0,9.0,22327,4.0
66042d8fc8f0421abb8ecf06,7,other,2,675f3be0be195f020b9fc600,1.0,16.0,22327,13.0
66042d8fc8f0421abb8ecf06,7,other,3,5e099e7f76c03b255e2b61da,0.0,12.0,22327,12.0
66042d8fc8f0421abb8ecf06,7,other,4,66606507ffb63756e160e3d6,0.0,13.0,22327,15.0
66043087e6f547531945bb3f,20,self,1,66043087e6f547531945bb3f,1.0,11.0,22360,17.0
66043087e6f547531945bb3f,20,other,2,66a0927ece1a5dca873770d2,1.0,16.0,22360,17.0
66043087e6f547531945bb3f,20,other,3,6104f643566bca4643370eba,0.0,19.0,22360,17.0
66043087e6f547531945bb3f,20,other,4,665dea227996cd7a1459279b,0.0,9.0,22360,11.0
66048ef245166519a03d0fef,3,self,1,66048ef245166519a03d0fef,0.0,8.0,22403,9.0
66048ef245166519a03d0fef,3,other,2,5cb128db0d14d3001838eef5,1.0,8.0,22403,8.0
66048ef245166519a03d0fef,3,other,3,669d6298fbea0ccd92e79ecb,1.0,8.0,22403,13.0
66048ef245166519a03d0fef,3,other,4,66798cc98973f70b7de20460,0.0,16.0,22403,15.0
6610ca6d1c7fe8e3861d0de2,8,self,1,6610ca6d1c7fe8e3861d0de2,1.0,9.0,22568,10.0
6610ca6d1c7fe8e3861d0de2,8,other,2,562a2eaac8ffc20012514145,1.0,22.0,22568,17.0
6610ca6d1c7fe8e3861d0de2,8,other,3,66d0c734cbeb44f369a39ee9,0.0,10.0,22568,8.0
6610ca6d1c7fe8e3861d0de2,8,other,4,66c75a9fc11b8f1e78671076,0.0,10.0,22568,16.0
66117731dd2d071debd435a4,13,self,1,66117731dd2d071debd435a4,1.0,9.0,22653,11.0
66117731dd2d071debd435a4,13,other,2,641a43f78351cc4fefe31190,1.0,8.0,22653,7.0
66117731dd2d071debd435a4,13,other,3,6693cc5c2454061c0414ee05,0.0,17.0,22653,16.0
66117731dd2d071debd435a4,13,other,4,66338f4346e84e4f0469bc21,0.0,25.0,22653,21.0
661566cc7a792f3f30c15980,7,self,1,661566cc7a792f3f30c15980,1.0,11.0,22687,12.0
661566cc7a792f3f30c15980,7,other,2,66703d3e1078fb050306b4bc,1.0,2.0,22687,11.0
661566cc7a792f3f30c15980,7,other,3,6086c333d6eb73cfdd564e90,0.0,16.0,22687,21.0
661566cc7a792f3f30c15980,7,other,4,5b472672d4c93b00019bbc49,0.0,19.0,22687,12.0
661a9d90ad9d4689a46475c0,10,self,1,661a9d90ad9d4689a46475c0,0.0,16.0,22770,10.0
661a9d90ad9d4689a46475c0,10,other,2,66deeccfa4a8c62e75e0a557,1.0,9.0,22770,6.0
661a9d90ad9d4689a46475c0,10,other,3,66a43750c7952eff6a2099dd,1.0,9.0,22770,2.0
661a9d90ad9d4689a46475c0,10,other,4,5b94d08a41cfe90001c6a249,0.0,27.0,22770,17.0
661d1672f01169fe41f1f001,17,self,1,661d1672f01169fe41f1f001,0.0,16.0,22797,17.0
661d1672f01169fe41f1f001,17,other,2,66058651f9c5fb6a8dba7633,1.0,9.0,22797,16.0
661d1672f01169fe41f1f001,17,other,3,571bdaa76b0894001362f780,1.0,14.0,22797,16.0
661d1672f01169fe41f1f001,17,other,4,5f7d026c6fd2421d2dc1af04,0.0,17.0,22797,9.0
661d4230dd564f5f2a226612,17,self,1,661d4230dd564f5f2a226612,1.0,10.0,22817,16.0
661d4230dd564f5f2a226612,17,other,2,66f87d84fcfe786a13ff1edb,1.0,17.0,22817,10.0
661d4230dd564f5f2a226612,17,other,3,5c2ebf3e626018000134986f,0.0,4.0,22817,4.0
661d4230dd564f5f2a226612,17,other,4,67103aecd3a626ec9024ed2a,0.0,1.0,22817,0.0
66226b0252ed8d32a4c59ef8,4,self,1,66226b0252ed8d32a4c59ef8,0.0,29.0,22844,24.0
66226b0252ed8d32a4c59ef8,4,other,2,66927c8697feb698d0b600d1,1.0,16.0,22844,15.0
66226b0252ed8d32a4c59ef8,4,other,3,60e49d8302404edb1e133168,1.0,18.0,22844,13.0
66226b0252ed8d32a4c59ef8,4,other,4,6346c49dbe9e9ee7946d6ebc,0.0,19.0,22844,18.0
66226b0252ed8d32a4c59ef8,7,self,1,66226b0252ed8d32a4c59ef8,0.0,29.0,22847,24.0
66226b0252ed8d32a4c59ef8,7,other,2,5dc135efa0910f0afef40b64,1.0,17.0,22847,19.0
66226b0252ed8d32a4c59ef8,7,other,3,62b2510090c080a481c2c8ef,1.0,16.0,22847,14.0
66226b0252ed8d32a4c59ef8,7,other,4,61646e7ec3accfb9d8334ad5,0.0,2.0,22847,8.0
66226b0252ed8d32a4c59ef8,13,self,1,66226b0252ed8d32a4c59ef8,0.0,29.0,22853,24.0
66226b0252ed8d32a4c59ef8,13,other,2,5de7ad0ca1a3fb7217ec3365,1.0,14.0,22853,11.0
66226b0252ed8d32a4c59ef8,13,other,3,668d358cb504063550c14083,1.0,17.0,22853,17.0
66226b0252ed8d32a4c59ef8,13,other,4,67e923d008c9e3479c33f071,0.0,9.0,22853,7.0
6629396278644f7ca5e5d017,12,self,1,6629396278644f7ca5e5d017,0.0,6.0,22872,9.0
6629396278644f7ca5e5d017,12,other,2,6726c70622b97e6722fa53d8,1.0,9.0,22872,8.0
6629396278644f7ca5e5d017,12,other,3,612cc22830e71399b7a86841,1.0,6.0,22872,4.0
6629396278644f7ca5e5d017,12,other,4,609551c1ade88f8463666fb8,0.0,3.0,22872,9.0
6629396278644f7ca5e5d017,13,self,1,6629396278644f7ca5e5d017,0.0,6.0,22873,9.0
6629396278644f7ca5e5d017,13,other,2,608a0175caaa968e48ae4b6d,1.0,4.0,22873,5.0
6629396278644f7ca5e5d017,13,other,3,66a9843c53827f826e9738ed,1.0,1.0,22873,9.0
6629396278644f7ca5e5d017,13,other,4,677a8e5affbe5673b3a79e6b,0.0,14.0,22873,11.0
6629396278644f7ca5e5d017,19,self,1,6629396278644f7ca5e5d017,0.0,6.0,22879,9.0
6629396278644f7ca5e5d017,19,other,2,5af1cf73c36b060001f7efe7,1.0,12.0,22879,21.0
6629396278644f7ca5e5d017,19,other,3,55d0761e34e9060012e5782a,1.0,4.0,22879,11.0
6629396278644f7ca5e5d017,19,other,4,6658ed9e2802dccba9041ca4,0.0,12.0,22879,12.0
66306ac39d18c5aad9685a9e,18,self,1,66306ac39d18c5aad9685a9e,1.0,14.0,22978,10.0
66306ac39d18c5aad9685a9e,18,other,2,65ae2baa95efab88c481edc3,1.0,10.0,22978,16.0
66306ac39d18c5aad9685a9e,18,other,3,674df7409688c680113b8316,0.0,9.0,22978,13.0
66306ac39d18c5aad9685a9e,18,other,4,5f1072dbfd703f084bb995f7,0.0,16.0,22978,17.0
6630e0bef38970842b80cc06,7,self,1,6630e0bef38970842b80cc06,0.0,20.0,22987,25.0
6630e0bef38970842b80cc06,7,other,2,58a5cf959e040a0001399f07,1.0,19.0,22987,24.0
6630e0bef38970842b80cc06,7,other,3,5b0b08941e55760001b94b98,1.0,11.0,22987,11.0
6630e0bef38970842b80cc06,7,other,4,5a5f4571f6c5170001954a38,0.0,18.0,22987,16.0
6630fbbf430541e72d02c6e5,13,self,1,6630fbbf430541e72d02c6e5,0.0,20.0,23013,16.0
6630fbbf430541e72d02c6e5,13,other,2,5942d73df8bfc00001985c3c,1.0,14.0,23013,14.0
6630fbbf430541e72d02c6e5,13,other,3,66b527207f451bf6e0f07cac,1.0,16.0,23013,8.0
6630fbbf430541e72d02c6e5,13,other,4,691752dae4acdec500565976,0.0,8.0,23013,8.0
6630fbbf430541e72d02c6e5,19,self,1,6630fbbf430541e72d02c6e5,0.0,20.0,23019,16.0
6630fbbf430541e72d02c6e5,19,other,2,673a98f83ca992e2bdf1d4f3,1.0,9.0,23019,10.0
6630fbbf430541e72d02c6e5,19,other,3,666d914c8a386185e18db071,1.0,14.0,23019,8.0
6630fbbf430541e72d02c6e5,19,other,4,64fb3be137d2bd2bdfab8ba6,0.0,8.0,23019,8.0
663111e4283e7281c63fc949,3,self,1,663111e4283e7281c63fc949,1.0,11.0,23023,10.0
663111e4283e7281c63fc949,3,other,2,5f3e788210bda10837e37fca,1.0,11.0,23023,13.0
663111e4283e7281c63fc949,3,other,3,6722eefb6690d659a3db4560,0.0,11.0,23023,16.0
663111e4283e7281c63fc949,3,other,4,66b2601dc55a5c978d9c0ce7,0.0,19.0,23023,16.0
6631d770e613584c0d5cfdba,7,self,1,6631d770e613584c0d5cfdba,1.0,10.0,23067,14.0
6631d770e613584c0d5cfdba,7,other,2,5be4c8d0d4079000014c0998,1.0,16.0,23067,11.0
6631d770e613584c0d5cfdba,7,other,3,6636e5ffb1e341fa2390a2c0,0.0,23.0,23067,17.0
6631d770e613584c0d5cfdba,7,other,4,6294ea804cdf1298eefa87ac,0.0,17.0,23067,4.0
66338f4346e84e4f0469bc21,12,self,1,66338f4346e84e4f0469bc21,0.0,25.0,23192,21.0
66338f4346e84e4f0469bc21,12,other,2,5a460b57b77a5000014a890c,1.0,21.0,23192,21.0
66338f4346e84e4f0469bc21,12,other,3,66f0c0c84e16372a15a5b264,1.0,11.0,23192,16.0
66338f4346e84e4f0469bc21,12,other,4,65b537602cf1fbd4f77c7909,0.0,9.0,23192,22.0
66338f4346e84e4f0469bc21,19,self,1,66338f4346e84e4f0469bc21,0.0,25.0,23199,21.0
66338f4346e84e4f0469bc21,19,other,2,6751acc5dc78128951a34f1f,1.0,16.0,23199,9.0
66338f4346e84e4f0469bc21,19,other,3,66684b1580d4a4d68d9f6d16,1.0,16.0,23199,14.0
66338f4346e84e4f0469bc21,19,other,4,6772ec8f30df005ab821178c,0.0,16.0,23199,16.0
6634e0e2300e0d377e2cf876,13,self,1,6634e0e2300e0d377e2cf876,1.0,9.0,23273,11.0
6634e0e2300e0d377e2cf876,13,other,2,5b757a03976ecb0001b1168f,1.0,8.0,23273,9.0
6634e0e2300e0d377e2cf876,13,other,3,63e554b7631c8ec3ce069e32,0.0,20.0,23273,18.0
6634e0e2300e0d377e2cf876,13,other,4,5e3d91a08dfa83000c9f4d36,0.0,11.0,23273,24.0
6634e6202da0719ae4ec6455,12,self,1,6634e6202da0719ae4ec6455,1.0,17.0,23332,11.0
6634e6202da0719ae4ec6455,12,other,2,5e4db97c679288216771f059,1.0,11.0,23332,16.0
6634e6202da0719ae4ec6455,12,other,3,668dc66f629802c9570027e6,0.0,17.0,23332,16.0
6634e6202da0719ae4ec6455,12,other,4,54cf4c6ffdf99b46b96bab9a,0.0,11.0,23332,8.0
6634e6202da0719ae4ec6455,16,self,1,6634e6202da0719ae4ec6455,1.0,17.0,23336,11.0
6634e6202da0719ae4ec6455,16,other,2,65ae2baa95efab88c481edc3,1.0,10.0,23336,16.0
6634e6202da0719ae4ec6455,16,other,3,5ee10c33a3011311034f2cb1,0.0,14.0,23336,4.0
6634e6202da0719ae4ec6455,16,other,4,62926f5a375553f13d68bc92,0.0,9.0,23336,9.0
66351c39f862c014cfa831c4,12,self,1,66351c39f862c014cfa831c4,1.0,13.0,23352,12.0
66351c39f862c014cfa831c4,12,other,2,55885869fdf99b4020ba0b64,1.0,14.0,23352,18.0
66351c39f862c014cfa831c4,12,other,3,67e6d14022a912cd6c3fb682,0.0,16.0,23352,19.0
66351c39f862c014cfa831c4,12,other,4,5e1f2837d95637258ebc9ace,0.0,4.0,23352,9.0
663631e9a98cfc7ea17bbde6,17,self,1,663631e9a98cfc7ea17bbde6,1.0,5.0,23377,9.0
663631e9a98cfc7ea17bbde6,17,other,2,5b29ed150ec82d0001d26cf8,1.0,8.0,23377,12.0
663631e9a98cfc7ea17bbde6,17,other,3,6629396278644f7ca5e5d017,0.0,6.0,23377,9.0
663631e9a98cfc7ea17bbde6,17,other,4,6658b23217b161dc426bd14d,0.0,16.0,23377,11.0
663631e9a98cfc7ea17bbde6,19,self,1,663631e9a98cfc7ea17bbde6,1.0,5.0,23379,9.0
663631e9a98cfc7ea17bbde6,19,other,2,6609a35ed745fef53c0c1034,1.0,17.0,23379,16.0
663631e9a98cfc7ea17bbde6,19,other,3,5d67a2bf6cd320001a36cb6b,0.0,4.0,23379,12.0
663631e9a98cfc7ea17bbde6,19,other,4,5cdc899d48d5f100195fafff,0.0,16.0,23379,4.0
6638068d9ab49383d1fe00ae,6,self,1,6638068d9ab49383d1fe00ae,1.0,24.0,23446,16.0
6638068d9ab49383d1fe00ae,6,other,2,673bdc54bee6e22ce93d7e9f,1.0,8.0,23446,8.0
6638068d9ab49383d1fe00ae,6,other,3,66796f6a50ac90662e958273,0.0,12.0,23446,16.0
6638068d9ab49383d1fe00ae,6,other,4,63f77983c22478f8fb1d79a8,0.0,24.0,23446,29.0
663e1af35c1eafe0c29b4fe5,11,self,1,663e1af35c1eafe0c29b4fe5,1.0,4.0,23571,9.0
663e1af35c1eafe0c29b4fe5,11,other,2,6384704a7b906e6298d5087f,1.0,12.0,23571,14.0
663e1af35c1eafe0c29b4fe5,11,other,3,671663a07ad59e771a6e6f91,0.0,17.0,23571,16.0
663e1af35c1eafe0c29b4fe5,11,other,4,66da0c1177b19236098c299a,0.0,16.0,23571,16.0
663e1af35c1eafe0c29b4fe5,20,self,1,663e1af35c1eafe0c29b4fe5,1.0,4.0,23580,9.0
663e1af35c1eafe0c29b4fe5,20,other,2,5e825b5b469f7498f9b9f579,1.0,9.0,23580,6.0
663e1af35c1eafe0c29b4fe5,20,other,3,66f5366c7e5543684f266590,0.0,11.0,23580,17.0
663e1af35c1eafe0c29b4fe5,20,other,4,5a5d1194acc75b00017a7b8f,0.0,0.0,23580,17.0
663e36ac904985495d25393f,18,self,1,663e36ac904985495d25393f,0.0,17.0,23598,20.0
663e36ac904985495d25393f,18,other,2,67215f2922159d42abf932a4,1.0,25.0,23598,21.0
663e36ac904985495d25393f,18,other,3,583ef6f5ad2f4300014b358d,1.0,16.0,23598,16.0
663e36ac904985495d25393f,18,other,4,5ffb8c5b60571908f3ac19fa,0.0,13.0,23598,16.0
663ea705b761e95caebf67eb,19,self,1,663ea705b761e95caebf67eb,1.0,17.0,23619,0.0
663ea705b761e95caebf67eb,19,other,2,6112d76b0e4c125f011bfb8e,1.0,20.0,23619,0.0
663ea705b761e95caebf67eb,19,other,3,66789a1e138a59bb4ad16fa5,0.0,18.0,23619,17.0
663ea705b761e95caebf67eb,19,other,4,67006a23de43db9f90b363d2,0.0,13.0,23619,16.0
664003b962a847c71db3ebb0,20,self,1,664003b962a847c71db3ebb0,1.0,9.0,23660,9.0
664003b962a847c71db3ebb0,20,other,2,5c5cad876d0fe50001f0390c,1.0,18.0,23660,26.0
664003b962a847c71db3ebb0,20,other,3,663e36ac904985495d25393f,0.0,17.0,23660,20.0
664003b962a847c71db3ebb0,20,other,4,5d776e218a8d1d00166d36a6,0.0,19.0,23660,21.0
664212577c09653c94741aab,3,self,1,664212577c09653c94741aab,1.0,8.0,23683,8.0
664212577c09653c94741aab,3,other,2,5a8e886f0f1bce0001227b49,1.0,16.0,23683,16.0
664212577c09653c94741aab,3,other,3,614ff24d1d1982c8442aad56,0.0,12.0,23683,13.0
664212577c09653c94741aab,3,other,4,66f5366c7e5543684f266590,0.0,11.0,23683,17.0
6644ba9c868c5e3ef67f56db,14,self,1,6644ba9c868c5e3ef67f56db,1.0,21.0,23794,18.0
6644ba9c868c5e3ef67f56db,14,other,2,6773b840c558767d3804febe,1.0,17.0,23794,14.0
6644ba9c868c5e3ef67f56db,14,other,3,5e789ca247422a42289e33d0,0.0,10.0,23794,8.0
6644ba9c868c5e3ef67f56db,14,other,4,67154e688dff95452b10215d,0.0,25.0,23794,17.0
6644ba9c868c5e3ef67f56db,18,self,1,6644ba9c868c5e3ef67f56db,1.0,21.0,23798,18.0
6644ba9c868c5e3ef67f56db,18,other,2,5cb128db0d14d3001838eef5,1.0,8.0,23798,8.0
6644ba9c868c5e3ef67f56db,18,other,3,5f0e9896f5e4e11e12c8f5ac,0.0,20.0,23798,18.0
6644ba9c868c5e3ef67f56db,18,other,4,661a9d90ad9d4689a46475c0,0.0,16.0,23798,10.0
66465a9ce1c681c9cbb78eca,6,self,1,66465a9ce1c681c9cbb78eca,0.0,19.0,23826,12.0
66465a9ce1c681c9cbb78eca,6,other,2,6774178b928c3f8366f4c2ef,1.0,15.0,23826,18.0
66465a9ce1c681c9cbb78eca,6,other,3,666d914c8a386185e18db071,1.0,14.0,23826,8.0
66465a9ce1c681c9cbb78eca,6,other,4,614ff24d1d1982c8442aad56,0.0,12.0,23826,13.0
66479cbe39361370f0d85484,7,self,1,66479cbe39361370f0d85484,1.0,16.0,23887,16.0
66479cbe39361370f0d85484,7,other,2,60a1e1f4a3707c983a98f185,1.0,6.0,23887,8.0
66479cbe39361370f0d85484,7,other,3,5ee55d2d0eccfc2a733ad0db,0.0,16.0,23887,28.0
66479cbe39361370f0d85484,7,other,4,671663a07ad59e771a6e6f91,0.0,17.0,23887,16.0
664a0d8b5ef52adae600c9fa,6,self,1,664a0d8b5ef52adae600c9fa,0.0,5.0,23906,8.0
664a0d8b5ef52adae600c9fa,6,other,2,60d3b417d47497f6ae55273f,1.0,17.0,23906,16.0
664a0d8b5ef52adae600c9fa,6,other,3,640349ae900739316aca0f9f,1.0,8.0,23906,9.0
664a0d8b5ef52adae600c9fa,6,other,4,5c61dc8d24035400014b63da,0.0,19.0,23906,18.0
664a0d8b5ef52adae600c9fa,10,self,1,664a0d8b5ef52adae600c9fa,0.0,5.0,23910,8.0
664a0d8b5ef52adae600c9fa,10,other,2,60fce0bedbae8b8996c93203,1.0,10.0,23910,20.0
664a0d8b5ef52adae600c9fa,10,other,3,6743e31b8d80b64c6fad696f,1.0,18.0,23910,20.0
664a0d8b5ef52adae600c9fa,10,other,4,65edebf1c2c09681c2b91185,0.0,18.0,23910,20.0
664f41aa9da79278f9638bd5,13,self,1,664f41aa9da79278f9638bd5,1.0,16.0,23993,10.0
664f41aa9da79278f9638bd5,13,other,2,67424c6b07d7d42c5ed0511d,1.0,9.0,23993,1.0
664f41aa9da79278f9638bd5,13,other,3,5fd67cce91f9895969c0edee,0.0,18.0,23993,24.0
664f41aa9da79278f9638bd5,13,other,4,5e64f63fe8177d2669776c08,0.0,8.0,23993,10.0
6650f47bc2ef800182aa05f8,13,self,1,6650f47bc2ef800182aa05f8,1.0,2.0,24093,8.0
6650f47bc2ef800182aa05f8,13,other,2,57db00fcb9fb6f0001dda512,1.0,9.0,24093,4.0
6650f47bc2ef800182aa05f8,13,other,3,614e0468bbbac16be38fa13f,0.0,12.0,24093,13.0
6650f47bc2ef800182aa05f8,13,other,4,5be1b59a8425f6000141b942,0.0,9.0,24093,16.0
6652bf7eba7a8a81e1d1679b,19,self,1,6652bf7eba7a8a81e1d1679b,1.0,18.0,24119,16.0
6652bf7eba7a8a81e1d1679b,19,other,2,627966f3451caac7a46ca880,1.0,16.0,24119,17.0
6652bf7eba7a8a81e1d1679b,19,other,3,668c65ea561d096dc00ce7e9,0.0,24.0,24119,16.0
6652bf7eba7a8a81e1d1679b,19,other,4,581d38509b5b8800014d507e,0.0,12.0,24119,16.0
66535915cbec1d69819d3933,5,self,1,66535915cbec1d69819d3933,1.0,24.0,24125,19.0
66535915cbec1d69819d3933,5,other,2,677d6b29b44ccabd2fce33cb,1.0,16.0,24125,10.0
66535915cbec1d69819d3933,5,other,3,6091ac218e7f69f8814a5af2,0.0,16.0,24125,17.0
66535915cbec1d69819d3933,5,other,4,5ef52a87f04c781600ae4114,0.0,17.0,24125,26.0
66535915cbec1d69819d3933,15,self,1,66535915cbec1d69819d3933,1.0,24.0,24135,19.0
66535915cbec1d69819d3933,15,other,2,59ff1a23f2e3460001eda6d5,1.0,18.0,24135,14.0
66535915cbec1d69819d3933,15,other,3,594a481105e73f0001450009,0.0,10.0,24135,16.0
66535915cbec1d69819d3933,15,other,4,66789a1e138a59bb4ad16fa5,0.0,18.0,24135,17.0
665762fdab6df18f5032505b,13,self,1,665762fdab6df18f5032505b,1.0,16.0,24293,16.0
665762fdab6df18f5032505b,13,other,2,663e1af35c1eafe0c29b4fe5,1.0,4.0,24293,9.0
665762fdab6df18f5032505b,13,other,3,6751389a1e96f3f33e76809b,0.0,16.0,24293,18.0
665762fdab6df18f5032505b,13,other,4,661fb778b3e844f016a38e43,0.0,10.0,24293,20.0
6658b14931847f8a05c3d266,1,self,1,6658b14931847f8a05c3d266,0.0,20.0,24321,17.0
6658b14931847f8a05c3d266,1,other,2,67c595333edb693c1ebaee67,1.0,9.0,24321,12.0
6658b14931847f8a05c3d266,1,other,3,62e641e757a7c8640079fbd9,1.0,11.0,24321,14.0
6658b14931847f8a05c3d266,1,other,4,5ea979685178b007c99e620e,0.0,3.0,24321,11.0
6658b2da7affbe300577b732,6,self,1,6658b2da7affbe300577b732,1.0,21.0,24366,20.0
6658b2da7affbe300577b732,6,other,2,631647a0bf6e0dd403e171c2,1.0,10.0,24366,9.0
6658b2da7affbe300577b732,6,other,3,67842c60c9cba1e154a69bbd,0.0,16.0,24366,19.0
6658b2da7affbe300577b732,6,other,4,62f4904296e62ae6c19127d4,0.0,8.0,24366,10.0
6658b2da7affbe300577b732,11,self,1,6658b2da7affbe300577b732,1.0,21.0,24371,20.0
6658b2da7affbe300577b732,11,other,2,669e61adbefb042cfd423117,1.0,16.0,24371,18.0
6658b2da7affbe300577b732,11,other,3,67a9034388a7629d47fdd89e,0.0,12.0,24371,10.0
6658b2da7affbe300577b732,11,other,4,5bed755fcca71f00014111e6,0.0,24.0,24371,18.0
6658b2da7affbe300577b732,12,self,1,6658b2da7affbe300577b732,1.0,21.0,24372,20.0
6658b2da7affbe300577b732,12,other,2,6786ac16415168abd9f21d6b,1.0,9.0,24372,16.0
6658b2da7affbe300577b732,12,other,3,6693cc5c2454061c0414ee05,0.0,17.0,24372,16.0
6658b2da7affbe300577b732,12,other,4,5c7bc3f0ca5d980001408e36,0.0,0.0,24372,8.0
6658b5ca5f6a7ef6d4527b29,18,self,1,6658b5ca5f6a7ef6d4527b29,1.0,19.0,24418,25.0
6658b5ca5f6a7ef6d4527b29,18,other,2,6772eeb04cc894a8827b1ed1,1.0,10.0,24418,14.0
6658b5ca5f6a7ef6d4527b29,18,other,3,63d7a26f594b17eba6a83328,0.0,12.0,24418,16.0
6658b5ca5f6a7ef6d4527b29,18,other,4,6765f0f70b5bf9820e27589e,0.0,9.0,24418,11.0
6658d02b830a00e979619fb8,2,self,1,6658d02b830a00e979619fb8,1.0,0.0,24442,0.0
6658d02b830a00e979619fb8,2,other,2,6658c5911429bc1ab0372a89,1.0,16.0,24442,16.0
6658d02b830a00e979619fb8,2,other,3,606cf604adbb6982bb382881,0.0,8.0,24442,14.0
6658d02b830a00e979619fb8,2,other,4,5ee55d2d0eccfc2a733ad0db,0.0,16.0,24442,28.0
6658d02b830a00e979619fb8,4,self,1,6658d02b830a00e979619fb8,1.0,0.0,24444,0.0
6658d02b830a00e979619fb8,4,other,2,5f369f5484d5ad083b7ce317,1.0,18.0,24444,16.0
6658d02b830a00e979619fb8,4,other,3,5f6dfe80423f152bb7a96a6f,0.0,9.0,24444,17.0
6658d02b830a00e979619fb8,4,other,4,6033d643f0cc960c580c716c,0.0,11.0,24444,9.0
6658d27edd60f6a0b5dcb504,9,self,1,6658d27edd60f6a0b5dcb504,1.0,24.0,24489,20.0
6658d27edd60f6a0b5dcb504,9,other,2,666ad9cd9e785efb19474220,1.0,8.0,24489,9.0
6658d27edd60f6a0b5dcb504,9,other,3,5eac3c1950fecd25d2d6d5ed,0.0,12.0,24489,17.0
6658d27edd60f6a0b5dcb504,9,other,4,63469f35701f6b1eb1e76b1f,0.0,17.0,24489,16.0
6658ed9e2802dccba9041ca4,1,self,1,6658ed9e2802dccba9041ca4,0.0,12.0,24541,12.0
6658ed9e2802dccba9041ca4,1,other,2,56888951d7848e000c39a122,1.0,1.0,24541,2.0
6658ed9e2802dccba9041ca4,1,other,3,613b007b4e9cc4ef5a63f334,1.0,10.0,24541,19.0
6658ed9e2802dccba9041ca4,1,other,4,5dde8fba82f458000c8c7c75,0.0,8.0,24541,15.0
66598e28a133d3735cdc506f,5,self,1,66598e28a133d3735cdc506f,1.0,0.0,24565,3.0
66598e28a133d3735cdc506f,5,other,2,67e069199f5b036960b0cc5f,1.0,10.0,24565,19.0
66598e28a133d3735cdc506f,5,other,3,668d6f9d885ecaee43b116ab,0.0,15.0,24565,16.0
66598e28a133d3735cdc506f,5,other,4,6778aa34a81ab2f07e0d4c25,0.0,20.0,24565,25.0
66598e28a133d3735cdc506f,10,self,1,66598e28a133d3735cdc506f,1.0,0.0,24570,3.0
66598e28a133d3735cdc506f,10,other,2,607254cd31c9aa4682a4672c,1.0,8.0,24570,24.0
66598e28a133d3735cdc506f,10,other,3,605731872f40ec675cdf1f0b,0.0,8.0,24570,10.0
66598e28a133d3735cdc506f,10,other,4,61003c2003503aa8e90b6a31,0.0,24.0,24570,19.0
66598e28a133d3735cdc506f,14,self,1,66598e28a133d3735cdc506f,1.0,0.0,24574,3.0
66598e28a133d3735cdc506f,14,other,2,58a43e029a17120001d910d5,1.0,17.0,24574,14.0
66598e28a133d3735cdc506f,14,other,3,638612440ec47409005d14da,0.0,12.0,24574,14.0
66598e28a133d3735cdc506f,14,other,4,647849063b9fd9be24803727,0.0,11.0,24574,13.0
66598e28a133d3735cdc506f,15,self,1,66598e28a133d3735cdc506f,1.0,0.0,24575,3.0
66598e28a133d3735cdc506f,15,other,2,64650afa150778d11c8b81db,1.0,11.0,24575,9.0
66598e28a133d3735cdc506f,15,other,3,61bb389740db417c1a138cad,0.0,12.0,24575,16.0
66598e28a133d3735cdc506f,15,other,4,5e1b2b3e4a955b350b1e0a63,0.0,11.0,24575,16.0
6659d150478b9115096338d1,2,self,1,6659d150478b9115096338d1,1.0,24.0,24602,24.0
6659d150478b9115096338d1,2,other,2,660d96a4b0b9a45fb6fcd2e3,1.0,19.0,24602,17.0
6659d150478b9115096338d1,2,other,3,62a74daa695f792361470dd1,0.0,12.0,24602,12.0
6659d150478b9115096338d1,2,other,4,5e493133b4bc203a048f8ce9,0.0,12.0,24602,25.0
6659d150478b9115096338d1,4,self,1,6659d150478b9115096338d1,1.0,24.0,24604,24.0
6659d150478b9115096338d1,4,other,2,65ca7ce3db12aa7ea5156a0c,1.0,17.0,24604,8.0
6659d150478b9115096338d1,4,other,3,676f2ff678d74407b518207d,0.0,26.0,24604,25.0
6659d150478b9115096338d1,4,other,4,5f5619f562b184a17775b3d5,0.0,10.0,24604,15.0
6659f77ee4fd69fa455cc86a,14,self,1,6659f77ee4fd69fa455cc86a,1.0,24.0,24654,18.0
6659f77ee4fd69fa455cc86a,14,other,2,67870824e02758bc16fa96f3,1.0,8.0,24654,8.0
6659f77ee4fd69fa455cc86a,14,other,3,676689ad3d88efc114b35097,0.0,10.0,24654,8.0
6659f77ee4fd69fa455cc86a,14,other,4,63469662d9e84d379f52c166,0.0,4.0,24654,0.0
665cd9869a0ffe598b8b84a7,4,self,1,665cd9869a0ffe598b8b84a7,0.0,19.0,24784,14.0
665cd9869a0ffe598b8b84a7,4,other,2,5ba641d1168e5e0001e4275d,1.0,20.0,24784,19.0
665cd9869a0ffe598b8b84a7,4,other,3,577e1f75160201000103d95a,1.0,11.0,24784,16.0
665cd9869a0ffe598b8b84a7,4,other,4,606cf604adbb6982bb382881,0.0,8.0,24784,14.0
6660f30d9cab7604513cf59b,1,self,1,6660f30d9cab7604513cf59b,1.0,2.0,25001,8.0
6660f30d9cab7604513cf59b,1,other,2,6050ea8a95817a2bfddc9d09,1.0,21.0,25001,21.0
6660f30d9cab7604513cf59b,1,other,3,67203bff74dea717e8b9e1ea,0.0,20.0,25001,20.0
6660f30d9cab7604513cf59b,1,other,4,67e8ffe90ba972b691421fcf,0.0,17.0,25001,17.0
66620cf0297a4b3c61f5a8ee,1,self,1,66620cf0297a4b3c61f5a8ee,0.0,21.0,25021,18.0
66620cf0297a4b3c61f5a8ee,1,other,2,66058651f9c5fb6a8dba7633,1.0,9.0,25021,16.0
66620cf0297a4b3c61f5a8ee,1,other,3,637f7e8a1ba8e6e1cc969beb,1.0,24.0,25021,14.0
66620cf0297a4b3c61f5a8ee,1,other,4,61646e7ec3accfb9d8334ad5,0.0,2.0,25021,8.0
66620cf0297a4b3c61f5a8ee,8,self,1,66620cf0297a4b3c61f5a8ee,0.0,21.0,25028,18.0
66620cf0297a4b3c61f5a8ee,8,other,2,6772e6e99175cf9e55106a7f,1.0,18.0,25028,13.0
66620cf0297a4b3c61f5a8ee,8,other,3,5d192384c1e685001a907257,1.0,10.0,25028,17.0
66620cf0297a4b3c61f5a8ee,8,other,4,66b50357f28ed24fa377665b,0.0,3.0,25028,3.0
6662bbd11599452943304086,9,self,1,6662bbd11599452943304086,0.0,8.0,25069,13.0
6662bbd11599452943304086,9,other,2,668c2c3b1c453af22c1e1e31,1.0,19.0,25069,24.0
6662bbd11599452943304086,9,other,3,6064a0185b9ce0ca98b5e791,1.0,9.0,25069,16.0
6662bbd11599452943304086,9,other,4,665b26e1aed20c57d074d0fd,0.0,11.0,25069,17.0
666355b585eb54794eb9f6c5,13,self,1,666355b585eb54794eb9f6c5,0.0,15.0,25113,17.0
666355b585eb54794eb9f6c5,13,other,2,5922fd354d88c800013cb29b,1.0,3.0,25113,12.0
666355b585eb54794eb9f6c5,13,other,3,5f540fc665e3b6148c04f10e,1.0,8.0,25113,9.0
666355b585eb54794eb9f6c5,13,other,4,594a969df0ea1b0001558178,0.0,22.0,25113,19.0
666355b585eb54794eb9f6c5,17,self,1,666355b585eb54794eb9f6c5,0.0,15.0,25117,17.0
666355b585eb54794eb9f6c5,17,other,2,656d24ca2d90244628b2960e,1.0,20.0,25117,17.0
666355b585eb54794eb9f6c5,17,other,3,6146548679f86b7cb069e7f7,1.0,11.0,25117,16.0
666355b585eb54794eb9f6c5,17,other,4,5ea060b71ce81301340a6b64,0.0,19.0,25117,18.0
666445e5b72745f04a4f57d6,1,self,1,666445e5b72745f04a4f57d6,0.0,6.0,25121,8.0
666445e5b72745f04a4f57d6,1,other,2,677d3fbfbb2df9271e66b263,1.0,8.0,25121,16.0
666445e5b72745f04a4f57d6,1,other,3,673c62cf434c71ae8abbe572,1.0,17.0,25121,17.0
666445e5b72745f04a4f57d6,1,other,4,5bb5ddb068558a000125ab50,0.0,17.0,25121,10.0
666445e5b72745f04a4f57d6,2,self,1,666445e5b72745f04a4f57d6,0.0,6.0,25122,8.0
666445e5b72745f04a4f57d6,2,other,2,5b7467ea50075a0001107043,1.0,11.0,25122,0.0
666445e5b72745f04a4f57d6,2,other,3,5ec99f86f5c1124c0c518fa9,1.0,13.0,25122,8.0
666445e5b72745f04a4f57d6,2,other,4,647d380660e059e1612303e8,0.0,17.0,25122,15.0
666445e5b72745f04a4f57d6,9,self,1,666445e5b72745f04a4f57d6,0.0,6.0,25129,8.0
666445e5b72745f04a4f57d6,9,other,2,5cf66ed8912f0b0017c50b52,1.0,16.0,25129,8.0
666445e5b72745f04a4f57d6,9,other,3,62c7e2035db496124cf69b56,1.0,19.0,25129,16.0
666445e5b72745f04a4f57d6,9,other,4,5b2fda4e530770000105a60a,0.0,16.0,25129,18.0
666445e5b72745f04a4f57d6,12,self,1,666445e5b72745f04a4f57d6,0.0,6.0,25132,8.0
666445e5b72745f04a4f57d6,12,other,2,67265982eb0c3fc495c6e33a,1.0,18.0,25132,12.0
666445e5b72745f04a4f57d6,12,other,3,5eadc384e00264461f74d7c8,1.0,9.0,25132,8.0
666445e5b72745f04a4f57d6,12,other,4,63003bb4d6f83995fb271ba3,0.0,19.0,25132,16.0
6665a806be52905a784f7437,14,self,1,6665a806be52905a784f7437,1.0,16.0,25174,11.0
6665a806be52905a784f7437,14,other,2,66abc79f0812c1f89a25adfb,1.0,17.0,25174,14.0
6665a806be52905a784f7437,14,other,3,5bd6c7a7abc5ee00017a5928,0.0,12.0,25174,16.0
6665a806be52905a784f7437,14,other,4,5e64f63fe8177d2669776c08,0.0,8.0,25174,10.0
66683545735678b36a28c87b,12,self,1,66683545735678b36a28c87b,1.0,8.0,25252,4.0
66683545735678b36a28c87b,12,other,2,66293a5710fb93854b181793,1.0,10.0,25252,10.0
66683545735678b36a28c87b,12,other,3,663e36ac904985495d25393f,0.0,17.0,25252,20.0
66683545735678b36a28c87b,12,other,4,67803a05b60a2727e9fa85b4,0.0,16.0,25252,16.0
6668929d181484a688e8d5d0,10,self,1,6668929d181484a688e8d5d0,0.0,25.0,25290,18.0
6668929d181484a688e8d5d0,10,other,2,676580dc3295097751741abc,1.0,11.0,25290,4.0
6668929d181484a688e8d5d0,10,other,3,668c1b6dc2285a0b0ce0add5,1.0,14.0,25290,15.0
6668929d181484a688e8d5d0,10,other,4,603b9be389c6cf7d0dd74fd1,0.0,8.0,25290,10.0
6668929d181484a688e8d5d0,16,self,1,6668929d181484a688e8d5d0,0.0,25.0,25296,18.0
6668929d181484a688e8d5d0,16,other,2,5f60fa0a0543ce036fa68ba0,1.0,5.0,25296,6.0
6668929d181484a688e8d5d0,16,other,3,6674d66310b6684b86ddf7b9,1.0,8.0,25296,6.0
6668929d181484a688e8d5d0,16,other,4,61446a1ecda939d3c22d9787,0.0,9.0,25296,16.0
6669f1177ad1748a9dc8da4b,8,self,1,6669f1177ad1748a9dc8da4b,1.0,22.0,25328,10.0
6669f1177ad1748a9dc8da4b,8,other,2,5e0571b7e297d5fa932cf415,1.0,17.0,25328,13.0
6669f1177ad1748a9dc8da4b,8,other,3,64125a2a86177f9e395541f1,0.0,22.0,25328,25.0
6669f1177ad1748a9dc8da4b,8,other,4,634e9bff0e8c21e97c621cb1,0.0,10.0,25328,11.0
6669f1177ad1748a9dc8da4b,11,self,1,6669f1177ad1748a9dc8da4b,1.0,22.0,25331,10.0
6669f1177ad1748a9dc8da4b,11,other,2,66f87d84fcfe786a13ff1edb,1.0,17.0,25331,10.0
6669f1177ad1748a9dc8da4b,11,other,3,637b9edf2a2055bf16796ae6,0.0,8.0,25331,12.0
6669f1177ad1748a9dc8da4b,11,other,4,66c20b634a3b292d25596fbc,0.0,11.0,25331,9.0
6669f1177ad1748a9dc8da4b,20,self,1,6669f1177ad1748a9dc8da4b,1.0,22.0,25340,10.0
6669f1177ad1748a9dc8da4b,20,other,2,6610feb47a58c90ed439d79d,1.0,9.0,25340,8.0
6669f1177ad1748a9dc8da4b,20,other,3,5b70d5cf48302c0001ba0771,0.0,19.0,25340,24.0
6669f1177ad1748a9dc8da4b,20,other,4,5a0e9f5c9b760100013a7944,0.0,16.0,25340,12.0
666b6cd0fd4835707cae439b,3,self,1,666b6cd0fd4835707cae439b,0.0,2.0,25363,10.0
666b6cd0fd4835707cae439b,3,other,2,609c2dcbc88bdd19e0be4b98,1.0,16.0,25363,10.0
666b6cd0fd4835707cae439b,3,other,3,6736d9badac6c2599d5b0c5d,1.0,17.0,25363,17.0
666b6cd0fd4835707cae439b,3,other,4,674df7409688c680113b8316,0.0,9.0,25363,13.0
666b6cd0fd4835707cae439b,4,self,1,666b6cd0fd4835707cae439b,0.0,2.0,25364,10.0
666b6cd0fd4835707cae439b,4,other,2,674d4315219570a745daddc3,1.0,16.0,25364,10.0
666b6cd0fd4835707cae439b,4,other,3,66a3f582d7dd72932567c122,1.0,10.0,25364,2.0
666b6cd0fd4835707cae439b,4,other,4,5800eb53beccf8000100cb06,0.0,13.0,25364,11.0
666b6cd0fd4835707cae439b,14,self,1,666b6cd0fd4835707cae439b,0.0,2.0,25374,10.0
666b6cd0fd4835707cae439b,14,other,2,6609a35ed745fef53c0c1034,1.0,17.0,25374,16.0
666b6cd0fd4835707cae439b,14,other,3,6785afa8e35496081ab1cd5b,1.0,25.0,25374,21.0
666b6cd0fd4835707cae439b,14,other,4,664f846220375730049a406c,0.0,8.0,25374,8.0
666d914c8a386185e18db071,12,self,1,666d914c8a386185e18db071,1.0,14.0,25412,8.0
666d914c8a386185e18db071,12,other,2,603ceb8f82d6b0a88e6cb99a,1.0,1.0,25412,3.0
666d914c8a386185e18db071,12,other,3,59b859e711212f0001cd10ff,0.0,7.0,25412,17.0
666d914c8a386185e18db071,12,other,4,63d7b81d79044b73bfb50952,0.0,18.0,25412,17.0
666f9b23519a8d810a4c5b8a,13,self,1,666f9b23519a8d810a4c5b8a,0.0,5.0,25433,13.0
666f9b23519a8d810a4c5b8a,13,other,2,66e77c1f53b8d806313b5314,1.0,18.0,25433,20.0
666f9b23519a8d810a4c5b8a,13,other,3,67dbeabb9f3bd066c8a56685,1.0,12.0,25433,17.0
666f9b23519a8d810a4c5b8a,13,other,4,67657496bf49edcdd8ceb8a4,0.0,24.0,25433,16.0
66703d3e1078fb050306b4bc,9,self,1,66703d3e1078fb050306b4bc,1.0,2.0,25449,11.0
66703d3e1078fb050306b4bc,9,other,2,62d133496cf7f774b8bf98a0,1.0,5.0,25449,5.0
66703d3e1078fb050306b4bc,9,other,3,66af9a2fc6601bff708bf1b1,0.0,22.0,25449,17.0
66703d3e1078fb050306b4bc,9,other,4,5e718c86686c0c0b7759f340,0.0,16.0,25449,24.0
66703d3e1078fb050306b4bc,12,self,1,66703d3e1078fb050306b4bc,1.0,2.0,25452,11.0
66703d3e1078fb050306b4bc,12,other,2,56888951d7848e000c39a122,1.0,1.0,25452,2.0
66703d3e1078fb050306b4bc,12,other,3,5e3d91a08dfa83000c9f4d36,0.0,11.0,25452,24.0
66703d3e1078fb050306b4bc,12,other,4,5ee22888962eba660d273581,0.0,14.0,25452,11.0
66703d3e1078fb050306b4bc,20,self,1,66703d3e1078fb050306b4bc,1.0,2.0,25460,11.0
66703d3e1078fb050306b4bc,20,other,2,5f2f280854c3203084e218e5,1.0,12.0,25460,11.0
66703d3e1078fb050306b4bc,20,other,3,60fded771d362f0624a42a38,0.0,21.0,25460,22.0
66703d3e1078fb050306b4bc,20,other,4,672fd24711f758e7a04ac043,0.0,29.0,25460,21.0
6671d8bf6e4bc111961295a1,12,self,1,6671d8bf6e4bc111961295a1,1.0,12.0,25472,8.0
6671d8bf6e4bc111961295a1,12,other,2,676054fd8c08c71e4bb7c969,1.0,12.0,25472,16.0
6671d8bf6e4bc111961295a1,12,other,3,5c2ebf3e626018000134986f,0.0,4.0,25472,4.0
6671d8bf6e4bc111961295a1,12,other,4,668c893a3a9a1a960c28e9ad,0.0,11.0,25472,10.0
6672d841976c5e0961cc8883,19,self,1,6672d841976c5e0961cc8883,0.0,20.0,25499,29.0
6672d841976c5e0961cc8883,19,other,2,677fea44f0780e29406c0f6a,1.0,12.0,25499,9.0
6672d841976c5e0961cc8883,19,other,3,605e622287f0e806ffe04590,1.0,9.0,25499,9.0
6672d841976c5e0961cc8883,19,other,4,653159b776e14d9172042058,0.0,18.0,25499,18.0
66732d7c4a68a05d53e7cbaa,20,self,1,66732d7c4a68a05d53e7cbaa,0.0,11.0,25560,13.0
66732d7c4a68a05d53e7cbaa,20,other,2,5883d68d300c0b000113db56,1.0,4.0,25560,9.0
66732d7c4a68a05d53e7cbaa,20,other,3,678e978dfeca0ba2fca8109f,1.0,16.0,25560,20.0
66732d7c4a68a05d53e7cbaa,20,other,4,63f77983c22478f8fb1d79a8,0.0,24.0,25560,29.0
66747a68ffbb5cc37d6d2773,12,self,1,66747a68ffbb5cc37d6d2773,1.0,14.0,25632,16.0
66747a68ffbb5cc37d6d2773,12,other,2,66043087e6f547531945bb3f,1.0,11.0,25632,17.0
66747a68ffbb5cc37d6d2773,12,other,3,6662bbd11599452943304086,0.0,8.0,25632,13.0
66747a68ffbb5cc37d6d2773,12,other,4,5f68c1702f31dc032ac57b43,0.0,17.0,25632,8.0
66773db510940dbd43e1e679,3,self,1,66773db510940dbd43e1e679,1.0,3.0,25703,7.0
66773db510940dbd43e1e679,3,other,2,631647a0bf6e0dd403e171c2,1.0,10.0,25703,9.0
66773db510940dbd43e1e679,3,other,3,5e1f2837d95637258ebc9ace,0.0,4.0,25703,9.0
66773db510940dbd43e1e679,3,other,4,6385176faa1fd90c21cd7cb0,0.0,10.0,25703,16.0
667852bad1ab6be8543df6d8,2,self,1,667852bad1ab6be8543df6d8,1.0,4.0,25742,20.0
667852bad1ab6be8543df6d8,2,other,2,66f6f78c68246dd27f4dcc05,1.0,9.0,25742,10.0
667852bad1ab6be8543df6d8,2,other,3,5ea2ac265b40e81cfe8296ea,0.0,3.0,25742,12.0
667852bad1ab6be8543df6d8,2,other,4,5da9a1659413e4001505d7f7,0.0,1.0,25742,9.0
66789a1e138a59bb4ad16fa5,3,self,1,66789a1e138a59bb4ad16fa5,0.0,18.0,25783,17.0
66789a1e138a59bb4ad16fa5,3,other,2,6658d66a5e45cac0aaeb54de,1.0,8.0,25783,6.0
66789a1e138a59bb4ad16fa5,3,other,3,66debd6416b5185254e88395,1.0,11.0,25783,3.0
66789a1e138a59bb4ad16fa5,3,other,4,67efe4d2d2018d216ac7ff4f,0.0,2.0,25783,3.0
66796f6a50ac90662e958273,5,self,1,66796f6a50ac90662e958273,0.0,12.0,25805,16.0
66796f6a50ac90662e958273,5,other,2,62a3be0d93b8dd1e69b4317d,1.0,8.0,25805,5.0
66796f6a50ac90662e958273,5,other,3,5ba248657b196f0001967f28,1.0,1.0,25805,9.0
66796f6a50ac90662e958273,5,other,4,608ee3228c29d0e808cc35e3,0.0,11.0,25805,16.0
66796f6a50ac90662e958273,15,self,1,66796f6a50ac90662e958273,0.0,12.0,25815,16.0
66796f6a50ac90662e958273,15,other,2,65fb799d1bb244733095cf20,1.0,1.0,25815,5.0
66796f6a50ac90662e958273,15,other,3,61fa9085d42cb19beec4915d,1.0,29.0,25815,18.0
66796f6a50ac90662e958273,15,other,4,63d161e70272bba9f3f70980,0.0,16.0,25815,16.0
66796f6a50ac90662e958273,19,self,1,66796f6a50ac90662e958273,0.0,12.0,25819,16.0
66796f6a50ac90662e958273,19,other,2,641a43f78351cc4fefe31190,1.0,8.0,25819,7.0
66796f6a50ac90662e958273,19,other,3,6148beccb767e62c451ce7bc,1.0,12.0,25819,14.0
66796f6a50ac90662e958273,19,other,4,67fb712344e93ae6c23a6805,0.0,2.0,25819,9.0
66798512ca5cefed438180bc,4,self,1,66798512ca5cefed438180bc,0.0,13.0,25824,18.0
66798512ca5cefed438180bc,4,other,2,676054fd8c08c71e4bb7c969,1.0,12.0,25824,16.0
66798512ca5cefed438180bc,4,other,3,5eab170759f5390b776df5a1,1.0,18.0,25824,16.0
66798512ca5cefed438180bc,4,other,4,5858c6178604ae000165e66a,0.0,12.0,25824,10.0
66798cc98973f70b7de20460,4,self,1,66798cc98973f70b7de20460,0.0,16.0,25844,15.0
66798cc98973f70b7de20460,4,other,2,5f85f217f845b10f388f2ce7,1.0,17.0,25844,8.0
66798cc98973f70b7de20460,4,other,3,66edc72a30ec9b38153f1b50,1.0,12.0,25844,16.0
66798cc98973f70b7de20460,4,other,4,6672d841976c5e0961cc8883,0.0,20.0,25844,29.0
667a3ea3429027d377819d6a,10,self,1,667a3ea3429027d377819d6a,1.0,12.0,25870,9.0
667a3ea3429027d377819d6a,10,other,2,615875cd00a23fb41e865fc0,1.0,11.0,25870,11.0
667a3ea3429027d377819d6a,10,other,3,606cf604adbb6982bb382881,0.0,8.0,25870,14.0
667a3ea3429027d377819d6a,10,other,4,5ef7c6094ffead5091899f98,0.0,20.0,25870,19.0
667af145fa8225b6be0e79b8,4,self,1,667af145fa8225b6be0e79b8,0.0,7.0,25924,9.0
667af145fa8225b6be0e79b8,4,other,2,5855b89fee6ade0001fa2f45,1.0,1.0,25924,9.0
667af145fa8225b6be0e79b8,4,other,3,5eac3dc896a6242689110c31,1.0,8.0,25924,9.0
667af145fa8225b6be0e79b8,4,other,4,61329bcf0acf6721508f7ed1,0.0,14.0,25924,10.0
667af145fa8225b6be0e79b8,8,self,1,667af145fa8225b6be0e79b8,0.0,7.0,25928,9.0
667af145fa8225b6be0e79b8,8,other,2,5ea196f089935b04d2ee69d9,1.0,4.0,25928,8.0
667af145fa8225b6be0e79b8,8,other,3,5cb77fa063c0780017857c2e,1.0,16.0,25928,14.0
667af145fa8225b6be0e79b8,8,other,4,605269ed69c7aac84a09dc72,0.0,11.0,25928,12.0
667af145fa8225b6be0e79b8,16,self,1,667af145fa8225b6be0e79b8,0.0,7.0,25936,9.0
667af145fa8225b6be0e79b8,16,other,2,67c884eb5f8d6be1e033a0ea,1.0,11.0,25936,5.0
667af145fa8225b6be0e79b8,16,other,3,64d1362c539c9befa2bfc914,1.0,4.0,25936,9.0
667af145fa8225b6be0e79b8,16,other,4,669d6e67b980bf3846b82e8f,0.0,0.0,25936,10.0
667af145fa8225b6be0e79b8,18,self,1,667af145fa8225b6be0e79b8,0.0,7.0,25938,9.0
667af145fa8225b6be0e79b8,18,other,2,5f1b2816e83bcd2d4563a28b,1.0,7.0,25938,11.0
667af145fa8225b6be0e79b8,18,other,3,63d29a1e50cf0f82998d2564,1.0,16.0,25938,13.0
667af145fa8225b6be0e79b8,18,other,4,6609c596ac6ba651a47a15de,0.0,19.0,25938,18.0
667af145fa8225b6be0e79b8,20,self,1,667af145fa8225b6be0e79b8,0.0,7.0,25940,9.0
667af145fa8225b6be0e79b8,20,other,2,5dcf402982569a08ddd84086,1.0,16.0,25940,14.0
667af145fa8225b6be0e79b8,20,other,3,6650f47bc2ef800182aa05f8,1.0,2.0,25940,8.0
667af145fa8225b6be0e79b8,20,other,4,62b43d3e4927e5aa132d760f,0.0,12.0,25940,12.0
667b36a0609df7ce1b55b889,7,self,1,667b36a0609df7ce1b55b889,0.0,25.0,25947,19.0
667b36a0609df7ce1b55b889,7,other,2,64481bca476d6bfbae2066e2,1.0,17.0,25947,10.0
667b36a0609df7ce1b55b889,7,other,3,670ff7a65beb0c8e83fe3fa3,1.0,9.0,25947,8.0
667b36a0609df7ce1b55b889,7,other,4,5ade0203066c510001d42abf,0.0,18.0,25947,16.0
667b36a0609df7ce1b55b889,10,self,1,667b36a0609df7ce1b55b889,0.0,25.0,25950,19.0
667b36a0609df7ce1b55b889,10,other,2,60db380112e336c6450e22ce,1.0,10.0,25950,3.0
667b36a0609df7ce1b55b889,10,other,3,6156e5a04232a8cff11724d6,1.0,16.0,25950,13.0
667b36a0609df7ce1b55b889,10,other,4,5ee22888962eba660d273581,0.0,14.0,25950,11.0
667c2175b570aa694ce2f63c,5,self,1,667c2175b570aa694ce2f63c,0.0,11.0,25965,16.0
667c2175b570aa694ce2f63c,5,other,2,5e28b99e1aacba092acd8cbd,1.0,0.0,25965,20.0
667c2175b570aa694ce2f63c,5,other,3,55d0761e34e9060012e5782a,1.0,4.0,25965,11.0
667c2175b570aa694ce2f63c,5,other,4,67eee89119de070d8b864f60,0.0,11.0,25965,15.0
667e000c4bfb9ea4c3e01d66,13,self,1,667e000c4bfb9ea4c3e01d66,1.0,10.0,26033,10.0
667e000c4bfb9ea4c3e01d66,13,other,2,5d920df12b679a00182bbc73,1.0,13.0,26033,12.0
667e000c4bfb9ea4c3e01d66,13,other,3,5b9e9390864aa900018eb8f0,0.0,20.0,26033,17.0
667e000c4bfb9ea4c3e01d66,13,other,4,66e40208442e7106cd47bfc7,0.0,24.0,26033,17.0
667eb91e3db4b82021840853,3,self,1,667eb91e3db4b82021840853,1.0,9.0,26043,22.0
667eb91e3db4b82021840853,3,other,2,678c712ee0a31cf51476dfca,1.0,16.0,26043,12.0
667eb91e3db4b82021840853,3,other,3,6629396278644f7ca5e5d017,0.0,6.0,26043,9.0
667eb91e3db4b82021840853,3,other,4,653bee4e20de33bbd08c46c5,0.0,14.0,26043,16.0
668173a56ae4ada528986b1d,12,self,1,668173a56ae4ada528986b1d,1.0,25.0,26092,24.0
668173a56ae4ada528986b1d,12,other,2,677c01af998cc4cb005028ad,1.0,3.0,26092,6.0
668173a56ae4ada528986b1d,12,other,3,62989737409d018c733483c1,0.0,8.0,26092,13.0
668173a56ae4ada528986b1d,12,other,4,5a00f2cdff266c0001d1f42c,0.0,16.0,26092,20.0
668173a56ae4ada528986b1d,15,self,1,668173a56ae4ada528986b1d,1.0,25.0,26095,24.0
668173a56ae4ada528986b1d,15,other,2,66927c8697feb698d0b600d1,1.0,16.0,26095,15.0
668173a56ae4ada528986b1d,15,other,3,67315b4e31944aa214d27e9d,0.0,8.0,26095,10.0
668173a56ae4ada528986b1d,15,other,4,67ad9cde850439d06ff7f242,0.0,15.0,26095,21.0
668173a56ae4ada528986b1d,16,self,1,668173a56ae4ada528986b1d,1.0,25.0,26096,24.0
668173a56ae4ada528986b1d,16,other,2,6734ce376321fc2b50bc7074,1.0,4.0,26096,1.0
668173a56ae4ada528986b1d,16,other,3,63d7c4b261d53fcf4f1dcd64,0.0,18.0,26096,24.0
668173a56ae4ada528986b1d,16,other,4,6655dd1f8fa8f27af8a98304,0.0,16.0,26096,17.0
6682d41e32aa697a30130af0,7,self,1,6682d41e32aa697a30130af0,1.0,7.0,26107,5.0
6682d41e32aa697a30130af0,7,other,2,6728332a47c2c47f9daef26f,1.0,16.0,26107,17.0
6682d41e32aa697a30130af0,7,other,3,60b36a96346dd63678e6cfe6,0.0,16.0,26107,23.0
6682d41e32aa697a30130af0,7,other,4,5d24e4ba5018e900158d31f1,0.0,28.0,26107,21.0
6682d41e32aa697a30130af0,15,self,1,6682d41e32aa697a30130af0,1.0,7.0,26115,5.0
6682d41e32aa697a30130af0,15,other,2,65c14eb17b368ee1ed773e03,1.0,12.0,26115,9.0
6682d41e32aa697a30130af0,15,other,3,6634e135e21f434b89972882,0.0,12.0,26115,14.0
6682d41e32aa697a30130af0,15,other,4,67caeaa82e0cffb7a2935227,0.0,3.0,26115,11.0
6684b71a5615b7da8e59ce56,7,self,1,6684b71a5615b7da8e59ce56,1.0,22.0,26127,16.0
6684b71a5615b7da8e59ce56,7,other,2,672a21a1fce596116252b41e,1.0,8.0,26127,8.0
6684b71a5615b7da8e59ce56,7,other,3,63e554b7631c8ec3ce069e32,0.0,20.0,26127,18.0
6684b71a5615b7da8e59ce56,7,other,4,5685850c333cbd000d4e042f,0.0,21.0,26127,21.0
6684b71a5615b7da8e59ce56,14,self,1,6684b71a5615b7da8e59ce56,1.0,22.0,26134,16.0
6684b71a5615b7da8e59ce56,14,other,2,63d405a83ba700cc5bb12e9c,1.0,17.0,26134,17.0
6684b71a5615b7da8e59ce56,14,other,3,5f96d1d4c1cd3c03ad1ee15c,0.0,10.0,26134,16.0
6684b71a5615b7da8e59ce56,14,other,4,6698a55a16b90d04fa1af2bd,0.0,24.0,26134,24.0
6684b71a5615b7da8e59ce56,20,self,1,6684b71a5615b7da8e59ce56,1.0,22.0,26140,16.0
6684b71a5615b7da8e59ce56,20,other,2,67e80fd6ef19882569cf49d3,1.0,19.0,26140,18.0
6684b71a5615b7da8e59ce56,20,other,3,60fd00abc3abd38c0302fde8,0.0,14.0,26140,20.0
6684b71a5615b7da8e59ce56,20,other,4,63e81d80c54091b652b1b8e7,0.0,18.0,26140,17.0
668995230e63dee5f0165681,8,self,1,668995230e63dee5f0165681,1.0,20.0,26248,11.0
668995230e63dee5f0165681,8,other,2,66c62c2a76d4919685cd6767,1.0,17.0,26248,19.0
668995230e63dee5f0165681,8,other,3,60ede71b5261321901a2a31c,0.0,16.0,26248,13.0
668995230e63dee5f0165681,8,other,4,5f6e71ea9dd5cb3b2bdb45b6,0.0,13.0,26248,14.0
668c1b6dc2285a0b0ce0add5,4,self,1,668c1b6dc2285a0b0ce0add5,1.0,14.0,26284,15.0
668c1b6dc2285a0b0ce0add5,4,other,2,5e6a923f59a3bd04d5edc606,1.0,17.0,26284,18.0
668c1b6dc2285a0b0ce0add5,4,other,3,642c017454a2ad4b871f3dbf,0.0,16.0,26284,12.0
668c1b6dc2285a0b0ce0add5,4,other,4,60bf8f44f1188266dd8a3e85,0.0,24.0,26284,16.0
668c1b6dc2285a0b0ce0add5,14,self,1,668c1b6dc2285a0b0ce0add5,1.0,14.0,26294,15.0
668c1b6dc2285a0b0ce0add5,14,other,2,5d5a48a67ca41f0001e97f8b,1.0,16.0,26294,19.0
668c1b6dc2285a0b0ce0add5,14,other,3,5b07b71c68eff50001d1c859,0.0,14.0,26294,16.0
668c1b6dc2285a0b0ce0add5,14,other,4,5f96d1d4c1cd3c03ad1ee15c,0.0,10.0,26294,16.0
668c2c3b1c453af22c1e1e31,11,self,1,668c2c3b1c453af22c1e1e31,1.0,19.0,26311,24.0
668c2c3b1c453af22c1e1e31,11,other,2,671936053fd2824bcf9fe04b,1.0,3.0,26311,4.0
668c2c3b1c453af22c1e1e31,11,other,3,5d953b22b7555900159f2913,0.0,12.0,26311,19.0
668c2c3b1c453af22c1e1e31,11,other,4,6773f2c6f59707888206bdd1,0.0,8.0,26311,10.0
668c2c3b1c453af22c1e1e31,13,self,1,668c2c3b1c453af22c1e1e31,1.0,19.0,26313,24.0
668c2c3b1c453af22c1e1e31,13,other,2,681561229a9918d9b5803acc,1.0,16.0,26313,1.0
668c2c3b1c453af22c1e1e31,13,other,3,667b36a0609df7ce1b55b889,0.0,25.0,26313,19.0
668c2c3b1c453af22c1e1e31,13,other,4,6538fe8110063843a9f5c2b6,0.0,3.0,26313,3.0
668c65ea561d096dc00ce7e9,5,self,1,668c65ea561d096dc00ce7e9,0.0,24.0,26325,16.0
668c65ea561d096dc00ce7e9,5,other,2,5c1ebf5f658e9200017ae7e9,1.0,9.0,26325,12.0
668c65ea561d096dc00ce7e9,5,other,3,672d6ce84b0aed8071b170a5,1.0,18.0,26325,11.0
668c65ea561d096dc00ce7e9,5,other,4,6719170f0f458ffa099009cd,0.0,8.0,26325,5.0
668c65ea561d096dc00ce7e9,13,self,1,668c65ea561d096dc00ce7e9,0.0,24.0,26333,16.0
668c65ea561d096dc00ce7e9,13,other,2,5fef3d23f0b5edd6fabe8e64,1.0,17.0,26333,16.0
668c65ea561d096dc00ce7e9,13,other,3,5b2122b319113a0001168cd4,1.0,9.0,26333,11.0
668c65ea561d096dc00ce7e9,13,other,4,63871b9b1348fcc9c891db01,0.0,19.0,26333,17.0
668d16ae27f1ad4461650742,14,self,1,668d16ae27f1ad4461650742,0.0,19.0,26374,18.0
668d16ae27f1ad4461650742,14,other,2,6669f1177ad1748a9dc8da4b,1.0,22.0,26374,10.0
668d16ae27f1ad4461650742,14,other,3,66be5fde262694b5262482b1,1.0,13.0,26374,17.0
668d16ae27f1ad4461650742,14,other,4,6772ec8f30df005ab821178c,0.0,16.0,26374,16.0
668d6f9d885ecaee43b116ab,9,self,1,668d6f9d885ecaee43b116ab,0.0,15.0,26409,16.0
668d6f9d885ecaee43b116ab,9,other,2,6148beccb767e62c451ce7bc,1.0,12.0,26409,14.0
668d6f9d885ecaee43b116ab,9,other,3,59f8a0bbf4217300016cc405,1.0,18.0,26409,19.0
668d6f9d885ecaee43b116ab,9,other,4,5cd1a622fa7c8b0001a48044,0.0,16.0,26409,18.0
66908eecc135ec77905c2810,8,self,1,66908eecc135ec77905c2810,0.0,9.0,26568,11.0
66908eecc135ec77905c2810,8,other,2,6671d8bf6e4bc111961295a1,1.0,12.0,26568,8.0
66908eecc135ec77905c2810,8,other,3,6701206a49833a2065d10763,1.0,4.0,26568,9.0
66908eecc135ec77905c2810,8,other,4,5702fde2d4cf7f00089471f3,0.0,16.0,26568,17.0
6691641b6724549f46d3d8d3,14,self,1,6691641b6724549f46d3d8d3,1.0,8.0,26614,11.0
6691641b6724549f46d3d8d3,14,other,2,65aea6a1b96c1e3bfcdb2181,1.0,8.0,26614,4.0
6691641b6724549f46d3d8d3,14,other,3,5c93bcb1b2648a0015255c4b,0.0,9.0,26614,13.0
6691641b6724549f46d3d8d3,14,other,4,5797564b70c76a0001245734,0.0,13.0,26614,18.0
66928f171518765c5f8cea5b,2,self,1,66928f171518765c5f8cea5b,1.0,1.0,26662,10.0
66928f171518765c5f8cea5b,2,other,2,6691641b6724549f46d3d8d3,1.0,8.0,26662,11.0
66928f171518765c5f8cea5b,2,other,3,5f8de19aaf4fc8163abd08f9,0.0,5.0,26662,5.0
66928f171518765c5f8cea5b,2,other,4,66a6563f5b48ef9ac1d41881,0.0,0.0,26662,5.0
66928f171518765c5f8cea5b,13,self,1,66928f171518765c5f8cea5b,1.0,1.0,26673,10.0
66928f171518765c5f8cea5b,13,other,2,60e49d8302404edb1e133168,1.0,18.0,26673,13.0
66928f171518765c5f8cea5b,13,other,3,63483c4522d65d46028da7a7,0.0,17.0,26673,19.0
66928f171518765c5f8cea5b,13,other,4,6143af8721d1445864c4f6c8,0.0,5.0,26673,11.0
66928f171518765c5f8cea5b,16,self,1,66928f171518765c5f8cea5b,1.0,1.0,26676,10.0
66928f171518765c5f8cea5b,16,other,2,613b007b4e9cc4ef5a63f334,1.0,10.0,26676,19.0
66928f171518765c5f8cea5b,16,other,3,5f02f1d7afde3746b6ce5117,0.0,11.0,26676,19.0
66928f171518765c5f8cea5b,16,other,4,5de398993cf27939a25abc5f,0.0,8.0,26676,20.0
669596ba18d75e2e696b992e,11,self,1,669596ba18d75e2e696b992e,1.0,19.0,26771,16.0
669596ba18d75e2e696b992e,11,other,2,6674d66310b6684b86ddf7b9,1.0,8.0,26771,6.0
669596ba18d75e2e696b992e,11,other,3,653946cbef89fd6232a8ec50,0.0,17.0,26771,17.0
669596ba18d75e2e696b992e,11,other,4,63eeaf9f8433c653dedbd574,0.0,11.0,26771,6.0
6697c11cb2a452583e99cd86,1,self,1,6697c11cb2a452583e99cd86,0.0,32.0,26781,23.0
6697c11cb2a452583e99cd86,1,other,2,5e0571b7e297d5fa932cf415,1.0,17.0,26781,13.0
6697c11cb2a452583e99cd86,1,other,3,5f60fa0a0543ce036fa68ba0,1.0,5.0,26781,6.0
6697c11cb2a452583e99cd86,1,other,4,67203bff74dea717e8b9e1ea,0.0,20.0,26781,20.0
6697c11cb2a452583e99cd86,2,self,1,6697c11cb2a452583e99cd86,0.0,32.0,26782,23.0
6697c11cb2a452583e99cd86,2,other,2,6724d3673a5391f6e028d659,1.0,4.0,26782,9.0
6697c11cb2a452583e99cd86,2,other,3,6631d770e613584c0d5cfdba,1.0,10.0,26782,14.0
6697c11cb2a452583e99cd86,2,other,4,5ebb26c872b18c0f47c14bb4,0.0,9.0,26782,16.0
6697c11cb2a452583e99cd86,5,self,1,6697c11cb2a452583e99cd86,0.0,32.0,26785,23.0
6697c11cb2a452583e99cd86,5,other,2,5d24e7aec81128001721628f,1.0,8.0,26785,4.0
6697c11cb2a452583e99cd86,5,other,3,6159ffae3dec28bbdc15a715,1.0,8.0,26785,14.0
6697c11cb2a452583e99cd86,5,other,4,668a922e45bcf95efdf3de93,0.0,11.0,26785,13.0
6697c11cb2a452583e99cd86,6,self,1,6697c11cb2a452583e99cd86,0.0,32.0,26786,23.0
6697c11cb2a452583e99cd86,6,other,2,669e61adbefb042cfd423117,1.0,16.0,26786,18.0
6697c11cb2a452583e99cd86,6,other,3,66479cbe39361370f0d85484,1.0,16.0,26786,16.0
6697c11cb2a452583e99cd86,6,other,4,60743e408fd768b1a939ed4c,0.0,11.0,26786,8.0
6697c11cb2a452583e99cd86,9,self,1,6697c11cb2a452583e99cd86,0.0,32.0,26789,23.0
6697c11cb2a452583e99cd86,9,other,2,59d68c3fe776fd00015ec519,1.0,26.0,26789,19.0
6697c11cb2a452583e99cd86,9,other,3,56cf595331a5bc000be1c8c9,1.0,16.0,26789,8.0
6697c11cb2a452583e99cd86,9,other,4,5e0a8de6b6385332d7cae588,0.0,11.0,26789,17.0
6697c11cb2a452583e99cd86,12,self,1,6697c11cb2a452583e99cd86,0.0,32.0,26792,23.0
6697c11cb2a452583e99cd86,12,other,2,5e46ff334267181cd82562e0,1.0,20.0,26792,15.0
6697c11cb2a452583e99cd86,12,other,3,665722639f7a09a8815bf198,1.0,16.0,26792,10.0
6697c11cb2a452583e99cd86,12,other,4,60febe4bb7d1055665da0413,0.0,23.0,26792,16.0
6697c11cb2a452583e99cd86,13,self,1,6697c11cb2a452583e99cd86,0.0,32.0,26793,23.0
6697c11cb2a452583e99cd86,13,other,2,60f1fa8f73bf9815c88dc8cb,1.0,11.0,26793,9.0
6697c11cb2a452583e99cd86,13,other,3,5b99663d4cefb60001e7a214,1.0,16.0,26793,20.0
6697c11cb2a452583e99cd86,13,other,4,63f79c4cffb2e2a2ed84f060,0.0,8.0,26793,13.0
6697c11cb2a452583e99cd86,18,self,1,6697c11cb2a452583e99cd86,0.0,32.0,26798,23.0
6697c11cb2a452583e99cd86,18,other,2,654514db35400eff3daddcf5,1.0,16.0,26798,17.0
6697c11cb2a452583e99cd86,18,other,3,5b29ed150ec82d0001d26cf8,1.0,8.0,26798,12.0
6697c11cb2a452583e99cd86,18,other,4,641359b5040c453203e2c088,0.0,8.0,26798,0.0
669a88248079035630cd7587,3,self,1,669a88248079035630cd7587,0.0,19.0,26823,17.0
669a88248079035630cd7587,3,other,2,67853d0565a82363289d36c4,1.0,8.0,26823,5.0
669a88248079035630cd7587,3,other,3,5ca4b562613eb10015b6e5f8,1.0,8.0,26823,4.0
669a88248079035630cd7587,3,other,4,63483c4522d65d46028da7a7,0.0,17.0,26823,19.0
669bed74eea03d0e9b06a254,1,self,1,669bed74eea03d0e9b06a254,1.0,15.0,26841,16.0
669bed74eea03d0e9b06a254,1,other,2,5bf408f7f35e0c000101693a,1.0,10.0,26841,10.0
669bed74eea03d0e9b06a254,1,other,3,67ec9fc858f4594fd069d5ff,0.0,8.0,26841,19.0
669bed74eea03d0e9b06a254,1,other,4,63f77983c22478f8fb1d79a8,0.0,24.0,26841,29.0
669bed74eea03d0e9b06a254,14,self,1,669bed74eea03d0e9b06a254,1.0,15.0,26854,16.0
669bed74eea03d0e9b06a254,14,other,2,5da5d4ea6f5d4400138def3f,1.0,9.0,26854,12.0
669bed74eea03d0e9b06a254,14,other,3,5ea057b821f4e400081b71a7,0.0,13.0,26854,22.0
669bed74eea03d0e9b06a254,14,other,4,653d14bc14d143d888af01b0,0.0,16.0,26854,13.0
669bed74eea03d0e9b06a254,16,self,1,669bed74eea03d0e9b06a254,1.0,15.0,26856,16.0
669bed74eea03d0e9b06a254,16,other,2,5cf66ed8912f0b0017c50b52,1.0,16.0,26856,8.0
669bed74eea03d0e9b06a254,16,other,3,66ad3561c1e5c019916365fb,0.0,11.0,26856,16.0
669bed74eea03d0e9b06a254,16,other,4,66a6563f5b48ef9ac1d41881,0.0,0.0,26856,5.0
669d6298fbea0ccd92e79ecb,5,self,1,669d6298fbea0ccd92e79ecb,1.0,8.0,26885,13.0
669d6298fbea0ccd92e79ecb,5,other,2,6148beccb767e62c451ce7bc,1.0,12.0,26885,14.0
669d6298fbea0ccd92e79ecb,5,other,3,5c9f4ad2bbce4600016f3771,0.0,17.0,26885,25.0
669d6298fbea0ccd92e79ecb,5,other,4,5858c6178604ae000165e66a,0.0,12.0,26885,10.0
669d6e67b980bf3846b82e8f,7,self,1,669d6e67b980bf3846b82e8f,0.0,0.0,26907,10.0
669d6e67b980bf3846b82e8f,7,other,2,66e4bb13a321cf28dda094ca,1.0,12.0,26907,8.0
669d6e67b980bf3846b82e8f,7,other,3,65a5418510f8dd6605fd790d,1.0,14.0,26907,16.0
669d6e67b980bf3846b82e8f,7,other,4,65e9b627677d2452e3c72b89,0.0,12.0,26907,17.0
669d6e67b980bf3846b82e8f,20,self,1,669d6e67b980bf3846b82e8f,0.0,0.0,26920,10.0
669d6e67b980bf3846b82e8f,20,other,2,682873b45f6f878f3e09f079,1.0,12.0,26920,20.0
669d6e67b980bf3846b82e8f,20,other,3,668c1b6dc2285a0b0ce0add5,1.0,14.0,26920,15.0
669d6e67b980bf3846b82e8f,20,other,4,63d3f951dd046a4bc2b9cea9,0.0,13.0,26920,10.0
66a0927ece1a5dca873770d2,6,self,1,66a0927ece1a5dca873770d2,1.0,16.0,26946,17.0
66a0927ece1a5dca873770d2,6,other,2,5f96cb0772cd93035c5914fb,1.0,3.0,26946,10.0
66a0927ece1a5dca873770d2,6,other,3,665e26502758155528c8793e,0.0,11.0,26946,12.0
66a0927ece1a5dca873770d2,6,other,4,5c636bc3302b1e0001e69dce,0.0,21.0,26946,18.0
66a0d2b35975ab1d10e81ebb,2,self,1,66a0d2b35975ab1d10e81ebb,0.0,24.0,26962,20.0
66a0d2b35975ab1d10e81ebb,2,other,2,5c56025fcb61950001038a76,1.0,12.0,26962,8.0
66a0d2b35975ab1d10e81ebb,2,other,3,58ad509da7d4580001044215,1.0,8.0,26962,10.0
66a0d2b35975ab1d10e81ebb,2,other,4,62029a55ef1cb18a1337c61a,0.0,16.0,26962,17.0
66a0d2b35975ab1d10e81ebb,16,self,1,66a0d2b35975ab1d10e81ebb,0.0,24.0,26976,20.0
66a0d2b35975ab1d10e81ebb,16,other,2,61bb396840db417c1a138e3d,1.0,13.0,26976,12.0
66a0d2b35975ab1d10e81ebb,16,other,3,64d1362c539c9befa2bfc914,1.0,4.0,26976,9.0
66a0d2b35975ab1d10e81ebb,16,other,4,5f622fbe1fbbd21051cb28b3,0.0,17.0,26976,13.0
66a35864d80b66f563731c3e,3,self,1,66a35864d80b66f563731c3e,1.0,8.0,27023,11.0
66a35864d80b66f563731c3e,3,other,2,6777f3e9760d3844217b5ea8,1.0,17.0,27023,18.0
66a35864d80b66f563731c3e,3,other,3,667af145fa8225b6be0e79b8,0.0,7.0,27023,9.0
66a35864d80b66f563731c3e,3,other,4,56d84c584a9be1000a535f9c,0.0,13.0,27023,8.0
66a426bcd6c66d59e395617b,19,self,1,66a426bcd6c66d59e395617b,1.0,11.0,27079,18.0
66a426bcd6c66d59e395617b,19,other,2,588938e3b08cc30001b77771,1.0,17.0,27079,16.0
66a426bcd6c66d59e395617b,19,other,3,5f6dfe80423f152bb7a96a6f,0.0,9.0,27079,17.0
66a426bcd6c66d59e395617b,19,other,4,66095f32c9a782ed6acaf8fb,0.0,17.0,27079,16.0
66a6563f5b48ef9ac1d41881,6,self,1,66a6563f5b48ef9ac1d41881,0.0,0.0,27106,5.0
66a6563f5b48ef9ac1d41881,6,other,2,55bb9ae7fdf99b26d27fda01,1.0,17.0,27106,17.0
66a6563f5b48ef9ac1d41881,6,other,3,681269c2ef9ca43142682cf6,1.0,8.0,27106,11.0
66a6563f5b48ef9ac1d41881,6,other,4,5eecb9e2c93c1e0677084323,0.0,16.0,27106,16.0
66a82ba9951d0f5503746ec3,3,self,1,66a82ba9951d0f5503746ec3,1.0,24.0,27123,14.0
66a82ba9951d0f5503746ec3,3,other,2,62b146e365eca239ef0dbbfb,1.0,10.0,27123,13.0
66a82ba9951d0f5503746ec3,3,other,3,5aa04de4dbdb470001ef1dd5,0.0,10.0,27123,16.0
66a82ba9951d0f5503746ec3,3,other,4,63a9a8f2f098b7e45bd03721,0.0,18.0,27123,12.0
66a8f82143da40a6b126975e,6,self,1,66a8f82143da40a6b126975e,0.0,16.0,27166,18.0
66a8f82143da40a6b126975e,6,other,2,66a43750c7952eff6a2099dd,1.0,9.0,27166,2.0
66a8f82143da40a6b126975e,6,other,3,59d4c100078dbe0001951236,1.0,9.0,27166,16.0
66a8f82143da40a6b126975e,6,other,4,666f9b23519a8d810a4c5b8a,0.0,5.0,27166,13.0
66a90e7caa371f25183bdce2,1,self,1,66a90e7caa371f25183bdce2,1.0,21.0,27181,17.0
66a90e7caa371f25183bdce2,1,other,2,5b0710e7a84dcf0001beee8a,1.0,3.0,27181,10.0
66a90e7caa371f25183bdce2,1,other,3,60cda1a1667997365f21e809,0.0,1.0,27181,4.0
66a90e7caa371f25183bdce2,1,other,4,66fd1af87dccbd508244cd7e,0.0,13.0,27181,16.0
66a90e7caa371f25183bdce2,6,self,1,66a90e7caa371f25183bdce2,1.0,21.0,27186,17.0
66a90e7caa371f25183bdce2,6,other,2,5a9d223b89de8200013f1893,1.0,9.0,27186,16.0
66a90e7caa371f25183bdce2,6,other,3,5d514a73f20feb00160b5e0e,0.0,10.0,27186,16.0
66a90e7caa371f25183bdce2,6,other,4,6912179bef81177cf16f4c4c,0.0,16.0,27186,9.0
66a9843c53827f826e9738ed,9,self,1,66a9843c53827f826e9738ed,1.0,1.0,27229,9.0
66a9843c53827f826e9738ed,9,other,2,5fbfa186195ef82d092dd53c,1.0,10.0,27229,8.0
66a9843c53827f826e9738ed,9,other,3,6658b14931847f8a05c3d266,0.0,20.0,27229,17.0
66a9843c53827f826e9738ed,9,other,4,5ea19dcac30e0005e6e6b6e3,0.0,9.0,27229,13.0
66aa8dcfbc121dcef0433ecf,2,self,1,66aa8dcfbc121dcef0433ecf,1.0,2.0,27262,8.0
66aa8dcfbc121dcef0433ecf,2,other,2,5c927effc719fc00157df08d,1.0,16.0,27262,9.0
66aa8dcfbc121dcef0433ecf,2,other,3,5f51529b15e36638fe535eae,0.0,24.0,27262,24.0
66aa8dcfbc121dcef0433ecf,2,other,4,67bf2c95cf70e4409f3fb705,0.0,16.0,27262,17.0
66abd7d501b21036f9f9994a,8,self,1,66abd7d501b21036f9f9994a,1.0,7.0,27348,8.0
66abd7d501b21036f9f9994a,8,other,2,6634e0e2300e0d377e2cf876,1.0,9.0,27348,11.0
66abd7d501b21036f9f9994a,8,other,3,677c3d0ebaa424fbb517455b,0.0,17.0,27348,17.0
66abd7d501b21036f9f9994a,8,other,4,674a0461b10836f07aa6d857,0.0,12.0,27348,8.0
66acbaf5c803ca1a1ef3f056,6,self,1,66acbaf5c803ca1a1ef3f056,0.0,0.0,27366,8.0
66acbaf5c803ca1a1ef3f056,6,other,2,5a9bcd3f1eda410001366c55,1.0,20.0,27366,14.0
66acbaf5c803ca1a1ef3f056,6,other,3,5c8d4db8c6eef00001bd2510,1.0,14.0,27366,9.0
66acbaf5c803ca1a1ef3f056,6,other,4,5eac3c1950fecd25d2d6d5ed,0.0,12.0,27366,17.0
66acbaf5c803ca1a1ef3f056,20,self,1,66acbaf5c803ca1a1ef3f056,0.0,0.0,27380,8.0
66acbaf5c803ca1a1ef3f056,20,other,2,5e94acdc3d1b5780b00d12ff,1.0,11.0,27380,6.0
66acbaf5c803ca1a1ef3f056,20,other,3,5d95fe287f664d0016591f9b,1.0,17.0,27380,16.0
66acbaf5c803ca1a1ef3f056,20,other,4,67254fcd428ad2813fcdcd94,0.0,10.0,27380,16.0
66ae2a8f58c3485c675da734,11,self,1,66ae2a8f58c3485c675da734,0.0,1.0,27451,0.0
66ae2a8f58c3485c675da734,11,other,2,66479cbe39361370f0d85484,1.0,16.0,27451,16.0
66ae2a8f58c3485c675da734,11,other,3,67019da3d61ec847660f1821,1.0,13.0,27451,14.0
66ae2a8f58c3485c675da734,11,other,4,6278270bfb2439bf3abf192d,0.0,18.0,27451,8.0
66ae2a8f58c3485c675da734,17,self,1,66ae2a8f58c3485c675da734,0.0,1.0,27457,0.0
66ae2a8f58c3485c675da734,17,other,2,672d22ab9bf881348b21f34b,1.0,26.0,27457,17.0
66ae2a8f58c3485c675da734,17,other,3,5cce9b46b09ec90015f3ef05,1.0,9.0,27457,19.0
66ae2a8f58c3485c675da734,17,other,4,66f283b0d2a9a03573017956,0.0,11.0,27457,8.0
66ae2a8f58c3485c675da734,19,self,1,66ae2a8f58c3485c675da734,0.0,1.0,27459,0.0
66ae2a8f58c3485c675da734,19,other,2,5f4738bfa043201203a27b4b,1.0,12.0,27459,16.0
66ae2a8f58c3485c675da734,19,other,3,652d8afc5aaab078ef2baeb3,1.0,7.0,27459,13.0
66ae2a8f58c3485c675da734,19,other,4,66732d7c4a68a05d53e7cbaa,0.0,11.0,27459,13.0
66af9a2fc6601bff708bf1b1,2,self,1,66af9a2fc6601bff708bf1b1,0.0,22.0,27482,17.0
66af9a2fc6601bff708bf1b1,2,other,2,5f3ac1732efa0a74f975b1a8,1.0,3.0,27482,14.0
66af9a2fc6601bff708bf1b1,2,other,3,652177a98948564c40f43f99,1.0,17.0,27482,21.0
66af9a2fc6601bff708bf1b1,2,other,4,66d8b37cdcdd34adcd38d51b,0.0,24.0,27482,18.0
66af9a2fc6601bff708bf1b1,3,self,1,66af9a2fc6601bff708bf1b1,0.0,22.0,27483,17.0
66af9a2fc6601bff708bf1b1,3,other,2,66e77c1f53b8d806313b5314,1.0,18.0,27483,20.0
66af9a2fc6601bff708bf1b1,3,other,3,6650ac1fae8eede91e78d6ab,1.0,14.0,27483,12.0
66af9a2fc6601bff708bf1b1,3,other,4,615ec4f34cb81d7e58fa144c,0.0,13.0,27483,9.0
66af9a2fc6601bff708bf1b1,5,self,1,66af9a2fc6601bff708bf1b1,0.0,22.0,27485,17.0
66af9a2fc6601bff708bf1b1,5,other,2,5dd864447beb29822b6c1e86,1.0,16.0,27485,19.0
66af9a2fc6601bff708bf1b1,5,other,3,5cedaba627d8ce00018469bb,1.0,12.0,27485,18.0
66af9a2fc6601bff708bf1b1,5,other,4,66f5cadfe40f1d62e26ffdd0,0.0,15.0,27485,13.0
66af9a2fc6601bff708bf1b1,6,self,1,66af9a2fc6601bff708bf1b1,0.0,22.0,27486,17.0
66af9a2fc6601bff708bf1b1,6,other,2,67019da3d61ec847660f1821,1.0,13.0,27486,14.0
66af9a2fc6601bff708bf1b1,6,other,3,64359e5b9995e7d3b31bc2fc,1.0,16.0,27486,16.0
66af9a2fc6601bff708bf1b1,6,other,4,5fb2a8dc2549858e85afae15,0.0,17.0,27486,19.0
66af9a2fc6601bff708bf1b1,11,self,1,66af9a2fc6601bff708bf1b1,0.0,22.0,27491,17.0
66af9a2fc6601bff708bf1b1,11,other,2,669292033e17ed44f8376cab,1.0,10.0,27491,8.0
66af9a2fc6601bff708bf1b1,11,other,3,65cead31ddb7be095dddd3ee,1.0,16.0,27491,20.0
66af9a2fc6601bff708bf1b1,11,other,4,63d076d846d3d9dc35910778,0.0,19.0,27491,19.0
66b41d5d3c2a978a7aac2264,16,self,1,66b41d5d3c2a978a7aac2264,1.0,3.0,27576,9.0
66b41d5d3c2a978a7aac2264,16,other,2,65df6496db01100e362d8898,1.0,9.0,27576,17.0
66b41d5d3c2a978a7aac2264,16,other,3,6303804fd94877a252e0d82f,0.0,17.0,27576,16.0
66b41d5d3c2a978a7aac2264,16,other,4,67eee89119de070d8b864f60,0.0,11.0,27576,15.0
66b4b315e01eaf4739f7ef6a,15,self,1,66b4b315e01eaf4739f7ef6a,0.0,17.0,27595,14.0
66b4b315e01eaf4739f7ef6a,15,other,2,64359e5b9995e7d3b31bc2fc,1.0,16.0,27595,16.0
66b4b315e01eaf4739f7ef6a,15,other,3,677aa8d8f01b0f81923c3d1c,1.0,4.0,27595,16.0
66b4b315e01eaf4739f7ef6a,15,other,4,6346f29c47d00fd118ae60ba,0.0,8.0,27595,16.0
66b50357f28ed24fa377665b,9,self,1,66b50357f28ed24fa377665b,0.0,3.0,27609,3.0
66b50357f28ed24fa377665b,9,other,2,5b2122b319113a0001168cd4,1.0,9.0,27609,11.0
66b50357f28ed24fa377665b,9,other,3,603f82cb2fafec01e1d6470a,1.0,16.0,27609,11.0
66b50357f28ed24fa377665b,9,other,4,67253674cbd9660a78160144,0.0,9.0,27609,11.0
66b50357f28ed24fa377665b,14,self,1,66b50357f28ed24fa377665b,0.0,3.0,27614,3.0
66b50357f28ed24fa377665b,14,other,2,60e05286953f8b51d4f6661c,1.0,8.0,27614,9.0
66b50357f28ed24fa377665b,14,other,3,55bb9ae7fdf99b26d27fda01,1.0,17.0,27614,17.0
66b50357f28ed24fa377665b,14,other,4,5c608e91001e34000145185a,0.0,18.0,27614,18.0
66b507cc1a7e164991afbe17,3,self,1,66b507cc1a7e164991afbe17,0.0,4.0,27623,8.0
66b507cc1a7e164991afbe17,3,other,2,682cd328bd53185cbbb59840,1.0,10.0,27623,9.0
66b507cc1a7e164991afbe17,3,other,3,6773b840c558767d3804febe,1.0,17.0,27623,14.0
66b507cc1a7e164991afbe17,3,other,4,5ea19dcac30e0005e6e6b6e3,0.0,9.0,27623,13.0
66ba0c9b81da2bf8b7d87021,6,self,1,66ba0c9b81da2bf8b7d87021,1.0,10.0,27706,14.0
66ba0c9b81da2bf8b7d87021,6,other,2,60fe8de5380ae67bf7370ac8,1.0,9.0,27706,11.0
66ba0c9b81da2bf8b7d87021,6,other,3,5abf3b30a3ba7a0001b46efa,0.0,17.0,27706,4.0
66ba0c9b81da2bf8b7d87021,6,other,4,5dd31871c5faa232d3c20365,0.0,18.0,27706,13.0
66bb0ec44b4fa902e18f445c,1,self,1,66bb0ec44b4fa902e18f445c,0.0,24.0,27741,18.0
66bb0ec44b4fa902e18f445c,1,other,2,66058651f9c5fb6a8dba7633,1.0,9.0,27741,16.0
66bb0ec44b4fa902e18f445c,1,other,3,615239af65358edf57e7a095,1.0,8.0,27741,10.0
66bb0ec44b4fa902e18f445c,1,other,4,5d514a73f20feb00160b5e0e,0.0,10.0,27741,16.0
66bb0ec44b4fa902e18f445c,17,self,1,66bb0ec44b4fa902e18f445c,0.0,24.0,27757,18.0
66bb0ec44b4fa902e18f445c,17,other,2,5e2881eaa9af590560d04047,1.0,16.0,27757,10.0
66bb0ec44b4fa902e18f445c,17,other,3,5c0558b8553fb80001191980,1.0,11.0,27757,2.0
66bb0ec44b4fa902e18f445c,17,other,4,605269ed69c7aac84a09dc72,0.0,11.0,27757,12.0
66be5fde262694b5262482b1,12,self,1,66be5fde262694b5262482b1,1.0,13.0,27792,17.0
66be5fde262694b5262482b1,12,other,2,673a98f83ca992e2bdf1d4f3,1.0,9.0,27792,10.0
66be5fde262694b5262482b1,12,other,3,66bcfbf06c786a801543ceca,0.0,10.0,27792,9.0
66be5fde262694b5262482b1,12,other,4,6729bad18d2045651882cfed,0.0,9.0,27792,14.0
66c09873c30bdebfa67284d8,20,self,1,66c09873c30bdebfa67284d8,1.0,10.0,27840,16.0
66c09873c30bdebfa67284d8,20,other,2,5a496776f7b7bc00014e1150,1.0,2.0,27840,4.0
66c09873c30bdebfa67284d8,20,other,3,5b07b71c68eff50001d1c859,0.0,14.0,27840,16.0
66c09873c30bdebfa67284d8,20,other,4,66d31a1b0515fe747830bab9,0.0,15.0,27840,13.0
66c20b634a3b292d25596fbc,10,self,1,66c20b634a3b292d25596fbc,0.0,11.0,27890,9.0
66c20b634a3b292d25596fbc,10,other,2,67be395c30843acc70da3078,1.0,11.0,27890,9.0
66c20b634a3b292d25596fbc,10,other,3,62c9ed717a2882d689eb27c1,1.0,16.0,27890,19.0
66c20b634a3b292d25596fbc,10,other,4,6604553b209208bb096e10ac,0.0,9.0,27890,9.0
66c5118758e462c3fe742d2a,6,self,1,66c5118758e462c3fe742d2a,1.0,14.0,27906,19.0
66c5118758e462c3fe742d2a,6,other,2,61113f20a9497a72b0c1ed6c,1.0,13.0,27906,16.0
66c5118758e462c3fe742d2a,6,other,3,6123eea8454d11a4aab5f42f,0.0,8.0,27906,8.0
66c5118758e462c3fe742d2a,6,other,4,603b9be389c6cf7d0dd74fd1,0.0,8.0,27906,10.0
66c5118758e462c3fe742d2a,9,self,1,66c5118758e462c3fe742d2a,1.0,14.0,27909,19.0
66c5118758e462c3fe742d2a,9,other,2,66e05f2a0ec721282adc76de,1.0,8.0,27909,8.0
66c5118758e462c3fe742d2a,9,other,3,5f6cfa7d98818114a0d8d75e,0.0,21.0,27909,17.0
66c5118758e462c3fe742d2a,9,other,4,648377e2d90103fb05768d81,0.0,16.0,27909,11.0
66c5118758e462c3fe742d2a,11,self,1,66c5118758e462c3fe742d2a,1.0,14.0,27911,19.0
66c5118758e462c3fe742d2a,11,other,2,5e9409cd1dabe7246810c3b6,1.0,1.0,27911,5.0
66c5118758e462c3fe742d2a,11,other,3,5f1072dbfd703f084bb995f7,0.0,16.0,27911,17.0
66c5118758e462c3fe742d2a,11,other,4,65fe68e5b1d5c8d77f85ea15,0.0,9.0,27911,9.0
66c715bdcfed428be15f400d,11,self,1,66c715bdcfed428be15f400d,0.0,5.0,27971,10.0
66c715bdcfed428be15f400d,11,other,2,5e69987e0873d600084bc920,1.0,12.0,27971,16.0
66c715bdcfed428be15f400d,11,other,3,5b7467ea50075a0001107043,1.0,11.0,27971,0.0
66c715bdcfed428be15f400d,11,other,4,64125a2a86177f9e395541f1,0.0,22.0,27971,25.0
66ca2a3bbe8922708f5c903d,8,self,1,66ca2a3bbe8922708f5c903d,0.0,0.0,28008,10.0
66ca2a3bbe8922708f5c903d,8,other,2,5a585915eedc320001426e89,1.0,8.0,28008,9.0
66ca2a3bbe8922708f5c903d,8,other,3,6724f64f20aa833adf9702eb,1.0,12.0,28008,12.0
66ca2a3bbe8922708f5c903d,8,other,4,6400df45e639d203b8518cad,0.0,16.0,28008,17.0
66cf647660d3b99b68aa87ca,2,self,1,66cf647660d3b99b68aa87ca,1.0,2.0,28102,4.0
66cf647660d3b99b68aa87ca,2,other,2,55eee81b9df9fe000efae1d4,1.0,10.0,28102,16.0
66cf647660d3b99b68aa87ca,2,other,3,55d51a6b8ce09000127d4821,0.0,12.0,28102,16.0
66cf647660d3b99b68aa87ca,2,other,4,67f29249f806e5d43bd01798,0.0,18.0,28102,10.0
66cf647660d3b99b68aa87ca,8,self,1,66cf647660d3b99b68aa87ca,1.0,2.0,28108,4.0
66cf647660d3b99b68aa87ca,8,other,2,652d8a4cd08c6435db58fd9b,1.0,3.0,28108,16.0
66cf647660d3b99b68aa87ca,8,other,3,665b26e1aed20c57d074d0fd,0.0,11.0,28108,17.0
66cf647660d3b99b68aa87ca,8,other,4,674a0461b10836f07aa6d857,0.0,12.0,28108,8.0
66cf647660d3b99b68aa87ca,15,self,1,66cf647660d3b99b68aa87ca,1.0,2.0,28115,4.0
66cf647660d3b99b68aa87ca,15,other,2,62c9ed717a2882d689eb27c1,1.0,16.0,28115,19.0
66cf647660d3b99b68aa87ca,15,other,3,672be724a1f9a800fcbd3d02,0.0,8.0,28115,9.0
66cf647660d3b99b68aa87ca,15,other,4,5a9c91196219a30001f534a5,0.0,16.0,28115,16.0
66d0c734cbeb44f369a39ee9,3,self,1,66d0c734cbeb44f369a39ee9,0.0,10.0,28123,8.0
66d0c734cbeb44f369a39ee9,3,other,2,604bfe99dcaa286218d25fca,1.0,13.0,28123,16.0
66d0c734cbeb44f369a39ee9,3,other,3,67e069199f5b036960b0cc5f,1.0,10.0,28123,19.0
66d0c734cbeb44f369a39ee9,3,other,4,674499298b5241ab1d4e8974,0.0,12.0,28123,20.0
66d1a34290c0181302a08f66,1,self,1,66d1a34290c0181302a08f66,1.0,19.0,28141,16.0
66d1a34290c0181302a08f66,1,other,2,67df234b06278e2a4675d416,1.0,8.0,28141,6.0
66d1a34290c0181302a08f66,1,other,3,5d3cc4bd1850400016d2bb66,0.0,14.0,28141,16.0
66d1a34290c0181302a08f66,1,other,4,668d6f9d885ecaee43b116ab,0.0,15.0,28141,16.0
66d1a34290c0181302a08f66,18,self,1,66d1a34290c0181302a08f66,1.0,19.0,28158,16.0
66d1a34290c0181302a08f66,18,other,2,6064a0185b9ce0ca98b5e791,1.0,9.0,28158,16.0
66d1a34290c0181302a08f66,18,other,3,67e3281497a9f68c5c7ff062,0.0,8.0,28158,1.0
66d1a34290c0181302a08f66,18,other,4,5b4ce4c8aad40700014ac066,0.0,15.0,28158,16.0
66d31a1b0515fe747830bab9,3,self,1,66d31a1b0515fe747830bab9,0.0,15.0,28203,13.0
66d31a1b0515fe747830bab9,3,other,2,675cf75e3c237ff931f4a43e,1.0,13.0,28203,16.0
66d31a1b0515fe747830bab9,3,other,3,66debd6416b5185254e88395,1.0,11.0,28203,3.0
66d31a1b0515fe747830bab9,3,other,4,66fd62807325f8ff288edb3f,0.0,12.0,28203,17.0
66d31a1b0515fe747830bab9,8,self,1,66d31a1b0515fe747830bab9,0.0,15.0,28208,13.0
66d31a1b0515fe747830bab9,8,other,2,5fa2e56fe794555527f2c8ef,1.0,24.0,28208,21.0
66d31a1b0515fe747830bab9,8,other,3,607254cd31c9aa4682a4672c,1.0,8.0,28208,24.0
66d31a1b0515fe747830bab9,8,other,4,6361661d1e9f0ed11a83645c,0.0,9.0,28208,13.0
66d395c19ecb2d5c8acc6680,2,self,1,66d395c19ecb2d5c8acc6680,1.0,6.0,28222,5.0
66d395c19ecb2d5c8acc6680,2,other,2,5c38dab0f0ae4c00011238c1,1.0,16.0,28222,20.0
66d395c19ecb2d5c8acc6680,2,other,3,5eed39d96b25b8147870a324,0.0,8.0,28222,20.0
66d395c19ecb2d5c8acc6680,2,other,4,67605405bfd9f40dd7ca2a24,0.0,17.0,28222,19.0
66d395c19ecb2d5c8acc6680,6,self,1,66d395c19ecb2d5c8acc6680,1.0,6.0,28226,5.0
66d395c19ecb2d5c8acc6680,6,other,2,60abbb05288f7eeb1312c3b7,1.0,16.0,28226,0.0
66d395c19ecb2d5c8acc6680,6,other,3,5de21543762dc22548c937b3,0.0,16.0,28226,10.0
66d395c19ecb2d5c8acc6680,6,other,4,5d5d65f84bd7800017a4f90e,0.0,24.0,28226,25.0
66d395c19ecb2d5c8acc6680,7,self,1,66d395c19ecb2d5c8acc6680,1.0,6.0,28227,5.0
66d395c19ecb2d5c8acc6680,7,other,2,5dc0257aff9c98465fc57ada,1.0,9.0,28227,9.0
66d395c19ecb2d5c8acc6680,7,other,3,673240707e8c7b39d857214c,0.0,9.0,28227,9.0
66d395c19ecb2d5c8acc6680,7,other,4,6612c390357111d4d83571f5,0.0,11.0,28227,0.0
66d395c19ecb2d5c8acc6680,11,self,1,66d395c19ecb2d5c8acc6680,1.0,6.0,28231,5.0
66d395c19ecb2d5c8acc6680,11,other,2,66a8eda4f49a5a822db402ef,1.0,16.0,28231,13.0
66d395c19ecb2d5c8acc6680,11,other,3,66789a1e138a59bb4ad16fa5,0.0,18.0,28231,17.0
66d395c19ecb2d5c8acc6680,11,other,4,5ea2ac265b40e81cfe8296ea,0.0,3.0,28231,12.0
66d7fe7977b451b0107e054b,3,self,1,66d7fe7977b451b0107e054b,0.0,6.0,28283,13.0
66d7fe7977b451b0107e054b,3,other,2,66951ddbfab86d4133dfb14a,1.0,16.0,28283,19.0
66d7fe7977b451b0107e054b,3,other,3,63a77363dd6fabebef211019,1.0,3.0,28283,4.0
66d7fe7977b451b0107e054b,3,other,4,667326a0e84c107129cb3b26,0.0,18.0,28283,17.0
66d7fe7977b451b0107e054b,14,self,1,66d7fe7977b451b0107e054b,0.0,6.0,28294,13.0
66d7fe7977b451b0107e054b,14,other,2,66439d24bf5f2505d7929c12,1.0,17.0,28294,21.0
66d7fe7977b451b0107e054b,14,other,3,64481bca476d6bfbae2066e2,1.0,17.0,28294,10.0
66d7fe7977b451b0107e054b,14,other,4,62a0f99814d73df8032871a9,0.0,13.0,28294,16.0
66def1304e37adb3349f648f,8,self,1,66def1304e37adb3349f648f,1.0,12.0,28428,12.0
66def1304e37adb3349f648f,8,other,2,55bb9ae7fdf99b26d27fda01,1.0,17.0,28428,17.0
66def1304e37adb3349f648f,8,other,3,62f4904296e62ae6c19127d4,0.0,8.0,28428,10.0
66def1304e37adb3349f648f,8,other,4,66a8f82143da40a6b126975e,0.0,16.0,28428,18.0
66e40208442e7106cd47bfc7,18,self,1,66e40208442e7106cd47bfc7,0.0,24.0,28558,17.0
66e40208442e7106cd47bfc7,18,other,2,595339f4ad2ce90001b88266,1.0,16.0,28558,19.0
66e40208442e7106cd47bfc7,18,other,3,5cf66ed8912f0b0017c50b52,1.0,16.0,28558,8.0
66e40208442e7106cd47bfc7,18,other,4,63d7b30ddc8ceb61c74fe85b,0.0,11.0,28558,16.0
66e4c4358de330a06b4d33f1,7,self,1,66e4c4358de330a06b4d33f1,0.0,11.0,28607,8.0
66e4c4358de330a06b4d33f1,7,other,2,61486ad7059377d6f08fd91c,1.0,23.0,28607,20.0
66e4c4358de330a06b4d33f1,7,other,3,5e55b355bf80730d4682c2e1,1.0,12.0,28607,9.0
66e4c4358de330a06b4d33f1,7,other,4,6007626d299a4c1474621584,0.0,9.0,28607,9.0
66e74ca113f609cd2a13df59,12,self,1,66e74ca113f609cd2a13df59,0.0,9.0,28632,6.0
66e74ca113f609cd2a13df59,12,other,2,6384704a7b906e6298d5087f,1.0,12.0,28632,14.0
66e74ca113f609cd2a13df59,12,other,3,65099be3415f7ca701bb2a0b,1.0,14.0,28632,16.0
66e74ca113f609cd2a13df59,12,other,4,65600aa7ff0c0fcf0ddcda34,0.0,18.0,28632,24.0
66e77c1f53b8d806313b5314,15,self,1,66e77c1f53b8d806313b5314,1.0,18.0,28655,20.0
66e77c1f53b8d806313b5314,15,other,2,602fc626090088d257016a7c,1.0,4.0,28655,9.0
66e77c1f53b8d806313b5314,15,other,3,681b72a2c71900147281b597,0.0,10.0,28655,7.0
66e77c1f53b8d806313b5314,15,other,4,668c65ea561d096dc00ce7e9,0.0,24.0,28655,16.0
66eb5adf63cae551875a7667,6,self,1,66eb5adf63cae551875a7667,1.0,3.0,28746,1.0
66eb5adf63cae551875a7667,6,other,2,66df5574de7eab990c808f55,1.0,10.0,28746,11.0
66eb5adf63cae551875a7667,6,other,3,67657496bf49edcdd8ceb8a4,0.0,24.0,28746,16.0
66eb5adf63cae551875a7667,6,other,4,643dca3c6518c6dd819796f3,0.0,11.0,28746,10.0
66eb5adf63cae551875a7667,15,self,1,66eb5adf63cae551875a7667,1.0,3.0,28755,1.0
66eb5adf63cae551875a7667,15,other,2,6736d9badac6c2599d5b0c5d,1.0,17.0,28755,17.0
66eb5adf63cae551875a7667,15,other,3,667b36a0609df7ce1b55b889,0.0,25.0,28755,19.0
66eb5adf63cae551875a7667,15,other,4,6604553b209208bb096e10ac,0.0,9.0,28755,9.0
66edc94424f4081033b40827,20,self,1,66edc94424f4081033b40827,0.0,17.0,28800,25.0
66edc94424f4081033b40827,20,other,2,5b757a03976ecb0001b1168f,1.0,8.0,28800,9.0
66edc94424f4081033b40827,20,other,3,5c4f7b99b33a5300013dbfdd,1.0,17.0,28800,16.0
66edc94424f4081033b40827,20,other,4,66fd62807325f8ff288edb3f,0.0,12.0,28800,17.0
66f29abb21f82d1f9887370b,17,self,1,66f29abb21f82d1f9887370b,0.0,3.0,28937,11.0
66f29abb21f82d1f9887370b,17,other,2,67045932c671e52de9f8bc4c,1.0,16.0,28937,17.0
66f29abb21f82d1f9887370b,17,other,3,613b007b4e9cc4ef5a63f334,1.0,10.0,28937,19.0
66f29abb21f82d1f9887370b,17,other,4,5fe11e55e66d7fb4fe5629d5,0.0,19.0,28937,17.0
66f32de71d068e5e4cb2ec86,11,self,1,66f32de71d068e5e4cb2ec86,1.0,0.0,28951,10.0
66f32de71d068e5e4cb2ec86,11,other,2,5f273a1646f68e514633ee27,1.0,16.0,28951,17.0
66f32de71d068e5e4cb2ec86,11,other,3,67315b4e31944aa214d27e9d,0.0,8.0,28951,10.0
66f32de71d068e5e4cb2ec86,11,other,4,66606507ffb63756e160e3d6,0.0,13.0,28951,15.0
66f87d84fcfe786a13ff1edb,12,self,1,66f87d84fcfe786a13ff1edb,1.0,17.0,29032,10.0
66f87d84fcfe786a13ff1edb,12,other,2,5efcf3be07207311b09d14ab,1.0,11.0,29032,16.0
66f87d84fcfe786a13ff1edb,12,other,3,5d614557fb93530016803b43,0.0,17.0,29032,24.0
66f87d84fcfe786a13ff1edb,12,other,4,6122548871de12f3a454e5cb,0.0,18.0,29032,26.0
66fc6008cda3d277a8978dbf,8,self,1,66fc6008cda3d277a8978dbf,1.0,4.0,29088,5.0
66fc6008cda3d277a8978dbf,8,other,2,66e05f2a0ec721282adc76de,1.0,8.0,29088,8.0
66fc6008cda3d277a8978dbf,8,other,3,5d30790f326b0f0017a2a828,0.0,9.0,29088,18.0
66fc6008cda3d277a8978dbf,8,other,4,672be724a1f9a800fcbd3d02,0.0,8.0,29088,9.0
66fcc3a673471394133c1d2f,13,self,1,66fcc3a673471394133c1d2f,0.0,1.0,29133,2.0
66fcc3a673471394133c1d2f,13,other,2,5dbecb5e30c4d737494efe10,1.0,9.0,29133,12.0
66fcc3a673471394133c1d2f,13,other,3,668c2c3b1c453af22c1e1e31,1.0,19.0,29133,24.0
66fcc3a673471394133c1d2f,13,other,4,60d0d5e930dc4a90889b2321,0.0,4.0,29133,12.0
66fcc3a673471394133c1d2f,15,self,1,66fcc3a673471394133c1d2f,0.0,1.0,29135,2.0
66fcc3a673471394133c1d2f,15,other,2,66045682d629a940764580ed,1.0,9.0,29135,16.0
66fcc3a673471394133c1d2f,15,other,3,66b737baf02edac5f7c4a384,1.0,8.0,29135,9.0
66fcc3a673471394133c1d2f,15,other,4,5c376ea0eecc440001c58889,0.0,17.0,29135,17.0
66fd1af87dccbd508244cd7e,2,self,1,66fd1af87dccbd508244cd7e,0.0,13.0,29162,16.0
66fd1af87dccbd508244cd7e,2,other,2,6610feb47a58c90ed439d79d,1.0,9.0,29162,8.0
66fd1af87dccbd508244cd7e,2,other,3,5fd0261b85dd3e087609bee6,1.0,17.0,29162,16.0
66fd1af87dccbd508244cd7e,2,other,4,5c2dae2110677f0001dd1137,0.0,25.0,29162,26.0
66fdd81f708d36dbc86f85be,20,self,1,66fdd81f708d36dbc86f85be,0.0,9.0,29240,13.0
66fdd81f708d36dbc86f85be,20,other,2,670ff7a65beb0c8e83fe3fa3,1.0,9.0,29240,8.0
66fdd81f708d36dbc86f85be,20,other,3,61113f20a9497a72b0c1ed6c,1.0,13.0,29240,16.0
66fdd81f708d36dbc86f85be,20,other,4,5d953b22b7555900159f2913,0.0,12.0,29240,19.0
67081ef77f9b5aaceef957c0,11,self,1,67081ef77f9b5aaceef957c0,0.0,11.0,29411,10.0
67081ef77f9b5aaceef957c0,11,other,2,5e28b99e1aacba092acd8cbd,1.0,0.0,29411,20.0
67081ef77f9b5aaceef957c0,11,other,3,607254cd31c9aa4682a4672c,1.0,8.0,29411,24.0
67081ef77f9b5aaceef957c0,11,other,4,66be78ef3ca75af1251ce936,0.0,11.0,29411,12.0
67099bcb59199185f719e426,15,self,1,67099bcb59199185f719e426,1.0,20.0,29435,23.0
67099bcb59199185f719e426,15,other,2,5dae30fea05d370017a0b47f,1.0,3.0,29435,8.0
67099bcb59199185f719e426,15,other,3,62e4fb6ad37e7941bc6dda4f,0.0,13.0,29435,16.0
67099bcb59199185f719e426,15,other,4,665dea227996cd7a1459279b,0.0,9.0,29435,11.0
67099bcb59199185f719e426,17,self,1,67099bcb59199185f719e426,1.0,20.0,29437,23.0
67099bcb59199185f719e426,17,other,2,66f0c0c84e16372a15a5b264,1.0,11.0,29437,16.0
67099bcb59199185f719e426,17,other,3,5edeea354d54cb1a825aa8f9,0.0,4.0,29437,10.0
67099bcb59199185f719e426,17,other,4,632b9d9bc38454f47019295c,0.0,8.0,29437,16.0
671038fb26ff82aa6081d040,7,self,1,671038fb26ff82aa6081d040,0.0,4.0,29467,8.0
671038fb26ff82aa6081d040,7,other,2,647845ab90c460ec4a86efba,1.0,10.0,29467,8.0
671038fb26ff82aa6081d040,7,other,3,63ef9075e5af59d34db2fe5d,1.0,18.0,29467,18.0
671038fb26ff82aa6081d040,7,other,4,59dc80b77f3d71000171d3c8,0.0,8.0,29467,12.0
671038fb26ff82aa6081d040,9,self,1,671038fb26ff82aa6081d040,0.0,4.0,29469,8.0
671038fb26ff82aa6081d040,9,other,2,5f25681567da711e51c043ab,1.0,18.0,29469,21.0
671038fb26ff82aa6081d040,9,other,3,67424c6b07d7d42c5ed0511d,1.0,9.0,29469,1.0
671038fb26ff82aa6081d040,9,other,4,676c9fdb29eb6558c47a3a25,0.0,18.0,29469,17.0
671038fb26ff82aa6081d040,11,self,1,671038fb26ff82aa6081d040,0.0,4.0,29471,8.0
671038fb26ff82aa6081d040,11,other,2,6655f13e04490671e36a8dcf,1.0,11.0,29471,18.0
671038fb26ff82aa6081d040,11,other,3,5fc686297a22da0524cc09dd,1.0,17.0,29471,18.0
671038fb26ff82aa6081d040,11,other,4,594a481105e73f0001450009,0.0,10.0,29471,16.0
67103aecd3a626ec9024ed2a,15,self,1,67103aecd3a626ec9024ed2a,0.0,1.0,29495,0.0
67103aecd3a626ec9024ed2a,15,other,2,665762fdab6df18f5032505b,1.0,16.0,29495,16.0
67103aecd3a626ec9024ed2a,15,other,3,6544fd23649b492ec6242947,1.0,22.0,29495,17.0
67103aecd3a626ec9024ed2a,15,other,4,67e051d5736da524dbe7a0c1,0.0,7.0,29495,12.0
6711e09a6906af2fa5b782bd,16,self,1,6711e09a6906af2fa5b782bd,1.0,12.0,29516,16.0
6711e09a6906af2fa5b782bd,16,other,2,5ed929186e439f4729693f32,1.0,8.0,29516,9.0
6711e09a6906af2fa5b782bd,16,other,3,5c345ebad4f77a0001a91ec0,0.0,10.0,29516,19.0
6711e09a6906af2fa5b782bd,16,other,4,653703627539f3a8b2ed4af3,0.0,25.0,29516,22.0
67154e688dff95452b10215d,18,self,1,67154e688dff95452b10215d,0.0,25.0,29578,17.0
67154e688dff95452b10215d,18,other,2,5fbafd1b299177bdcc7aa4ac,1.0,21.0,29578,18.0
67154e688dff95452b10215d,18,other,3,5cf245d4639b150018eb7351,1.0,10.0,29578,11.0
67154e688dff95452b10215d,18,other,4,6662284a47e15ebf4719c42f,0.0,11.0,29578,13.0
671ac509e93a57b5220b3d4e,7,self,1,671ac509e93a57b5220b3d4e,1.0,6.0,29727,8.0
671ac509e93a57b5220b3d4e,7,other,2,673a98f83ca992e2bdf1d4f3,1.0,9.0,29727,10.0
671ac509e93a57b5220b3d4e,7,other,3,6400df45e639d203b8518cad,0.0,16.0,29727,17.0
671ac509e93a57b5220b3d4e,7,other,4,61646e7ec3accfb9d8334ad5,0.0,2.0,29727,8.0
671b8aa1c4ef721a8f684d2c,20,self,1,671b8aa1c4ef721a8f684d2c,1.0,14.0,29760,3.0
671b8aa1c4ef721a8f684d2c,20,other,2,6772f847510be103b1306979,1.0,12.0,29760,9.0
671b8aa1c4ef721a8f684d2c,20,other,3,5e62b7646cf0bf04667c8683,0.0,20.0,29760,18.0
671b8aa1c4ef721a8f684d2c,20,other,4,5eb29fdddac67500082c1089,0.0,14.0,29760,9.0
671b9cb13465bc092b8712c1,9,self,1,671b9cb13465bc092b8712c1,1.0,7.0,29769,4.0
671b9cb13465bc092b8712c1,9,other,2,5c56025fcb61950001038a76,1.0,12.0,29769,8.0
671b9cb13465bc092b8712c1,9,other,3,5e099e7f76c03b255e2b61da,0.0,12.0,29769,12.0
671b9cb13465bc092b8712c1,9,other,4,5ed7a6ffc0996607d735bd66,0.0,11.0,29769,8.0
671b9cb13465bc092b8712c1,13,self,1,671b9cb13465bc092b8712c1,1.0,7.0,29773,4.0
671b9cb13465bc092b8712c1,13,other,2,654514db35400eff3daddcf5,1.0,16.0,29773,17.0
671b9cb13465bc092b8712c1,13,other,3,60ce350a7a082517c8666e92,0.0,18.0,29773,18.0
671b9cb13465bc092b8712c1,13,other,4,611a8d23c1d17506a23df589,0.0,3.0,29773,5.0
671b9cb13465bc092b8712c1,14,self,1,671b9cb13465bc092b8712c1,1.0,7.0,29774,4.0
671b9cb13465bc092b8712c1,14,other,2,60c20abfdccab926283d8f7f,1.0,12.0,29774,17.0
671b9cb13465bc092b8712c1,14,other,3,5d63c128888f91000176ecbc,0.0,10.0,29774,9.0
671b9cb13465bc092b8712c1,14,other,4,57160a57cd6ea20011dae249,0.0,17.0,29774,12.0
67215f2922159d42abf932a4,1,self,1,67215f2922159d42abf932a4,1.0,25.0,29901,21.0
67215f2922159d42abf932a4,1,other,2,5d95fe287f664d0016591f9b,1.0,17.0,29901,16.0
67215f2922159d42abf932a4,1,other,3,61bb389740db417c1a138cad,0.0,12.0,29901,16.0
67215f2922159d42abf932a4,1,other,4,5aad21134ea21d000101bbff,0.0,8.0,29901,9.0
67215f2922159d42abf932a4,7,self,1,67215f2922159d42abf932a4,1.0,25.0,29907,21.0
67215f2922159d42abf932a4,7,other,2,5d329756062745001921494a,1.0,5.0,29907,2.0
67215f2922159d42abf932a4,7,other,3,62e0251cc2818b23981bfa87,0.0,6.0,29907,6.0
67215f2922159d42abf932a4,7,other,4,6630fbbf430541e72d02c6e5,0.0,20.0,29907,16.0
6722865129f6fefb67dd3921,2,self,1,6722865129f6fefb67dd3921,1.0,4.0,29922,11.0
6722865129f6fefb67dd3921,2,other,2,60abbb05288f7eeb1312c3b7,1.0,16.0,29922,0.0
6722865129f6fefb67dd3921,2,other,3,609551c1ade88f8463666fb8,0.0,3.0,29922,9.0
6722865129f6fefb67dd3921,2,other,4,656f0ce82c0ba5e95ad58a03,0.0,6.0,29922,11.0
6722865129f6fefb67dd3921,9,self,1,6722865129f6fefb67dd3921,1.0,4.0,29929,11.0
6722865129f6fefb67dd3921,9,other,2,6691641b6724549f46d3d8d3,1.0,8.0,29929,11.0
6722865129f6fefb67dd3921,9,other,3,5f3bc91327d97393a0c56178,0.0,5.0,29929,16.0
6722865129f6fefb67dd3921,9,other,4,5d3cc4bd1850400016d2bb66,0.0,14.0,29929,16.0
6722865129f6fefb67dd3921,14,self,1,6722865129f6fefb67dd3921,1.0,4.0,29934,11.0
6722865129f6fefb67dd3921,14,other,2,665762fdab6df18f5032505b,1.0,16.0,29934,16.0
6722865129f6fefb67dd3921,14,other,3,59e8502b7f3d71000171df0a,0.0,13.0,29934,12.0
6722865129f6fefb67dd3921,14,other,4,674872ead208fe132ec3f4a4,0.0,16.0,29934,16.0
67246794a85893f571f01fcc,8,self,1,67246794a85893f571f01fcc,1.0,0.0,30008,3.0
67246794a85893f571f01fcc,8,other,2,607254cd31c9aa4682a4672c,1.0,8.0,30008,24.0
67246794a85893f571f01fcc,8,other,3,6658b23217b161dc426bd14d,0.0,16.0,30008,11.0
67246794a85893f571f01fcc,8,other,4,66a208fff5715f2926f70289,0.0,17.0,30008,17.0
67246794a85893f571f01fcc,16,self,1,67246794a85893f571f01fcc,1.0,0.0,30016,3.0
67246794a85893f571f01fcc,16,other,2,67853d0565a82363289d36c4,1.0,8.0,30016,5.0
67246794a85893f571f01fcc,16,other,3,63eeaf9f8433c653dedbd574,0.0,11.0,30016,6.0
67246794a85893f571f01fcc,16,other,4,66620cf0297a4b3c61f5a8ee,0.0,21.0,30016,18.0
67253674cbd9660a78160144,16,self,1,67253674cbd9660a78160144,0.0,9.0,30076,11.0
67253674cbd9660a78160144,16,other,2,67099bcb59199185f719e426,1.0,20.0,30076,23.0
67253674cbd9660a78160144,16,other,3,66a426bcd6c66d59e395617b,1.0,11.0,30076,18.0
67253674cbd9660a78160144,16,other,4,5ef37e2ca184db0e6896d19b,0.0,8.0,30076,9.0
6726558da95ea55243442861,20,self,1,6726558da95ea55243442861,0.0,11.0,30140,8.0
6726558da95ea55243442861,20,other,2,5dd864447beb29822b6c1e86,1.0,16.0,30140,19.0
6726558da95ea55243442861,20,other,3,664f7217d63b2db66feb4333,1.0,9.0,30140,9.0
6726558da95ea55243442861,20,other,4,63ffcb367b500c516d0648a2,0.0,0.0,30140,10.0
67265982eb0c3fc495c6e33a,13,self,1,67265982eb0c3fc495c6e33a,1.0,18.0,30153,12.0
67265982eb0c3fc495c6e33a,13,other,2,666d914c8a386185e18db071,1.0,14.0,30153,8.0
67265982eb0c3fc495c6e33a,13,other,3,631a7e87e82e9f1c74a68d7e,0.0,17.0,30153,14.0
67265982eb0c3fc495c6e33a,13,other,4,64416693b9184dbb9b169324,0.0,11.0,30153,11.0
6726d16c98d4b6498e4f2a69,11,self,1,6726d16c98d4b6498e4f2a69,0.0,3.0,30191,16.0
6726d16c98d4b6498e4f2a69,11,other,2,637f7e8a1ba8e6e1cc969beb,1.0,24.0,30191,14.0
6726d16c98d4b6498e4f2a69,11,other,3,674377f77b539c33d343553c,1.0,3.0,30191,9.0
6726d16c98d4b6498e4f2a69,11,other,4,5df14a70c0b81f06aea3c380,0.0,26.0,30191,20.0
6728332a47c2c47f9daef26f,19,self,1,6728332a47c2c47f9daef26f,1.0,16.0,30239,17.0
6728332a47c2c47f9daef26f,19,other,2,668dc78c1b388adf48d7f329,1.0,6.0,30239,5.0
6728332a47c2c47f9daef26f,19,other,3,669c182b2a59d2c81e9053ad,0.0,13.0,30239,16.0
6728332a47c2c47f9daef26f,19,other,4,607826462aaaafd8801142ba,0.0,17.0,30239,16.0
672a6f5fc7bda7ce7ce814a7,1,self,1,672a6f5fc7bda7ce7ce814a7,0.0,30.0,30361,16.0
672a6f5fc7bda7ce7ce814a7,1,other,2,5f7dee73bc8c8b044cc73e18,1.0,18.0,30361,19.0
672a6f5fc7bda7ce7ce814a7,1,other,3,60fce0bedbae8b8996c93203,1.0,10.0,30361,20.0
672a6f5fc7bda7ce7ce814a7,1,other,4,5c2dae2110677f0001dd1137,0.0,25.0,30361,26.0
672a6f5fc7bda7ce7ce814a7,2,self,1,672a6f5fc7bda7ce7ce814a7,0.0,30.0,30362,16.0
672a6f5fc7bda7ce7ce814a7,2,other,2,5c0c3112594d92000167bdcd,1.0,4.0,30362,8.0
672a6f5fc7bda7ce7ce814a7,2,other,3,5855b89fee6ade0001fa2f45,1.0,1.0,30362,9.0
672a6f5fc7bda7ce7ce814a7,2,other,4,653703627539f3a8b2ed4af3,0.0,25.0,30362,22.0
672a6f5fc7bda7ce7ce814a7,3,self,1,672a6f5fc7bda7ce7ce814a7,0.0,30.0,30363,16.0
672a6f5fc7bda7ce7ce814a7,3,other,2,663111e4283e7281c63fc949,1.0,11.0,30363,10.0
672a6f5fc7bda7ce7ce814a7,3,other,3,5cfe7e8bc2acc60001196300,1.0,21.0,30363,17.0
672a6f5fc7bda7ce7ce814a7,3,other,4,642c017454a2ad4b871f3dbf,0.0,16.0,30363,12.0
672a6f5fc7bda7ce7ce814a7,4,self,1,672a6f5fc7bda7ce7ce814a7,0.0,30.0,30364,16.0
672a6f5fc7bda7ce7ce814a7,4,other,2,65f284445bd9d57a7c6c634f,1.0,16.0,30364,10.0
672a6f5fc7bda7ce7ce814a7,4,other,3,6776bc8bb2a054d5b0a50656,1.0,12.0,30364,16.0
672a6f5fc7bda7ce7ce814a7,4,other,4,6772ea8aacb21b017a2069e2,0.0,20.0,30364,11.0
672a6f5fc7bda7ce7ce814a7,5,self,1,672a6f5fc7bda7ce7ce814a7,0.0,30.0,30365,16.0
672a6f5fc7bda7ce7ce814a7,5,other,2,676df4319d4ed64ca5e20cdc,1.0,16.0,30365,17.0
672a6f5fc7bda7ce7ce814a7,5,other,3,669596ba18d75e2e696b992e,1.0,19.0,30365,16.0
672a6f5fc7bda7ce7ce814a7,5,other,4,5af344dfdf9933000161f47a,0.0,11.0,30365,20.0
672a6f5fc7bda7ce7ce814a7,6,self,1,672a6f5fc7bda7ce7ce814a7,0.0,30.0,30366,16.0
672a6f5fc7bda7ce7ce814a7,6,other,2,5aabd6cb44adc700014c865c,1.0,17.0,30366,18.0
672a6f5fc7bda7ce7ce814a7,6,other,3,5dc860e9dcc83f5d2d85ec67,1.0,17.0,30366,12.0
672a6f5fc7bda7ce7ce814a7,6,other,4,671d5f4c6dae15f98003d7b2,0.0,10.0,30366,16.0
672a6f5fc7bda7ce7ce814a7,7,self,1,672a6f5fc7bda7ce7ce814a7,0.0,30.0,30367,16.0
672a6f5fc7bda7ce7ce814a7,7,other,2,6723bebed3cb23087bebc5bd,1.0,11.0,30367,11.0
672a6f5fc7bda7ce7ce814a7,7,other,3,6310ccbda708843d8c079b6d,1.0,12.0,30367,16.0
672a6f5fc7bda7ce7ce814a7,7,other,4,6734acb87201d0735d63632c,0.0,17.0,30367,19.0
672a6f5fc7bda7ce7ce814a7,8,self,1,672a6f5fc7bda7ce7ce814a7,0.0,30.0,30368,16.0
672a6f5fc7bda7ce7ce814a7,8,other,2,673a98f83ca992e2bdf1d4f3,1.0,9.0,30368,10.0
672a6f5fc7bda7ce7ce814a7,8,other,3,603f82cb2fafec01e1d6470a,1.0,16.0,30368,11.0
672a6f5fc7bda7ce7ce814a7,8,other,4,63d13ca3a2e69ec8e19569f2,0.0,16.0,30368,9.0
672a6f5fc7bda7ce7ce814a7,9,self,1,672a6f5fc7bda7ce7ce814a7,0.0,30.0,30369,16.0
672a6f5fc7bda7ce7ce814a7,9,other,2,64bbe3ccf05e537a07257be2,1.0,10.0,30369,18.0
672a6f5fc7bda7ce7ce814a7,9,other,3,5da5d4ea6f5d4400138def3f,1.0,9.0,30369,12.0
672a6f5fc7bda7ce7ce814a7,9,other,4,5384dca7fdf99b381c04cbac,0.0,19.0,30369,17.0
672a6f5fc7bda7ce7ce814a7,10,self,1,672a6f5fc7bda7ce7ce814a7,0.0,30.0,30370,16.0
672a6f5fc7bda7ce7ce814a7,10,other,2,55747e4afdf99b6752df4183,1.0,9.0,30370,8.0
672a6f5fc7bda7ce7ce814a7,10,other,3,672a21a1fce596116252b41e,1.0,8.0,30370,8.0
672a6f5fc7bda7ce7ce814a7,10,other,4,66904eae25e477d074070a89,0.0,10.0,30370,6.0
672a6f5fc7bda7ce7ce814a7,11,self,1,672a6f5fc7bda7ce7ce814a7,0.0,30.0,30371,16.0
672a6f5fc7bda7ce7ce814a7,11,other,2,66a82ba9951d0f5503746ec3,1.0,24.0,30371,14.0
672a6f5fc7bda7ce7ce814a7,11,other,3,672843ac39c5f80cfdc21d37,1.0,9.0,30371,1.0
672a6f5fc7bda7ce7ce814a7,11,other,4,6619cb1e30cb95691a6dd425,0.0,5.0,30371,16.0
672a6f5fc7bda7ce7ce814a7,12,self,1,672a6f5fc7bda7ce7ce814a7,0.0,30.0,30372,16.0
672a6f5fc7bda7ce7ce814a7,12,other,2,665762fdab6df18f5032505b,1.0,16.0,30372,16.0
672a6f5fc7bda7ce7ce814a7,12,other,3,5ed40545225e613ba9f16b57,1.0,16.0,30372,17.0
672a6f5fc7bda7ce7ce814a7,12,other,4,666445e5b72745f04a4f57d6,0.0,6.0,30372,8.0
672a6f5fc7bda7ce7ce814a7,13,self,1,672a6f5fc7bda7ce7ce814a7,0.0,30.0,30373,16.0
672a6f5fc7bda7ce7ce814a7,13,other,2,667fa8cc69c7dda35b75cd14,1.0,11.0,30373,17.0
672a6f5fc7bda7ce7ce814a7,13,other,3,5c4f7b99b33a5300013dbfdd,1.0,17.0,30373,16.0
672a6f5fc7bda7ce7ce814a7,13,other,4,5dee11c6d35cc34acae7c301,0.0,8.0,30373,13.0
672a6f5fc7bda7ce7ce814a7,14,self,1,672a6f5fc7bda7ce7ce814a7,0.0,30.0,30374,16.0
672a6f5fc7bda7ce7ce814a7,14,other,2,5dc860e9dcc83f5d2d85ec67,1.0,17.0,30374,12.0
672a6f5fc7bda7ce7ce814a7,14,other,3,647652cb5644044df439e1fb,1.0,12.0,30374,9.0
672a6f5fc7bda7ce7ce814a7,14,other,4,66a8f82143da40a6b126975e,0.0,16.0,30374,18.0
672a6f5fc7bda7ce7ce814a7,15,self,1,672a6f5fc7bda7ce7ce814a7,0.0,30.0,30375,16.0
672a6f5fc7bda7ce7ce814a7,15,other,2,66b527207f451bf6e0f07cac,1.0,16.0,30375,8.0
672a6f5fc7bda7ce7ce814a7,15,other,3,63e5885f80bfde889d559aa9,1.0,16.0,30375,16.0
672a6f5fc7bda7ce7ce814a7,15,other,4,60b36a96346dd63678e6cfe6,0.0,16.0,30375,23.0
672a6f5fc7bda7ce7ce814a7,16,self,1,672a6f5fc7bda7ce7ce814a7,0.0,30.0,30376,16.0
672a6f5fc7bda7ce7ce814a7,16,other,2,60a4d6687102dca378b945bb,1.0,14.0,30376,15.0
672a6f5fc7bda7ce7ce814a7,16,other,3,61085127e5234dfd63a0c740,1.0,19.0,30376,17.0
672a6f5fc7bda7ce7ce814a7,16,other,4,67efe4d2d2018d216ac7ff4f,0.0,2.0,30376,3.0
672a6f5fc7bda7ce7ce814a7,17,self,1,672a6f5fc7bda7ce7ce814a7,0.0,30.0,30377,16.0
672a6f5fc7bda7ce7ce814a7,17,other,2,67e1d85800cb3a05eae74bbf,1.0,10.0,30377,6.0
672a6f5fc7bda7ce7ce814a7,17,other,3,613b007b4e9cc4ef5a63f334,1.0,10.0,30377,19.0
672a6f5fc7bda7ce7ce814a7,17,other,4,665ceb52bf7bc5f5f2016e83,0.0,16.0,30377,16.0
672a6f5fc7bda7ce7ce814a7,18,self,1,672a6f5fc7bda7ce7ce814a7,0.0,30.0,30378,16.0
672a6f5fc7bda7ce7ce814a7,18,other,2,6674d66310b6684b86ddf7b9,1.0,8.0,30378,6.0
672a6f5fc7bda7ce7ce814a7,18,other,3,672a7ec6cb34337d67183fa0,1.0,19.0,30378,19.0
672a6f5fc7bda7ce7ce814a7,18,other,4,643fd27bdf8bbe600ff7fcc3,0.0,15.0,30378,16.0
672a6f5fc7bda7ce7ce814a7,19,self,1,672a6f5fc7bda7ce7ce814a7,0.0,30.0,30379,16.0
672a6f5fc7bda7ce7ce814a7,19,other,2,65f8dbfcf51858f174eb7caa,1.0,16.0,30379,13.0
672a6f5fc7bda7ce7ce814a7,19,other,3,66598e28a133d3735cdc506f,1.0,0.0,30379,3.0
672a6f5fc7bda7ce7ce814a7,19,other,4,60f4696161736ffaef73b434,0.0,11.0,30379,11.0
672a6f5fc7bda7ce7ce814a7,20,self,1,672a6f5fc7bda7ce7ce814a7,0.0,30.0,30380,16.0
672a6f5fc7bda7ce7ce814a7,20,other,2,60e67bc1585c7158f6f9116a,1.0,21.0,30380,25.0
672a6f5fc7bda7ce7ce814a7,20,other,3,607ddc576718114dea38841c,1.0,5.0,30380,8.0
672a6f5fc7bda7ce7ce814a7,20,other,4,602c0fc2eff74b4748e9b41e,0.0,18.0,30380,19.0
672a7ec6cb34337d67183fa0,13,self,1,672a7ec6cb34337d67183fa0,1.0,19.0,30393,19.0
672a7ec6cb34337d67183fa0,13,other,2,6662f201ccf41c36e7408562,1.0,8.0,30393,2.0
672a7ec6cb34337d67183fa0,13,other,3,6278270bfb2439bf3abf192d,0.0,18.0,30393,8.0
672a7ec6cb34337d67183fa0,13,other,4,67d9a0498d900defba2a9dcc,0.0,9.0,30393,12.0
672be724a1f9a800fcbd3d02,3,self,1,672be724a1f9a800fcbd3d02,0.0,8.0,30403,9.0
672be724a1f9a800fcbd3d02,3,other,2,6278f2c1db1a5b8b12b94a21,1.0,12.0,30403,10.0
672be724a1f9a800fcbd3d02,3,other,3,66abc79f0812c1f89a25adfb,1.0,17.0,30403,14.0
672be724a1f9a800fcbd3d02,3,other,4,6413799cf7721ee0ce637e09,0.0,23.0,30403,23.0
672c18b9a6c9d7bb286cd039,8,self,1,672c18b9a6c9d7bb286cd039,0.0,3.0,30428,1.0
672c18b9a6c9d7bb286cd039,8,other,2,654514db35400eff3daddcf5,1.0,16.0,30428,17.0
672c18b9a6c9d7bb286cd039,8,other,3,5ed40545225e613ba9f16b57,1.0,16.0,30428,17.0
672c18b9a6c9d7bb286cd039,8,other,4,6033d643f0cc960c580c716c,0.0,11.0,30428,9.0
672c18b9a6c9d7bb286cd039,11,self,1,672c18b9a6c9d7bb286cd039,0.0,3.0,30431,1.0
672c18b9a6c9d7bb286cd039,11,other,2,6652bf7eba7a8a81e1d1679b,1.0,18.0,30431,16.0
672c18b9a6c9d7bb286cd039,11,other,3,5b52f4933234ab00014ca442,1.0,15.0,30431,16.0
672c18b9a6c9d7bb286cd039,11,other,4,59dc80b77f3d71000171d3c8,0.0,8.0,30431,12.0
672c6d81f10d775112a46f36,1,self,1,672c6d81f10d775112a46f36,0.0,28.0,30461,21.0
672c6d81f10d775112a46f36,1,other,2,60a1e1f4a3707c983a98f185,1.0,6.0,30461,8.0
672c6d81f10d775112a46f36,1,other,3,62b08773cf2ee3e1920099c8,1.0,16.0,30461,13.0
672c6d81f10d775112a46f36,1,other,4,5e904f36cc3d6c355bbf48fa,0.0,17.0,30461,13.0
672c6d81f10d775112a46f36,3,self,1,672c6d81f10d775112a46f36,0.0,28.0,30463,21.0
672c6d81f10d775112a46f36,3,other,2,668dc78c1b388adf48d7f329,1.0,6.0,30463,5.0
672c6d81f10d775112a46f36,3,other,3,5dba0ce7001ffa06b367c544,1.0,18.0,30463,9.0
672c6d81f10d775112a46f36,3,other,4,66d31a1b0515fe747830bab9,0.0,15.0,30463,13.0
672c6d81f10d775112a46f36,7,self,1,672c6d81f10d775112a46f36,0.0,28.0,30467,21.0
672c6d81f10d775112a46f36,7,other,2,60fe8de5380ae67bf7370ac8,1.0,9.0,30467,11.0
672c6d81f10d775112a46f36,7,other,3,6722865129f6fefb67dd3921,1.0,4.0,30467,11.0
672c6d81f10d775112a46f36,7,other,4,63cff02ee037183a8c260ea8,0.0,8.0,30467,4.0
672c6d81f10d775112a46f36,9,self,1,672c6d81f10d775112a46f36,0.0,28.0,30469,21.0
672c6d81f10d775112a46f36,9,other,2,6156e5a04232a8cff11724d6,1.0,16.0,30469,13.0
672c6d81f10d775112a46f36,9,other,3,5be4c8d0d4079000014c0998,1.0,16.0,30469,11.0
672c6d81f10d775112a46f36,9,other,4,63f79c4cffb2e2a2ed84f060,0.0,8.0,30469,13.0
672c6d81f10d775112a46f36,14,self,1,672c6d81f10d775112a46f36,0.0,28.0,30474,21.0
672c6d81f10d775112a46f36,14,other,2,62c7e2035db496124cf69b56,1.0,19.0,30474,16.0
672c6d81f10d775112a46f36,14,other,3,676ed8014625d5ebd417b5f2,1.0,9.0,30474,9.0
672c6d81f10d775112a46f36,14,other,4,631623dc8a64a7f2d743deac,0.0,9.0,30474,5.0
672c6d81f10d775112a46f36,18,self,1,672c6d81f10d775112a46f36,0.0,28.0,30478,21.0
672c6d81f10d775112a46f36,18,other,2,5ba641d1168e5e0001e4275d,1.0,20.0,30478,19.0
672c6d81f10d775112a46f36,18,other,3,563fc664074be600055e9677,1.0,11.0,30478,0.0
672c6d81f10d775112a46f36,18,other,4,67ddcc6cfc53ee0415e0db0e,0.0,4.0,30478,9.0
672c6d81f10d775112a46f36,19,self,1,672c6d81f10d775112a46f36,0.0,28.0,30479,21.0
672c6d81f10d775112a46f36,19,other,2,67c4a762d14492d4aed05e7b,1.0,12.0,30479,17.0
672c6d81f10d775112a46f36,19,other,3,66c62c2a76d4919685cd6767,1.0,17.0,30479,19.0
672c6d81f10d775112a46f36,19,other,4,6631dd70c1393b01137d8453,0.0,9.0,30479,11.0
672ca130c5f43c5ed7d5d4b8,2,self,1,672ca130c5f43c5ed7d5d4b8,1.0,20.0,30502,21.0
672ca130c5f43c5ed7d5d4b8,2,other,2,5f540fc665e3b6148c04f10e,1.0,8.0,30502,9.0
672ca130c5f43c5ed7d5d4b8,2,other,3,67e8ffe90ba972b691421fcf,0.0,17.0,30502,17.0
672ca130c5f43c5ed7d5d4b8,2,other,4,5fb7e091a2e58b415d17ab1a,0.0,1.0,30502,8.0
672ca130c5f43c5ed7d5d4b8,5,self,1,672ca130c5f43c5ed7d5d4b8,1.0,20.0,30505,21.0
672ca130c5f43c5ed7d5d4b8,5,other,2,676b24007b0a13eef244f7bf,1.0,8.0,30505,3.0
672ca130c5f43c5ed7d5d4b8,5,other,3,668c893a3a9a1a960c28e9ad,0.0,11.0,30505,10.0
672ca130c5f43c5ed7d5d4b8,5,other,4,5c57c06ed05b82000139682e,0.0,24.0,30505,28.0
672ca130c5f43c5ed7d5d4b8,9,self,1,672ca130c5f43c5ed7d5d4b8,1.0,20.0,30509,21.0
672ca130c5f43c5ed7d5d4b8,9,other,2,62a3be0d93b8dd1e69b4317d,1.0,8.0,30509,5.0
672ca130c5f43c5ed7d5d4b8,9,other,3,66b732e2824f3862c1739187,0.0,11.0,30509,9.0
672ca130c5f43c5ed7d5d4b8,9,other,4,5e0a8de6b6385332d7cae588,0.0,11.0,30509,17.0
672ca130c5f43c5ed7d5d4b8,16,self,1,672ca130c5f43c5ed7d5d4b8,1.0,20.0,30516,21.0
672ca130c5f43c5ed7d5d4b8,16,other,2,5bc913d99427200001dd47f5,1.0,19.0,30516,16.0
672ca130c5f43c5ed7d5d4b8,16,other,3,669d6e67b980bf3846b82e8f,0.0,0.0,30516,10.0
672ca130c5f43c5ed7d5d4b8,16,other,4,5f0e9896f5e4e11e12c8f5ac,0.0,20.0,30516,18.0
672d22ab9bf881348b21f34b,1,self,1,672d22ab9bf881348b21f34b,1.0,26.0,30521,17.0
672d22ab9bf881348b21f34b,1,other,2,56f92b84895094000b8f485a,1.0,13.0,30521,9.0
672d22ab9bf881348b21f34b,1,other,3,60e990a445aa4bae855c303f,0.0,11.0,30521,9.0
672d22ab9bf881348b21f34b,1,other,4,67d21364aa4dc87ecd8f3f1b,0.0,10.0,30521,8.0
672d22ab9bf881348b21f34b,5,self,1,672d22ab9bf881348b21f34b,1.0,26.0,30525,17.0
672d22ab9bf881348b21f34b,5,other,2,5fa2e56fe794555527f2c8ef,1.0,24.0,30525,21.0
672d22ab9bf881348b21f34b,5,other,3,5d35c29a467d18001981d677,0.0,16.0,30525,12.0
672d22ab9bf881348b21f34b,5,other,4,6609c596ac6ba651a47a15de,0.0,19.0,30525,18.0
672d22ab9bf881348b21f34b,7,self,1,672d22ab9bf881348b21f34b,1.0,26.0,30527,17.0
672d22ab9bf881348b21f34b,7,other,2,56bfcce79f7a1e0005fdca9e,1.0,8.0,30527,9.0
672d22ab9bf881348b21f34b,7,other,3,5da0e89440b1c70014aaf74b,0.0,12.0,30527,10.0
672d22ab9bf881348b21f34b,7,other,4,67efe4d2d2018d216ac7ff4f,0.0,2.0,30527,3.0
672d22ab9bf881348b21f34b,10,self,1,672d22ab9bf881348b21f34b,1.0,26.0,30530,17.0
672d22ab9bf881348b21f34b,10,other,2,663ea705b761e95caebf67eb,1.0,17.0,30530,0.0
672d22ab9bf881348b21f34b,10,other,3,5e6a6d1f833f2d021f683ea7,0.0,25.0,30530,21.0
672d22ab9bf881348b21f34b,10,other,4,66d31a1b0515fe747830bab9,0.0,15.0,30530,13.0
672d22ab9bf881348b21f34b,13,self,1,672d22ab9bf881348b21f34b,1.0,26.0,30533,17.0
672d22ab9bf881348b21f34b,13,other,2,5cfe7e8bc2acc60001196300,1.0,21.0,30533,17.0
672d22ab9bf881348b21f34b,13,other,3,67c70ef486c8488303c97ed5,0.0,9.0,30533,13.0
672d22ab9bf881348b21f34b,13,other,4,605269ed69c7aac84a09dc72,0.0,11.0,30533,12.0
672d22ab9bf881348b21f34b,18,self,1,672d22ab9bf881348b21f34b,1.0,26.0,30538,17.0
672d22ab9bf881348b21f34b,18,other,2,5fbb062e91513797e214827d,1.0,11.0,30538,12.0
672d22ab9bf881348b21f34b,18,other,3,67a93cc4edad2048c6746727,0.0,16.0,30538,16.0
672d22ab9bf881348b21f34b,18,other,4,608ee3228c29d0e808cc35e3,0.0,11.0,30538,16.0
672d22ab9bf881348b21f34b,19,self,1,672d22ab9bf881348b21f34b,1.0,26.0,30539,17.0
672d22ab9bf881348b21f34b,19,other,2,6786c02b927bff134b80264c,1.0,11.0,30539,12.0
672d22ab9bf881348b21f34b,19,other,3,63d7c4b261d53fcf4f1dcd64,0.0,18.0,30539,24.0
672d22ab9bf881348b21f34b,19,other,4,5d24e4ba5018e900158d31f1,0.0,28.0,30539,21.0
672e96a109fb3b35d17ce8b2,7,self,1,672e96a109fb3b35d17ce8b2,0.0,17.0,30567,16.0
672e96a109fb3b35d17ce8b2,7,other,2,6639038205f5175bb2fefbe4,1.0,16.0,30567,16.0
672e96a109fb3b35d17ce8b2,7,other,3,5a5e1ae68e6259000176271d,1.0,16.0,30567,14.0
672e96a109fb3b35d17ce8b2,7,other,4,6927765bbe35814d222e4fe7,0.0,14.0,30567,12.0
672e96a109fb3b35d17ce8b2,16,self,1,672e96a109fb3b35d17ce8b2,0.0,17.0,30576,16.0
672e96a109fb3b35d17ce8b2,16,other,2,66ae2abb793b4c0a4aee5986,1.0,10.0,30576,11.0
672e96a109fb3b35d17ce8b2,16,other,3,5dc6d78cac77c74d18692044,1.0,13.0,30576,7.0
672e96a109fb3b35d17ce8b2,16,other,4,5dd2d8126ac608000a330132,0.0,4.0,30576,1.0
672fd24711f758e7a04ac043,2,self,1,672fd24711f758e7a04ac043,0.0,29.0,30582,21.0
672fd24711f758e7a04ac043,2,other,2,6610feb47a58c90ed439d79d,1.0,9.0,30582,8.0
672fd24711f758e7a04ac043,2,other,3,6688583698ac0c14d67453cb,1.0,8.0,30582,3.0
672fd24711f758e7a04ac043,2,other,4,6530316e660f5b8d9c11c00e,0.0,16.0,30582,24.0
672fd24711f758e7a04ac043,10,self,1,672fd24711f758e7a04ac043,0.0,29.0,30590,21.0
672fd24711f758e7a04ac043,10,other,2,60d6f4cb73fd348e166830b2,1.0,8.0,30590,12.0
672fd24711f758e7a04ac043,10,other,3,66300ebc7bdf6f53198b7eba,1.0,8.0,30590,20.0
672fd24711f758e7a04ac043,10,other,4,629f2a9c3effb1dc81c49116,0.0,35.0,30590,21.0
672fd24711f758e7a04ac043,18,self,1,672fd24711f758e7a04ac043,0.0,29.0,30598,21.0
672fd24711f758e7a04ac043,18,other,2,663e1af35c1eafe0c29b4fe5,1.0,4.0,30598,9.0
672fd24711f758e7a04ac043,18,other,3,657fa05267050fd8b627f0bc,1.0,11.0,30598,17.0
672fd24711f758e7a04ac043,18,other,4,66735e86343dec85410151d0,0.0,24.0,30598,18.0
67334911eb1de6dd02fc126a,4,self,1,67334911eb1de6dd02fc126a,0.0,0.0,30664,0.0
67334911eb1de6dd02fc126a,4,other,2,676cf85a261dedbddea3e240,1.0,16.0,30664,12.0
67334911eb1de6dd02fc126a,4,other,3,5dd343f19595a13585492c99,1.0,12.0,30664,13.0
67334911eb1de6dd02fc126a,4,other,4,62ce9e5c0d6c8df3051e01ea,0.0,16.0,30664,17.0
67334911eb1de6dd02fc126a,8,self,1,67334911eb1de6dd02fc126a,0.0,0.0,30668,0.0
67334911eb1de6dd02fc126a,8,other,2,60de4cc94dfda4d9e1948e6d,1.0,14.0,30668,11.0
67334911eb1de6dd02fc126a,8,other,3,648978eef0a4e73b67c9c153,1.0,19.0,30668,12.0
67334911eb1de6dd02fc126a,8,other,4,668d16ae27f1ad4461650742,0.0,19.0,30668,18.0
67334911eb1de6dd02fc126a,13,self,1,67334911eb1de6dd02fc126a,0.0,0.0,30673,0.0
67334911eb1de6dd02fc126a,13,other,2,60d6f4cb73fd348e166830b2,1.0,8.0,30673,12.0
67334911eb1de6dd02fc126a,13,other,3,647845ab90c460ec4a86efba,1.0,10.0,30673,8.0
67334911eb1de6dd02fc126a,13,other,4,6686a08d1b81f0919733a674,0.0,16.0,30673,17.0
6733c3dc70fb8db74ca732e3,19,self,1,6733c3dc70fb8db74ca732e3,1.0,11.0,30699,16.0
6733c3dc70fb8db74ca732e3,19,other,2,62a3be0d93b8dd1e69b4317d,1.0,8.0,30699,5.0
6733c3dc70fb8db74ca732e3,19,other,3,66904eae25e477d074070a89,0.0,10.0,30699,6.0
6733c3dc70fb8db74ca732e3,19,other,4,63db79878f04250ca75fbcbb,0.0,17.0,30699,20.0
6734acb87201d0735d63632c,13,self,1,6734acb87201d0735d63632c,0.0,17.0,30713,19.0
6734acb87201d0735d63632c,13,other,2,66c62c2a76d4919685cd6767,1.0,17.0,30713,19.0
6734acb87201d0735d63632c,13,other,3,5b99663d4cefb60001e7a214,1.0,16.0,30713,20.0
6734acb87201d0735d63632c,13,other,4,63003bb4d6f83995fb271ba3,0.0,19.0,30713,16.0
673a5584f867e07b649219c7,2,self,1,673a5584f867e07b649219c7,0.0,3.0,30822,5.0
673a5584f867e07b649219c7,2,other,2,5ed51b1808865206f3d88900,1.0,26.0,30822,16.0
673a5584f867e07b649219c7,2,other,3,5a75d51a0f1bce0001219703,1.0,11.0,30822,9.0
673a5584f867e07b649219c7,2,other,4,63d863ab3ccec5d222287168,0.0,24.0,30822,18.0
673a5584f867e07b649219c7,6,self,1,673a5584f867e07b649219c7,0.0,3.0,30826,5.0
673a5584f867e07b649219c7,6,other,2,67045932c671e52de9f8bc4c,1.0,16.0,30826,17.0
673a5584f867e07b649219c7,6,other,3,672829a7adf1507c6ac0a6a2,1.0,8.0,30826,0.0
673a5584f867e07b649219c7,6,other,4,66f283b0d2a9a03573017956,0.0,11.0,30826,8.0
673b185687f519c78b2f1e86,3,self,1,673b185687f519c78b2f1e86,0.0,22.0,30903,24.0
673b185687f519c78b2f1e86,3,other,2,5e182f9a2bf95110ffac1ed9,1.0,17.0,30903,16.0
673b185687f519c78b2f1e86,3,other,3,5a70b6b882968f0001a6b12f,1.0,9.0,30903,10.0
673b185687f519c78b2f1e86,3,other,4,67f29249f806e5d43bd01798,0.0,18.0,30903,10.0
673b185687f519c78b2f1e86,10,self,1,673b185687f519c78b2f1e86,0.0,22.0,30910,24.0
673b185687f519c78b2f1e86,10,other,2,6639038205f5175bb2fefbe4,1.0,16.0,30910,16.0
673b185687f519c78b2f1e86,10,other,3,673f0826724d5a6805a38bc8,1.0,18.0,30910,19.0
673b185687f519c78b2f1e86,10,other,4,673bb97db4dca498acdce737,0.0,16.0,30910,19.0
673bdc54bee6e22ce93d7e9f,9,self,1,673bdc54bee6e22ce93d7e9f,1.0,8.0,30989,8.0
673bdc54bee6e22ce93d7e9f,9,other,2,6764697d9d4afb4e6bfe1c4e,1.0,17.0,30989,16.0
673bdc54bee6e22ce93d7e9f,9,other,3,6636e5ffb1e341fa2390a2c0,0.0,23.0,30989,17.0
673bdc54bee6e22ce93d7e9f,9,other,4,5a4d194c87c6f8000137d680,0.0,18.0,30989,25.0
673c1f36a2a0f1b3cac7e5dd,12,self,1,673c1f36a2a0f1b3cac7e5dd,0.0,2.0,31032,8.0
673c1f36a2a0f1b3cac7e5dd,12,other,2,65cdb896f4e7ef9789379659,1.0,20.0,31032,28.0
673c1f36a2a0f1b3cac7e5dd,12,other,3,5e15d85bd62abeba42692ed3,1.0,8.0,31032,12.0
673c1f36a2a0f1b3cac7e5dd,12,other,4,57165ba7c5aca2000a8d32ca,0.0,29.0,31032,25.0
673c1f36a2a0f1b3cac7e5dd,15,self,1,673c1f36a2a0f1b3cac7e5dd,0.0,2.0,31035,8.0
673c1f36a2a0f1b3cac7e5dd,15,other,2,61113f20a9497a72b0c1ed6c,1.0,13.0,31035,16.0
673c1f36a2a0f1b3cac7e5dd,15,other,3,664d2e40c74692f394c62ba5,1.0,9.0,31035,16.0
673c1f36a2a0f1b3cac7e5dd,15,other,4,676d4df3d8f09dc5f1994d7d,0.0,24.0,31035,19.0
673ccffc13c6b41210c3de41,15,self,1,673ccffc13c6b41210c3de41,1.0,13.0,31095,16.0
673ccffc13c6b41210c3de41,15,other,2,669292033e17ed44f8376cab,1.0,10.0,31095,8.0
673ccffc13c6b41210c3de41,15,other,3,55b8d0bffdf99b0f2859fe73,0.0,23.0,31095,33.0
673ccffc13c6b41210c3de41,15,other,4,66908eecc135ec77905c2810,0.0,9.0,31095,11.0
673fdde3acac4ea91c9611ed,13,self,1,673fdde3acac4ea91c9611ed,1.0,11.0,31153,10.0
673fdde3acac4ea91c9611ed,13,other,2,67be395c30843acc70da3078,1.0,11.0,31153,9.0
673fdde3acac4ea91c9611ed,13,other,3,67911b9be5af0ac0763a28c7,0.0,4.0,31153,4.0
673fdde3acac4ea91c9611ed,13,other,4,5858c6178604ae000165e66a,0.0,12.0,31153,10.0
6741952bc1bf313739497ac2,3,self,1,6741952bc1bf313739497ac2,0.0,22.0,31163,17.0
6741952bc1bf313739497ac2,3,other,2,66058651f9c5fb6a8dba7633,1.0,9.0,31163,16.0
6741952bc1bf313739497ac2,3,other,3,5c56025fcb61950001038a76,1.0,12.0,31163,8.0
6741952bc1bf313739497ac2,3,other,4,666355b585eb54794eb9f6c5,0.0,15.0,31163,17.0
6741952bc1bf313739497ac2,5,self,1,6741952bc1bf313739497ac2,0.0,22.0,31165,17.0
6741952bc1bf313739497ac2,5,other,2,67df234b06278e2a4675d416,1.0,8.0,31165,6.0
6741952bc1bf313739497ac2,5,other,3,6685aed20b0f1e245329031e,1.0,9.0,31165,8.0
6741952bc1bf313739497ac2,5,other,4,6658ed9e2802dccba9041ca4,0.0,12.0,31165,12.0
6741952bc1bf313739497ac2,11,self,1,6741952bc1bf313739497ac2,0.0,22.0,31171,17.0
6741952bc1bf313739497ac2,11,other,2,5f60fa0a0543ce036fa68ba0,1.0,5.0,31171,6.0
6741952bc1bf313739497ac2,11,other,3,6726c70622b97e6722fa53d8,1.0,9.0,31171,8.0
6741952bc1bf313739497ac2,11,other,4,605794cd71c6264c6798181b,0.0,12.0,31171,27.0
6741952bc1bf313739497ac2,13,self,1,6741952bc1bf313739497ac2,0.0,22.0,31173,17.0
6741952bc1bf313739497ac2,13,other,2,673f0826724d5a6805a38bc8,1.0,18.0,31173,19.0
6741952bc1bf313739497ac2,13,other,3,6736d9badac6c2599d5b0c5d,1.0,17.0,31173,17.0
6741952bc1bf313739497ac2,13,other,4,67315b4e31944aa214d27e9d,0.0,8.0,31173,10.0
6741d562a02fc6b69d3c6812,5,self,1,6741d562a02fc6b69d3c6812,0.0,11.0,31185,11.0
6741d562a02fc6b69d3c6812,5,other,2,66ae2abb793b4c0a4aee5986,1.0,10.0,31185,11.0
6741d562a02fc6b69d3c6812,5,other,3,6786c02b927bff134b80264c,1.0,11.0,31185,12.0
6741d562a02fc6b69d3c6812,5,other,4,5c93bcb1b2648a0015255c4b,0.0,9.0,31185,13.0
6743316520c610ff047fd40a,9,self,1,6743316520c610ff047fd40a,0.0,8.0,31229,8.0
6743316520c610ff047fd40a,9,other,2,62a6c39ce82d993784c0b352,1.0,13.0,31229,15.0
6743316520c610ff047fd40a,9,other,3,65f8dbfcf51858f174eb7caa,1.0,16.0,31229,13.0
6743316520c610ff047fd40a,9,other,4,62029a55ef1cb18a1337c61a,0.0,16.0,31229,17.0
67433b6e21271e2da703ee36,8,self,1,67433b6e21271e2da703ee36,0.0,12.0,31248,12.0
67433b6e21271e2da703ee36,8,other,2,61486ad7059377d6f08fd91c,1.0,23.0,31248,20.0
67433b6e21271e2da703ee36,8,other,3,667852bad1ab6be8543df6d8,1.0,4.0,31248,20.0
67433b6e21271e2da703ee36,8,other,4,62e4fb6ad37e7941bc6dda4f,0.0,13.0,31248,16.0
67433b6e21271e2da703ee36,14,self,1,67433b6e21271e2da703ee36,0.0,12.0,31254,12.0
67433b6e21271e2da703ee36,14,other,2,66a35864d80b66f563731c3e,1.0,8.0,31254,11.0
67433b6e21271e2da703ee36,14,other,3,5faf5be7eb05711e07faf4cf,1.0,24.0,31254,24.0
67433b6e21271e2da703ee36,14,other,4,5c51c71e556ac300018be1b7,0.0,16.0,31254,11.0
674377f77b539c33d343553c,12,self,1,674377f77b539c33d343553c,1.0,3.0,31292,9.0
674377f77b539c33d343553c,12,other,2,5c8d4db8c6eef00001bd2510,1.0,14.0,31292,9.0
674377f77b539c33d343553c,12,other,3,66475899abb5d338e3f2ba4f,0.0,9.0,31292,13.0
674377f77b539c33d343553c,12,other,4,5ebb26c872b18c0f47c14bb4,0.0,9.0,31292,16.0
674a0461b10836f07aa6d857,6,self,1,674a0461b10836f07aa6d857,0.0,12.0,31426,8.0
674a0461b10836f07aa6d857,6,other,2,5b0d1b8e444cef0001ca66ac,1.0,16.0,31426,13.0
674a0461b10836f07aa6d857,6,other,3,67870824e02758bc16fa96f3,1.0,8.0,31426,8.0
674a0461b10836f07aa6d857,6,other,4,66a6563f5b48ef9ac1d41881,0.0,0.0,31426,5.0
674a488fe640fba145d7171b,5,self,1,674a488fe640fba145d7171b,1.0,5.0,31445,11.0
674a488fe640fba145d7171b,5,other,2,5e3a9e0dfbce8a296258c297,1.0,5.0,31445,3.0
674a488fe640fba145d7171b,5,other,3,654cec9d03f822b4b2b4133a,0.0,18.0,31445,16.0
674a488fe640fba145d7171b,5,other,4,5ea057b821f4e400081b71a7,0.0,13.0,31445,22.0
675354c455030f7ac6a19d47,11,self,1,675354c455030f7ac6a19d47,0.0,5.0,31571,7.0
675354c455030f7ac6a19d47,11,other,2,5d403b7d4e509a0019f664f0,1.0,8.0,31571,6.0
675354c455030f7ac6a19d47,11,other,3,5a46d551b77a5000014a8ce9,1.0,8.0,31571,11.0
675354c455030f7ac6a19d47,11,other,4,62926f5a375553f13d68bc92,0.0,9.0,31571,9.0
6753746b1f8827e2bd586bf0,6,self,1,6753746b1f8827e2bd586bf0,1.0,3.0,31586,8.0
6753746b1f8827e2bd586bf0,6,other,2,66773db510940dbd43e1e679,1.0,3.0,31586,7.0
6753746b1f8827e2bd586bf0,6,other,3,59d4b084115096000190dbce,0.0,12.0,31586,17.0
6753746b1f8827e2bd586bf0,6,other,4,632b9d9bc38454f47019295c,0.0,8.0,31586,16.0
6753746b1f8827e2bd586bf0,17,self,1,6753746b1f8827e2bd586bf0,1.0,3.0,31597,8.0
6753746b1f8827e2bd586bf0,17,other,2,5f2f280854c3203084e218e5,1.0,12.0,31597,11.0
6753746b1f8827e2bd586bf0,17,other,3,6426cfe964863ee2ff26642f,0.0,20.0,31597,16.0
6753746b1f8827e2bd586bf0,17,other,4,63d7d6cae0accfd4f01d661e,0.0,16.0,31597,17.0
6753746b1f8827e2bd586bf0,20,self,1,6753746b1f8827e2bd586bf0,1.0,3.0,31600,8.0
6753746b1f8827e2bd586bf0,20,other,2,60e67bc1585c7158f6f9116a,1.0,21.0,31600,25.0
6753746b1f8827e2bd586bf0,20,other,3,5d5bbd713348d20019c7e832,0.0,20.0,31600,27.0
6753746b1f8827e2bd586bf0,20,other,4,5e62b7646cf0bf04667c8683,0.0,20.0,31600,18.0
675662c8da055bc788c8a805,4,self,1,675662c8da055bc788c8a805,0.0,8.0,31604,5.0
675662c8da055bc788c8a805,4,other,2,5e6a923f59a3bd04d5edc606,1.0,17.0,31604,18.0
675662c8da055bc788c8a805,4,other,3,66df5574de7eab990c808f55,1.0,10.0,31604,11.0
675662c8da055bc788c8a805,4,other,4,601fd27860b197531ca7bdcc,0.0,13.0,31604,13.0
675662c8da055bc788c8a805,7,self,1,675662c8da055bc788c8a805,0.0,8.0,31607,5.0
675662c8da055bc788c8a805,7,other,2,671b8aa1c4ef721a8f684d2c,1.0,14.0,31607,3.0
675662c8da055bc788c8a805,7,other,3,62fb8e94ce94179d6a4e8277,1.0,8.0,31607,20.0
675662c8da055bc788c8a805,7,other,4,55e356dac70c7a00052a57ec,0.0,14.0,31607,17.0
6759fa50a9bb240e423de357,18,self,1,6759fa50a9bb240e423de357,0.0,25.0,31678,17.0
6759fa50a9bb240e423de357,18,other,2,608349d97d46ab71fc6c7111,1.0,10.0,31678,8.0
6759fa50a9bb240e423de357,18,other,3,615a170c6eca532c6f57e09c,1.0,18.0,31678,16.0
6759fa50a9bb240e423de357,18,other,4,674f598ded47fd75002ee276,0.0,18.0,31678,12.0
675b6bf5887bccb7fad6c44d,10,self,1,675b6bf5887bccb7fad6c44d,1.0,11.0,31730,17.0
675b6bf5887bccb7fad6c44d,10,other,2,6644ba9c868c5e3ef67f56db,1.0,21.0,31730,18.0
675b6bf5887bccb7fad6c44d,10,other,3,60febe4bb7d1055665da0413,0.0,23.0,31730,16.0
675b6bf5887bccb7fad6c44d,10,other,4,5c345ebad4f77a0001a91ec0,0.0,10.0,31730,19.0
675cf75e3c237ff931f4a43e,4,self,1,675cf75e3c237ff931f4a43e,1.0,13.0,31764,16.0
675cf75e3c237ff931f4a43e,4,other,2,59ff1a23f2e3460001eda6d5,1.0,18.0,31764,14.0
675cf75e3c237ff931f4a43e,4,other,3,582468295f4d1c0001c7c467,0.0,9.0,31764,16.0
675cf75e3c237ff931f4a43e,4,other,4,677168d70ec2f9f7f9f6ac05,0.0,12.0,31764,21.0
67605405bfd9f40dd7ca2a24,18,self,1,67605405bfd9f40dd7ca2a24,0.0,17.0,31818,19.0
67605405bfd9f40dd7ca2a24,18,other,2,655f7eb9ae6c61138f8bac86,1.0,15.0,31818,17.0
67605405bfd9f40dd7ca2a24,18,other,3,6449103e84f82d613e8d6d73,1.0,18.0,31818,16.0
67605405bfd9f40dd7ca2a24,18,other,4,6776cdf98d57e424a247e48a,0.0,24.0,31818,16.0
6760543367c90a33716225be,9,self,1,6760543367c90a33716225be,1.0,20.0,31829,24.0
6760543367c90a33716225be,9,other,2,655d867ce204d4f63c3533df,1.0,24.0,31829,19.0
6760543367c90a33716225be,9,other,3,668d6f9d885ecaee43b116ab,0.0,15.0,31829,16.0
6760543367c90a33716225be,9,other,4,63e53d570132a56f38a678ee,0.0,9.0,31829,10.0
676065103aced1871a84ec5c,15,self,1,676065103aced1871a84ec5c,1.0,10.0,31915,10.0
676065103aced1871a84ec5c,15,other,2,6310ccbda708843d8c079b6d,1.0,12.0,31915,16.0
676065103aced1871a84ec5c,15,other,3,63468b4dc2726a47dac86511,0.0,27.0,31915,25.0
676065103aced1871a84ec5c,15,other,4,668c65ea561d096dc00ce7e9,0.0,24.0,31915,16.0
67606cca6591f7023be55e8e,11,self,1,67606cca6591f7023be55e8e,0.0,16.0,31931,17.0
67606cca6591f7023be55e8e,11,other,2,656d24ca2d90244628b2960e,1.0,20.0,31931,17.0
67606cca6591f7023be55e8e,11,other,3,66903bb5296cadf03b1a6d6e,1.0,9.0,31931,5.0
67606cca6591f7023be55e8e,11,other,4,65e9b627677d2452e3c72b89,0.0,12.0,31931,17.0
67609d6700aaf43f68f72f96,18,self,1,67609d6700aaf43f68f72f96,0.0,19.0,31978,17.0
67609d6700aaf43f68f72f96,18,other,2,5ed40545225e613ba9f16b57,1.0,16.0,31978,17.0
67609d6700aaf43f68f72f96,18,other,3,676054fd8c08c71e4bb7c969,1.0,12.0,31978,16.0
67609d6700aaf43f68f72f96,18,other,4,671fff4fced93c3e5a17f230,0.0,12.0,31978,10.0
67617ff8a1f4fa350af4fbb5,14,self,1,67617ff8a1f4fa350af4fbb5,1.0,14.0,32014,17.0
67617ff8a1f4fa350af4fbb5,14,other,2,60e05286953f8b51d4f6661c,1.0,8.0,32014,9.0
67617ff8a1f4fa350af4fbb5,14,other,3,66606507ffb63756e160e3d6,0.0,13.0,32014,15.0
67617ff8a1f4fa350af4fbb5,14,other,4,6633ee8ca35ae4b909110ee3,0.0,12.0,32014,11.0
6762b4b35727c93b16762405,12,self,1,6762b4b35727c93b16762405,1.0,6.0,32052,14.0
6762b4b35727c93b16762405,12,other,2,5c927effc719fc00157df08d,1.0,16.0,32052,9.0
6762b4b35727c93b16762405,12,other,3,642c017454a2ad4b871f3dbf,0.0,16.0,32052,12.0
6762b4b35727c93b16762405,12,other,4,66798512ca5cefed438180bc,0.0,13.0,32052,18.0
67657e578046d60e4b772013,11,self,1,67657e578046d60e4b772013,0.0,20.0,32191,18.0
67657e578046d60e4b772013,11,other,2,583ef6f5ad2f4300014b358d,1.0,16.0,32191,16.0
67657e578046d60e4b772013,11,other,3,568708c6369319000c268f8d,1.0,10.0,32191,3.0
67657e578046d60e4b772013,11,other,4,666f9b23519a8d810a4c5b8a,0.0,5.0,32191,13.0
6765d333ac870a0a1b66157c,12,self,1,6765d333ac870a0a1b66157c,0.0,10.0,32252,11.0
6765d333ac870a0a1b66157c,12,other,2,6384704a7b906e6298d5087f,1.0,12.0,32252,14.0
6765d333ac870a0a1b66157c,12,other,3,6601e63cd1d87faee4745a2b,1.0,18.0,32252,17.0
6765d333ac870a0a1b66157c,12,other,4,64fa825ca23617b750fdb4c6,0.0,10.0,32252,19.0
6765db00a847d25603e7ac52,6,self,1,6765db00a847d25603e7ac52,1.0,0.0,32266,4.0
6765db00a847d25603e7ac52,6,other,2,6724d3673a5391f6e028d659,1.0,4.0,32266,9.0
6765db00a847d25603e7ac52,6,other,3,63d3f940fcdb352e6bfd9715,0.0,17.0,32266,16.0
6765db00a847d25603e7ac52,6,other,4,5bf5aa89d944c300012634cc,0.0,26.0,32266,18.0
6765db00a847d25603e7ac52,12,self,1,6765db00a847d25603e7ac52,1.0,0.0,32272,4.0
6765db00a847d25603e7ac52,12,other,2,59e71a3b1ac65d0001eb47ac,1.0,16.0,32272,16.0
6765db00a847d25603e7ac52,12,other,3,68c9a88016a72793ea49ad8c,0.0,12.0,32272,17.0
6765db00a847d25603e7ac52,12,other,4,63b726bd148ea7d9910f50d2,0.0,16.0,32272,11.0
6769288134782c10a82b7080,13,self,1,6769288134782c10a82b7080,1.0,3.0,32393,10.0
6769288134782c10a82b7080,13,other,2,6724d3673a5391f6e028d659,1.0,4.0,32393,9.0
6769288134782c10a82b7080,13,other,3,66fdd81f708d36dbc86f85be,0.0,9.0,32393,13.0
6769288134782c10a82b7080,13,other,4,677495e069e5abd571445a65,0.0,18.0,32393,17.0
676aa9c4bde30e11da44f128,12,self,1,676aa9c4bde30e11da44f128,1.0,13.0,32412,17.0
676aa9c4bde30e11da44f128,12,other,2,60e3909f3ccba8f4df5e5848,1.0,17.0,32412,16.0
676aa9c4bde30e11da44f128,12,other,3,5ea0627f31802801d5675c08,0.0,9.0,32412,2.0
676aa9c4bde30e11da44f128,12,other,4,63d9cfec2060a424e3495756,0.0,26.0,32412,10.0
676b1d6b2bdeb2fceba3e03b,1,self,1,676b1d6b2bdeb2fceba3e03b,0.0,27.0,32421,24.0
676b1d6b2bdeb2fceba3e03b,1,other,2,5efcf3be07207311b09d14ab,1.0,11.0,32421,16.0
676b1d6b2bdeb2fceba3e03b,1,other,3,66116b936273edeae82eb481,1.0,10.0,32421,9.0
676b1d6b2bdeb2fceba3e03b,1,other,4,677168d70ec2f9f7f9f6ac05,0.0,12.0,32421,21.0
676b1d6b2bdeb2fceba3e03b,3,self,1,676b1d6b2bdeb2fceba3e03b,0.0,27.0,32423,24.0
676b1d6b2bdeb2fceba3e03b,3,other,2,673b7de4a2e905d7e456db70,1.0,11.0,32423,9.0
676b1d6b2bdeb2fceba3e03b,3,other,3,5d9b02cd4ce5d302eb84801d,1.0,12.0,32423,19.0
676b1d6b2bdeb2fceba3e03b,3,other,4,65fe68e5b1d5c8d77f85ea15,0.0,9.0,32423,9.0
676b1d6b2bdeb2fceba3e03b,4,self,1,676b1d6b2bdeb2fceba3e03b,0.0,27.0,32424,24.0
676b1d6b2bdeb2fceba3e03b,4,other,2,6652bf7eba7a8a81e1d1679b,1.0,18.0,32424,16.0
676b1d6b2bdeb2fceba3e03b,4,other,3,6776b7f857f30f9dfdcac3b1,1.0,6.0,32424,10.0
676b1d6b2bdeb2fceba3e03b,4,other,4,67606cca6591f7023be55e8e,0.0,16.0,32424,17.0
676b1d6b2bdeb2fceba3e03b,5,self,1,676b1d6b2bdeb2fceba3e03b,0.0,27.0,32425,24.0
676b1d6b2bdeb2fceba3e03b,5,other,2,676062b507205eb7b42c2a24,1.0,10.0,32425,15.0
676b1d6b2bdeb2fceba3e03b,5,other,3,615f097035d3a6a38238039b,1.0,10.0,32425,16.0
676b1d6b2bdeb2fceba3e03b,5,other,4,59014a56baa70f0001ea4c3b,0.0,11.0,32425,16.0
676b1d6b2bdeb2fceba3e03b,6,self,1,676b1d6b2bdeb2fceba3e03b,0.0,27.0,32426,24.0
676b1d6b2bdeb2fceba3e03b,6,other,2,590dd1c5584166000110eb16,1.0,8.0,32426,16.0
676b1d6b2bdeb2fceba3e03b,6,other,3,66d2537675f4f1fc0aded926,1.0,17.0,32426,8.0
676b1d6b2bdeb2fceba3e03b,6,other,4,58cdc4790b6a0e00011d822f,0.0,23.0,32426,24.0
676b1d6b2bdeb2fceba3e03b,11,self,1,676b1d6b2bdeb2fceba3e03b,0.0,27.0,32431,24.0
676b1d6b2bdeb2fceba3e03b,11,other,2,680e1b9a36b987121bbc9c9a,1.0,9.0,32431,15.0
676b1d6b2bdeb2fceba3e03b,11,other,3,6659f601d56e7e7f20ceb67d,1.0,20.0,32431,16.0
676b1d6b2bdeb2fceba3e03b,11,other,4,653d14bc14d143d888af01b0,0.0,16.0,32431,13.0
676b1d6b2bdeb2fceba3e03b,14,self,1,676b1d6b2bdeb2fceba3e03b,0.0,27.0,32434,24.0
676b1d6b2bdeb2fceba3e03b,14,other,2,6724f64f20aa833adf9702eb,1.0,12.0,32434,12.0
676b1d6b2bdeb2fceba3e03b,14,other,3,60154af277ec314fd8fe1449,1.0,13.0,32434,17.0
676b1d6b2bdeb2fceba3e03b,14,other,4,5f1c29f047a90a049690ef7e,0.0,18.0,32434,12.0
676c9fdb29eb6558c47a3a25,16,self,1,676c9fdb29eb6558c47a3a25,0.0,18.0,32496,17.0
676c9fdb29eb6558c47a3a25,16,other,2,6788d82f8ec0422c248b737a,1.0,17.0,32496,10.0
676c9fdb29eb6558c47a3a25,16,other,3,5967e9a831394d0001abdb3f,1.0,17.0,32496,16.0
676c9fdb29eb6558c47a3a25,16,other,4,66b732e2824f3862c1739187,0.0,11.0,32496,9.0
676cf85a261dedbddea3e240,7,self,1,676cf85a261dedbddea3e240,1.0,16.0,32507,12.0
676cf85a261dedbddea3e240,7,other,2,67648b2d2ca3bdd206096be7,1.0,8.0,32507,9.0
676cf85a261dedbddea3e240,7,other,3,5af3aa0e97a14300017d3c6e,0.0,27.0,32507,21.0
676cf85a261dedbddea3e240,7,other,4,6294ea804cdf1298eefa87ac,0.0,17.0,32507,4.0
676d4df3d8f09dc5f1994d7d,16,self,1,676d4df3d8f09dc5f1994d7d,0.0,24.0,32536,19.0
676d4df3d8f09dc5f1994d7d,16,other,2,6294b77f8782497d0f35bd25,1.0,18.0,32536,11.0
676d4df3d8f09dc5f1994d7d,16,other,3,66043087e6f547531945bb3f,1.0,11.0,32536,17.0
676d4df3d8f09dc5f1994d7d,16,other,4,63d076d846d3d9dc35910778,0.0,19.0,32536,19.0
676edb8ebfddac82b8e23c49,18,self,1,676edb8ebfddac82b8e23c49,1.0,21.0,32638,21.0
676edb8ebfddac82b8e23c49,18,other,2,5be5c05fd153f500019a2ef2,1.0,14.0,32638,6.0
676edb8ebfddac82b8e23c49,18,other,3,606479c20b621e3a22d6c0d5,0.0,11.0,32638,14.0
676edb8ebfddac82b8e23c49,18,other,4,5ca102f57114700016da340d,0.0,2.0,32638,5.0
676f2ff678d74407b518207d,2,self,1,676f2ff678d74407b518207d,0.0,26.0,32662,25.0
676f2ff678d74407b518207d,2,other,2,6762e3d80af1b3f2a2c3895a,1.0,9.0,32662,17.0
676f2ff678d74407b518207d,2,other,3,60b0015eb67dca63ffe16ae0,1.0,17.0,32662,16.0
676f2ff678d74407b518207d,2,other,4,6927765bbe35814d222e4fe7,0.0,14.0,32662,12.0
676f2ff678d74407b518207d,20,self,1,676f2ff678d74407b518207d,0.0,26.0,32680,25.0
676f2ff678d74407b518207d,20,other,2,6753746b1f8827e2bd586bf0,1.0,3.0,32680,8.0
676f2ff678d74407b518207d,20,other,3,673bdc54bee6e22ce93d7e9f,1.0,8.0,32680,8.0
676f2ff678d74407b518207d,20,other,4,5b1bc42168a5ed0001737ef3,0.0,16.0,32680,13.0
6772e0f1846cebdd54673b53,7,self,1,6772e0f1846cebdd54673b53,0.0,9.0,32707,8.0
6772e0f1846cebdd54673b53,7,other,2,65ca7ce3db12aa7ea5156a0c,1.0,17.0,32707,8.0
6772e0f1846cebdd54673b53,7,other,3,671ac509e93a57b5220b3d4e,1.0,6.0,32707,8.0
6772e0f1846cebdd54673b53,7,other,4,5ea0627f31802801d5675c08,0.0,9.0,32707,2.0
6772e6e99175cf9e55106a7f,6,self,1,6772e6e99175cf9e55106a7f,1.0,18.0,32726,13.0
6772e6e99175cf9e55106a7f,6,other,2,562a2eaac8ffc20012514145,1.0,22.0,32726,17.0
6772e6e99175cf9e55106a7f,6,other,3,65fd19896d58d64c0d8cbc3c,0.0,29.0,32726,33.0
6772e6e99175cf9e55106a7f,6,other,4,58106d17a513590001b1ec9e,0.0,10.0,32726,9.0
6772ea8aacb21b017a2069e2,13,self,1,6772ea8aacb21b017a2069e2,0.0,20.0,32753,11.0
6772ea8aacb21b017a2069e2,13,other,2,673f0826724d5a6805a38bc8,1.0,18.0,32753,19.0
6772ea8aacb21b017a2069e2,13,other,3,5c1ebf5f658e9200017ae7e9,1.0,9.0,32753,12.0
6772ea8aacb21b017a2069e2,13,other,4,5c4e38f4d3a5e300018363ba,0.0,11.0,32753,9.0
6772ed74a16a7086a77e5d6e,2,self,1,6772ed74a16a7086a77e5d6e,1.0,25.0,32782,24.0
6772ed74a16a7086a77e5d6e,2,other,2,677dc8b2a9160d395ca7e008,1.0,10.0,32782,16.0
6772ed74a16a7086a77e5d6e,2,other,3,6732a0596021ef9a4ca8a50c,0.0,17.0,32782,12.0
6772ed74a16a7086a77e5d6e,2,other,4,5dd31871c5faa232d3c20365,0.0,18.0,32782,13.0
6772ed74a16a7086a77e5d6e,3,self,1,6772ed74a16a7086a77e5d6e,1.0,25.0,32783,24.0
6772ed74a16a7086a77e5d6e,3,other,2,6736d9badac6c2599d5b0c5d,1.0,17.0,32783,17.0
6772ed74a16a7086a77e5d6e,3,other,3,679332b7a7378f8f63f9ab84,0.0,16.0,32783,9.0
6772ed74a16a7086a77e5d6e,3,other,4,678f63d745cfeeb045058525,0.0,9.0,32783,16.0
6773e80a0f70aac32ee3dfda,14,self,1,6773e80a0f70aac32ee3dfda,1.0,24.0,32994,22.0
6773e80a0f70aac32ee3dfda,14,other,2,60c20abfdccab926283d8f7f,1.0,12.0,32994,17.0
6773e80a0f70aac32ee3dfda,14,other,3,66d45f42363a8f00a02d8581,0.0,16.0,32994,17.0
6773e80a0f70aac32ee3dfda,14,other,4,63d79f49175ff7b8a55787b7,0.0,17.0,32994,20.0
6774178b928c3f8366f4c2ef,9,self,1,6774178b928c3f8366f4c2ef,1.0,15.0,33029,18.0
6774178b928c3f8366f4c2ef,9,other,2,678da017eecfeb40cd30b706,1.0,16.0,33029,12.0
6774178b928c3f8366f4c2ef,9,other,3,67605405bfd9f40dd7ca2a24,0.0,17.0,33029,19.0
6774178b928c3f8366f4c2ef,9,other,4,671038fb26ff82aa6081d040,0.0,4.0,33029,8.0
6774178b928c3f8366f4c2ef,13,self,1,6774178b928c3f8366f4c2ef,1.0,15.0,33033,18.0
6774178b928c3f8366f4c2ef,13,other,2,5dae30fea05d370017a0b47f,1.0,3.0,33033,8.0
6774178b928c3f8366f4c2ef,13,other,3,5e53eb33ef87a902f39b1b77,0.0,34.0,33033,24.0
6774178b928c3f8366f4c2ef,13,other,4,67c5d7d4bfda0ffd6d9a5ef8,0.0,16.0,33033,18.0
6774178b928c3f8366f4c2ef,14,self,1,6774178b928c3f8366f4c2ef,1.0,15.0,33034,18.0
6774178b928c3f8366f4c2ef,14,other,2,5e1829a4388ec910efd56602,1.0,12.0,33034,16.0
6774178b928c3f8366f4c2ef,14,other,3,5a870482f49c9a0001f3941b,0.0,9.0,33034,12.0
6774178b928c3f8366f4c2ef,14,other,4,610525c46749d49578a452d7,0.0,16.0,33034,25.0
6774178b928c3f8366f4c2ef,20,self,1,6774178b928c3f8366f4c2ef,1.0,15.0,33040,18.0
6774178b928c3f8366f4c2ef,20,other,2,5f273a1646f68e514633ee27,1.0,16.0,33040,17.0
6774178b928c3f8366f4c2ef,20,other,3,67e3281497a9f68c5c7ff062,0.0,8.0,33040,1.0
6774178b928c3f8366f4c2ef,20,other,4,665d92a608fef982937744df,0.0,18.0,33040,17.0
6774ba2b35bfe170ef2d7c87,8,self,1,6774ba2b35bfe170ef2d7c87,1.0,16.0,33088,16.0
6774ba2b35bfe170ef2d7c87,8,other,2,61680035775d6be6c3034464,1.0,12.0,33088,16.0
6774ba2b35bfe170ef2d7c87,8,other,3,6765d333ac870a0a1b66157c,0.0,10.0,33088,11.0
6774ba2b35bfe170ef2d7c87,8,other,4,67253674cbd9660a78160144,0.0,9.0,33088,11.0
6775f7bf80cba9df1032a472,12,self,1,6775f7bf80cba9df1032a472,1.0,10.0,33132,17.0
6775f7bf80cba9df1032a472,12,other,2,63d405a83ba700cc5bb12e9c,1.0,17.0,33132,17.0
6775f7bf80cba9df1032a472,12,other,3,60ebe66b7b32aea5c8a892df,0.0,13.0,33132,9.0
6775f7bf80cba9df1032a472,12,other,4,62926f5a375553f13d68bc92,0.0,9.0,33132,9.0
6776b7f857f30f9dfdcac3b1,1,self,1,6776b7f857f30f9dfdcac3b1,1.0,6.0,33141,10.0
6776b7f857f30f9dfdcac3b1,1,other,2,5d07ce4eb4fd5c001cee075c,1.0,16.0,33141,19.0
6776b7f857f30f9dfdcac3b1,1,other,3,65e209621fce0d5fd8b3265f,0.0,17.0,33141,16.0
6776b7f857f30f9dfdcac3b1,1,other,4,66620cf0297a4b3c61f5a8ee,0.0,21.0,33141,18.0
6776b7f857f30f9dfdcac3b1,10,self,1,6776b7f857f30f9dfdcac3b1,1.0,6.0,33150,10.0
6776b7f857f30f9dfdcac3b1,10,other,2,665f5996311028ec49e7aef7,1.0,12.0,33150,16.0
6776b7f857f30f9dfdcac3b1,10,other,3,671fff4fced93c3e5a17f230,0.0,12.0,33150,10.0
6776b7f857f30f9dfdcac3b1,10,other,4,5de831cad4995d000c5fb540,0.0,10.0,33150,0.0
6776c27223642df043c8d191,6,self,1,6776c27223642df043c8d191,1.0,25.0,33206,21.0
6776c27223642df043c8d191,6,other,2,5c72af4a04d7bc00013899b3,1.0,8.0,33206,8.0
6776c27223642df043c8d191,6,other,3,641359b5040c453203e2c088,0.0,8.0,33206,0.0
6776c27223642df043c8d191,6,other,4,606f9bca353fc36aba9ccb8b,0.0,14.0,33206,11.0
6776cdf98d57e424a247e48a,19,self,1,6776cdf98d57e424a247e48a,0.0,24.0,33259,16.0
6776cdf98d57e424a247e48a,19,other,2,67e9c73caada4a6aea341f5b,1.0,9.0,33259,11.0
6776cdf98d57e424a247e48a,19,other,3,61fa9085d42cb19beec4915d,1.0,29.0,33259,18.0
6776cdf98d57e424a247e48a,19,other,4,67d1d172e049a486152a5ce9,0.0,8.0,33259,7.0
6776ff8423305566de4ec90e,12,self,1,6776ff8423305566de4ec90e,0.0,18.0,33272,11.0
6776ff8423305566de4ec90e,12,other,2,6139bb7008f1e7f556c8b7d2,1.0,22.0,33272,17.0
6776ff8423305566de4ec90e,12,other,3,66479cbe39361370f0d85484,1.0,16.0,33272,16.0
6776ff8423305566de4ec90e,12,other,4,63f77983c22478f8fb1d79a8,0.0,24.0,33272,29.0
677a8e5affbe5673b3a79e6b,14,self,1,677a8e5affbe5673b3a79e6b,0.0,14.0,33354,11.0
677a8e5affbe5673b3a79e6b,14,other,2,5d403b7d4e509a0019f664f0,1.0,8.0,33354,6.0
677a8e5affbe5673b3a79e6b,14,other,3,5f540fc665e3b6148c04f10e,1.0,8.0,33354,9.0
677a8e5affbe5673b3a79e6b,14,other,4,6773f2c6f59707888206bdd1,0.0,8.0,33354,10.0
677c0ace1bbf48bb7c96aeaa,3,self,1,677c0ace1bbf48bb7c96aeaa,0.0,14.0,33423,11.0
677c0ace1bbf48bb7c96aeaa,3,other,2,6310ccbda708843d8c079b6d,1.0,12.0,33423,16.0
677c0ace1bbf48bb7c96aeaa,3,other,3,67574b45d3ce260ceb80bbce,1.0,17.0,33423,18.0
677c0ace1bbf48bb7c96aeaa,3,other,4,594a481105e73f0001450009,0.0,10.0,33423,16.0
677c314658f46f3c0f19ba34,4,self,1,677c314658f46f3c0f19ba34,1.0,21.0,33444,18.0
677c314658f46f3c0f19ba34,4,other,2,5e99c8efae829502a02f6fc8,1.0,15.0,33444,17.0
677c314658f46f3c0f19ba34,4,other,3,5f8ef8e63fdd230d00f5d0e4,0.0,18.0,33444,12.0
677c314658f46f3c0f19ba34,4,other,4,62f4904296e62ae6c19127d4,0.0,8.0,33444,10.0
678006318afafe2d811d0277,13,self,1,678006318afafe2d811d0277,1.0,17.0,33673,16.0
678006318afafe2d811d0277,13,other,2,5cb128db0d14d3001838eef5,1.0,8.0,33673,8.0
678006318afafe2d811d0277,13,other,3,5d776e218a8d1d00166d36a6,0.0,19.0,33673,21.0
678006318afafe2d811d0277,13,other,4,66798cc98973f70b7de20460,0.0,16.0,33673,15.0
678006318afafe2d811d0277,20,self,1,678006318afafe2d811d0277,1.0,17.0,33680,16.0
678006318afafe2d811d0277,20,other,2,65c1158c42ae46b4f170955f,1.0,12.0,33680,22.0
678006318afafe2d811d0277,20,other,3,66ae2a8f58c3485c675da734,0.0,1.0,33680,0.0
678006318afafe2d811d0277,20,other,4,60008e2ee4d8c913c602e0cd,0.0,20.0,33680,18.0
6784b30f53480442d02d21b8,18,self,1,6784b30f53480442d02d21b8,1.0,8.0,33778,3.0
6784b30f53480442d02d21b8,18,other,2,60e05286953f8b51d4f6661c,1.0,8.0,33778,9.0
6784b30f53480442d02d21b8,18,other,3,675c96124915bd60cd4720e3,0.0,4.0,33778,4.0
6784b30f53480442d02d21b8,18,other,4,574cca765e5491000f3c89e0,0.0,12.0,33778,9.0
6785afa8e35496081ab1cd5b,10,self,1,6785afa8e35496081ab1cd5b,1.0,25.0,33850,21.0
6785afa8e35496081ab1cd5b,10,other,2,60db380112e336c6450e22ce,1.0,10.0,33850,3.0
6785afa8e35496081ab1cd5b,10,other,3,678f63d745cfeeb045058525,0.0,9.0,33850,16.0
6785afa8e35496081ab1cd5b,10,other,4,628f827eeb876ed2617881e7,0.0,19.0,33850,18.0
6786ac16415168abd9f21d6b,16,self,1,6786ac16415168abd9f21d6b,1.0,9.0,33876,16.0
6786ac16415168abd9f21d6b,16,other,2,5edff4f2ffed853362263267,1.0,8.0,33876,11.0
6786ac16415168abd9f21d6b,16,other,3,6138e9d4aa1428328bee7cf3,0.0,8.0,33876,2.0
6786ac16415168abd9f21d6b,16,other,4,61646e7ec3accfb9d8334ad5,0.0,2.0,33876,8.0
6788d82f8ec0422c248b737a,14,self,1,6788d82f8ec0422c248b737a,1.0,17.0,33934,10.0
6788d82f8ec0422c248b737a,14,other,2,5d2e3cdf6835130001aa16f0,1.0,7.0,33934,9.0
6788d82f8ec0422c248b737a,14,other,3,67433b6e21271e2da703ee36,0.0,12.0,33934,12.0
6788d82f8ec0422c248b737a,14,other,4,5b098ce4e80ba400017f75de,0.0,9.0,33934,17.0
6788d82f8ec0422c248b737a,16,self,1,6788d82f8ec0422c248b737a,1.0,17.0,33936,10.0
6788d82f8ec0422c248b737a,16,other,2,5d920df12b679a00182bbc73,1.0,13.0,33936,12.0
6788d82f8ec0422c248b737a,16,other,3,62c08fa6cab36e3a08790b49,0.0,11.0,33936,8.0
6788d82f8ec0422c248b737a,16,other,4,677c3d0ebaa424fbb517455b,0.0,17.0,33936,17.0
678999ae711e51b34f896a93,1,self,1,678999ae711e51b34f896a93,0.0,5.0,33941,9.0
678999ae711e51b34f896a93,1,other,2,59e71a3b1ac65d0001eb47ac,1.0,16.0,33941,16.0
678999ae711e51b34f896a93,1,other,3,63d420b1d5b7dc6a3a4c50aa,1.0,6.0,33941,2.0
678999ae711e51b34f896a93,1,other,4,6672d841976c5e0961cc8883,0.0,20.0,33941,29.0
678999ae711e51b34f896a93,3,self,1,678999ae711e51b34f896a93,0.0,5.0,33943,9.0
678999ae711e51b34f896a93,3,other,2,681561229a9918d9b5803acc,1.0,16.0,33943,1.0
678999ae711e51b34f896a93,3,other,3,5d192384c1e685001a907257,1.0,10.0,33943,17.0
678999ae711e51b34f896a93,3,other,4,6764a389994250f1af5a209c,0.0,12.0,33943,24.0
678999ae711e51b34f896a93,11,self,1,678999ae711e51b34f896a93,0.0,5.0,33951,9.0
678999ae711e51b34f896a93,11,other,2,678da017eecfeb40cd30b706,1.0,16.0,33951,12.0
678999ae711e51b34f896a93,11,other,3,6765db00a847d25603e7ac52,1.0,0.0,33951,4.0
678999ae711e51b34f896a93,11,other,4,5f0e9896f5e4e11e12c8f5ac,0.0,20.0,33951,18.0
678999ae711e51b34f896a93,14,self,1,678999ae711e51b34f896a93,0.0,5.0,33954,9.0
678999ae711e51b34f896a93,14,other,2,6130bf45d26aace770c8a217,1.0,9.0,33954,3.0
678999ae711e51b34f896a93,14,other,3,676df4319d4ed64ca5e20cdc,1.0,16.0,33954,17.0
678999ae711e51b34f896a93,14,other,4,6009f30d89becb1172102508,0.0,16.0,33954,12.0
678d6789735a95ab459fd640,14,self,1,678d6789735a95ab459fd640,0.0,24.0,33994,21.0
678d6789735a95ab459fd640,14,other,2,668c1b6dc2285a0b0ce0add5,1.0,14.0,33994,15.0
678d6789735a95ab459fd640,14,other,3,670ff7a65beb0c8e83fe3fa3,1.0,9.0,33994,8.0
678d6789735a95ab459fd640,14,other,4,6773e0b40f0b2ff8e3f09da3,0.0,18.0,33994,13.0
67901f88600a4a86b07e5d99,15,self,1,67901f88600a4a86b07e5d99,1.0,12.0,34115,13.0
67901f88600a4a86b07e5d99,15,other,2,65ea41d8c31c744b580de3ee,1.0,13.0,34115,20.0
67901f88600a4a86b07e5d99,15,other,3,668a922e45bcf95efdf3de93,0.0,11.0,34115,13.0
67901f88600a4a86b07e5d99,15,other,4,678999ae711e51b34f896a93,0.0,5.0,34115,9.0
67911b9be5af0ac0763a28c7,17,self,1,67911b9be5af0ac0763a28c7,0.0,4.0,34137,4.0
67911b9be5af0ac0763a28c7,17,other,2,67265982eb0c3fc495c6e33a,1.0,18.0,34137,12.0
67911b9be5af0ac0763a28c7,17,other,3,671b8aa1c4ef721a8f684d2c,1.0,14.0,34137,3.0
67911b9be5af0ac0763a28c7,17,other,4,6634e135e21f434b89972882,0.0,12.0,34137,14.0
67a95d468d14bd6324b4bbba,17,self,1,67a95d468d14bd6324b4bbba,0.0,5.0,34317,17.0
67a95d468d14bd6324b4bbba,17,other,2,60a4d6687102dca378b945bb,1.0,14.0,34317,15.0
67a95d468d14bd6324b4bbba,17,other,3,66463e116fc8d8d5ad34e273,1.0,18.0,34317,10.0
67a95d468d14bd6324b4bbba,17,other,4,5f6e71ea9dd5cb3b2bdb45b6,0.0,13.0,34317,14.0
67aba3ae1192aa61b99fe6c7,1,self,1,67aba3ae1192aa61b99fe6c7,0.0,10.0,34321,10.0
67aba3ae1192aa61b99fe6c7,1,other,2,66ca41de318c12cd9f59b13a,1.0,12.0,34321,16.0
67aba3ae1192aa61b99fe6c7,1,other,3,6501bb247a918443bb34fc33,1.0,10.0,34321,16.0
67aba3ae1192aa61b99fe6c7,1,other,4,644a9152838d4d270af3b94f,0.0,14.0,34321,9.0
67aba3ae1192aa61b99fe6c7,12,self,1,67aba3ae1192aa61b99fe6c7,0.0,10.0,34332,10.0
67aba3ae1192aa61b99fe6c7,12,other,2,5eac3dc896a6242689110c31,1.0,8.0,34332,9.0
67aba3ae1192aa61b99fe6c7,12,other,3,682ea2d42d55eac9ceeac8aa,1.0,5.0,34332,8.0
67aba3ae1192aa61b99fe6c7,12,other,4,66606507ffb63756e160e3d6,0.0,13.0,34332,15.0
67acfb68c3860389b0c4db4b,16,self,1,67acfb68c3860389b0c4db4b,1.0,10.0,34376,18.0
67acfb68c3860389b0c4db4b,16,other,2,5e38e49a8445881060c60eaf,1.0,15.0,34376,15.0
67acfb68c3860389b0c4db4b,16,other,3,60858334390f28f5a4fb79d3,0.0,16.0,34376,8.0
67acfb68c3860389b0c4db4b,16,other,4,5a870482f49c9a0001f3941b,0.0,9.0,34376,12.0
67ad9cde850439d06ff7f242,7,self,1,67ad9cde850439d06ff7f242,0.0,15.0,34407,21.0
67ad9cde850439d06ff7f242,7,other,2,67a796cd3ddc2ecc4a26fa35,1.0,11.0,34407,12.0
67ad9cde850439d06ff7f242,7,other,3,673f6ffebce20832346325de,1.0,10.0,34407,12.0
67ad9cde850439d06ff7f242,7,other,4,66798cc98973f70b7de20460,0.0,16.0,34407,15.0
67ad9cde850439d06ff7f242,16,self,1,67ad9cde850439d06ff7f242,0.0,15.0,34416,21.0
67ad9cde850439d06ff7f242,16,other,2,63e52076fc677ee3ccce9a4d,1.0,17.0,34416,11.0
67ad9cde850439d06ff7f242,16,other,3,5e740451f1e6520f51f3eece,1.0,13.0,34416,19.0
67ad9cde850439d06ff7f242,16,other,4,558955ebfdf99b6bd06016c9,0.0,25.0,34416,27.0
67bf2c95cf70e4409f3fb705,13,self,1,67bf2c95cf70e4409f3fb705,0.0,16.0,34493,17.0
67bf2c95cf70e4409f3fb705,13,other,2,5bc913d99427200001dd47f5,1.0,19.0,34493,16.0
67bf2c95cf70e4409f3fb705,13,other,3,60e3909f3ccba8f4df5e5848,1.0,17.0,34493,16.0
67bf2c95cf70e4409f3fb705,13,other,4,67cdf158555dc24e9c13714a,0.0,3.0,34493,5.0
67c4a762d14492d4aed05e7b,3,self,1,67c4a762d14492d4aed05e7b,1.0,12.0,34543,17.0
67c4a762d14492d4aed05e7b,3,other,2,67c1d6d98c8787be36609212,1.0,11.0,34543,5.0
67c4a762d14492d4aed05e7b,3,other,3,602c0fc2eff74b4748e9b41e,0.0,18.0,34543,19.0
67c4a762d14492d4aed05e7b,3,other,4,667af145fa8225b6be0e79b8,0.0,7.0,34543,9.0
67c5d7d4bfda0ffd6d9a5ef8,15,self,1,67c5d7d4bfda0ffd6d9a5ef8,0.0,16.0,34615,18.0
67c5d7d4bfda0ffd6d9a5ef8,15,other,2,5b29ed150ec82d0001d26cf8,1.0,8.0,34615,12.0
67c5d7d4bfda0ffd6d9a5ef8,15,other,3,6658c5911429bc1ab0372a89,1.0,16.0,34615,16.0
67c5d7d4bfda0ffd6d9a5ef8,15,other,4,63ebd39a63bb79b50d438ab7,0.0,19.0,34615,17.0
67c70ef486c8488303c97ed5,2,self,1,67c70ef486c8488303c97ed5,0.0,9.0,34622,13.0
67c70ef486c8488303c97ed5,2,other,2,5e99c8efae829502a02f6fc8,1.0,15.0,34622,17.0
67c70ef486c8488303c97ed5,2,other,3,60c20abfdccab926283d8f7f,1.0,12.0,34622,17.0
67c70ef486c8488303c97ed5,2,other,4,62e3f7b224ec70641fd86b7b,0.0,31.0,34622,24.0
67ca44c542a5ebd3baf7d5e1,16,self,1,67ca44c542a5ebd3baf7d5e1,1.0,13.0,34716,16.0
67ca44c542a5ebd3baf7d5e1,16,other,2,55747e4afdf99b6752df4183,1.0,9.0,34716,8.0
67ca44c542a5ebd3baf7d5e1,16,other,3,5f96d1d4c1cd3c03ad1ee15c,0.0,10.0,34716,16.0
67ca44c542a5ebd3baf7d5e1,16,other,4,66a208fff5715f2926f70289,0.0,17.0,34716,17.0
67ccf5aaec16501a9fec7097,10,self,1,67ccf5aaec16501a9fec7097,1.0,11.0,34770,10.0
67ccf5aaec16501a9fec7097,10,other,2,563fc664074be600055e9677,1.0,11.0,34770,0.0
67ccf5aaec16501a9fec7097,10,other,3,63fcb1bc5430196e4e652913,0.0,14.0,34770,12.0
67ccf5aaec16501a9fec7097,10,other,4,6122548871de12f3a454e5cb,0.0,18.0,34770,26.0
67ccf5aaec16501a9fec7097,12,self,1,67ccf5aaec16501a9fec7097,1.0,11.0,34772,10.0
67ccf5aaec16501a9fec7097,12,other,2,5cfebb94eafc4d001a62cbc9,1.0,19.0,34772,20.0
67ccf5aaec16501a9fec7097,12,other,3,5ea051f6ef1e88000bbae035,0.0,8.0,34772,11.0
67ccf5aaec16501a9fec7097,12,other,4,61381d5a9e64a57c2094498d,0.0,9.0,34772,16.0
67cf0c70aa43b13b6168ecbf,9,self,1,67cf0c70aa43b13b6168ecbf,1.0,12.0,34809,12.0
67cf0c70aa43b13b6168ecbf,9,other,2,5b2122b319113a0001168cd4,1.0,9.0,34809,11.0
67cf0c70aa43b13b6168ecbf,9,other,3,66b507cc1a7e164991afbe17,0.0,4.0,34809,8.0
67cf0c70aa43b13b6168ecbf,9,other,4,629e3ebd335abaaefd1111db,0.0,19.0,34809,23.0
67cf0c70aa43b13b6168ecbf,14,self,1,67cf0c70aa43b13b6168ecbf,1.0,12.0,34814,12.0
67cf0c70aa43b13b6168ecbf,14,other,2,5f369f5484d5ad083b7ce317,1.0,18.0,34814,16.0
67cf0c70aa43b13b6168ecbf,14,other,3,59d4b084115096000190dbce,0.0,12.0,34814,17.0
67cf0c70aa43b13b6168ecbf,14,other,4,665b26e1aed20c57d074d0fd,0.0,11.0,34814,17.0
67d1d172e049a486152a5ce9,6,self,1,67d1d172e049a486152a5ce9,0.0,8.0,34866,7.0
67d1d172e049a486152a5ce9,6,other,2,62b2510090c080a481c2c8ef,1.0,16.0,34866,14.0
67d1d172e049a486152a5ce9,6,other,3,663631e9a98cfc7ea17bbde6,1.0,5.0,34866,9.0
67d1d172e049a486152a5ce9,6,other,4,5f4d968cacc80fa73143cdf3,0.0,32.0,34866,30.0
67d1d172e049a486152a5ce9,18,self,1,67d1d172e049a486152a5ce9,0.0,8.0,34878,7.0
67d1d172e049a486152a5ce9,18,other,2,5b4a3ab1bc06c90001f902f4,1.0,9.0,34878,12.0
67d1d172e049a486152a5ce9,18,other,3,676054fd8c08c71e4bb7c969,1.0,12.0,34878,16.0
67d1d172e049a486152a5ce9,18,other,4,676f0bdedfb3362f560115f0,0.0,19.0,34878,27.0
67d1e699af2dd980a764accb,2,self,1,67d1e699af2dd980a764accb,0.0,5.0,34882,8.0
67d1e699af2dd980a764accb,2,other,2,67045932c671e52de9f8bc4c,1.0,16.0,34882,17.0
67d1e699af2dd980a764accb,2,other,3,5c4266e71fad93000122d5cf,1.0,17.0,34882,17.0
67d1e699af2dd980a764accb,2,other,4,5ae31b59ea9a600001986fac,0.0,9.0,34882,19.0
67d1e699af2dd980a764accb,3,self,1,67d1e699af2dd980a764accb,0.0,5.0,34883,8.0
67d1e699af2dd980a764accb,3,other,2,5a9d223b89de8200013f1893,1.0,9.0,34883,16.0
67d1e699af2dd980a764accb,3,other,3,66ea8a49fe8d363b3ab1c952,1.0,9.0,34883,9.0
67d1e699af2dd980a764accb,3,other,4,5c636bc3302b1e0001e69dce,0.0,21.0,34883,18.0
67d1e699af2dd980a764accb,12,self,1,67d1e699af2dd980a764accb,0.0,5.0,34892,8.0
67d1e699af2dd980a764accb,12,other,2,5ed929186e439f4729693f32,1.0,8.0,34892,9.0
67d1e699af2dd980a764accb,12,other,3,62029a95ef1cb18a1337c695,1.0,16.0,34892,17.0
67d1e699af2dd980a764accb,12,other,4,60bf8f44f1188266dd8a3e85,0.0,24.0,34892,16.0
67ddcc6cfc53ee0415e0db0e,20,self,1,67ddcc6cfc53ee0415e0db0e,0.0,4.0,35000,9.0
67ddcc6cfc53ee0415e0db0e,20,other,2,66fc6008cda3d277a8978dbf,1.0,4.0,35000,5.0
67ddcc6cfc53ee0415e0db0e,20,other,3,5fe39d7a3e41f786ed4b1d73,1.0,21.0,35000,19.0
67ddcc6cfc53ee0415e0db0e,20,other,4,5b70d5cf48302c0001ba0771,0.0,19.0,35000,24.0
67de01d3d44c6326661a7d33,12,self,1,67de01d3d44c6326661a7d33,0.0,2.0,35012,4.0
67de01d3d44c6326661a7d33,12,other,2,6384704a7b906e6298d5087f,1.0,12.0,35012,14.0
67de01d3d44c6326661a7d33,12,other,3,66cc4546f9e3a25d2adc51c8,1.0,10.0,35012,10.0
67de01d3d44c6326661a7d33,12,other,4,5e1f2837d95637258ebc9ace,0.0,4.0,35012,9.0
67de01d3d44c6326661a7d33,18,self,1,67de01d3d44c6326661a7d33,0.0,2.0,35018,4.0
67de01d3d44c6326661a7d33,18,other,2,63a77363dd6fabebef211019,1.0,3.0,35018,4.0
67de01d3d44c6326661a7d33,18,other,3,6606ce9c3523446ed5777300,1.0,9.0,35018,10.0
67de01d3d44c6326661a7d33,18,other,4,67ec9fc858f4594fd069d5ff,0.0,8.0,35018,19.0
67e051d5736da524dbe7a0c1,3,self,1,67e051d5736da524dbe7a0c1,0.0,7.0,35063,12.0
67e051d5736da524dbe7a0c1,3,other,2,65ea41d8c31c744b580de3ee,1.0,13.0,35063,20.0
67e051d5736da524dbe7a0c1,3,other,3,6310ccbda708843d8c079b6d,1.0,12.0,35063,16.0
67e051d5736da524dbe7a0c1,3,other,4,63d3f951dd046a4bc2b9cea9,0.0,13.0,35063,10.0
67e051d5736da524dbe7a0c1,5,self,1,67e051d5736da524dbe7a0c1,0.0,7.0,35065,12.0
67e051d5736da524dbe7a0c1,5,other,2,5c88cfc680858000011363df,1.0,8.0,35065,8.0
67e051d5736da524dbe7a0c1,5,other,3,65fb799d1bb244733095cf20,1.0,1.0,35065,5.0
67e051d5736da524dbe7a0c1,5,other,4,663bdaa8efe54667f41a46ca,0.0,16.0,35065,12.0
67e051d5736da524dbe7a0c1,7,self,1,67e051d5736da524dbe7a0c1,0.0,7.0,35067,12.0
67e051d5736da524dbe7a0c1,7,other,2,5a70b6b882968f0001a6b12f,1.0,9.0,35067,10.0
67e051d5736da524dbe7a0c1,7,other,3,664dc01c088c4acb7473a6e5,1.0,4.0,35067,16.0
67e051d5736da524dbe7a0c1,7,other,4,60858334390f28f5a4fb79d3,0.0,16.0,35067,8.0
67e051d5736da524dbe7a0c1,13,self,1,67e051d5736da524dbe7a0c1,0.0,7.0,35073,12.0
67e051d5736da524dbe7a0c1,13,other,2,672ca130c5f43c5ed7d5d4b8,1.0,20.0,35073,21.0
67e051d5736da524dbe7a0c1,13,other,3,5cb128db0d14d3001838eef5,1.0,8.0,35073,8.0
67e051d5736da524dbe7a0c1,13,other,4,6636e5ffb1e341fa2390a2c0,0.0,23.0,35073,17.0
67e051d5736da524dbe7a0c1,17,self,1,67e051d5736da524dbe7a0c1,0.0,7.0,35077,12.0
67e051d5736da524dbe7a0c1,17,other,2,64677608fcea37852641c1d5,1.0,14.0,35077,16.0
67e051d5736da524dbe7a0c1,17,other,3,67c595333edb693c1ebaee67,1.0,9.0,35077,12.0
67e051d5736da524dbe7a0c1,17,other,4,67e923d008c9e3479c33f071,0.0,9.0,35077,7.0
67e051d5736da524dbe7a0c1,20,self,1,67e051d5736da524dbe7a0c1,0.0,7.0,35080,12.0
67e051d5736da524dbe7a0c1,20,other,2,66479cbe39361370f0d85484,1.0,16.0,35080,16.0
67e051d5736da524dbe7a0c1,20,other,3,63d8c92d2f5a27eb3c7edb89,1.0,19.0,35080,16.0
67e051d5736da524dbe7a0c1,20,other,4,679332b7a7378f8f63f9ab84,0.0,16.0,35080,9.0
67e069199f5b036960b0cc5f,19,self,1,67e069199f5b036960b0cc5f,1.0,10.0,35099,19.0
67e069199f5b036960b0cc5f,19,other,2,63a77363dd6fabebef211019,1.0,3.0,35099,4.0
67e069199f5b036960b0cc5f,19,other,3,63457ca6ea7e55d2491ec3fc,0.0,13.0,35099,13.0
67e069199f5b036960b0cc5f,19,other,4,599ec7dc617ca80001fcd124,0.0,8.0,35099,13.0
67e1d85800cb3a05eae74bbf,16,self,1,67e1d85800cb3a05eae74bbf,1.0,10.0,35136,6.0
67e1d85800cb3a05eae74bbf,16,other,2,656d24ca2d90244628b2960e,1.0,20.0,35136,17.0
67e1d85800cb3a05eae74bbf,16,other,3,641359b5040c453203e2c088,0.0,8.0,35136,0.0
67e1d85800cb3a05eae74bbf,16,other,4,632b9d9bc38454f47019295c,0.0,8.0,35136,16.0
67e1d85800cb3a05eae74bbf,18,self,1,67e1d85800cb3a05eae74bbf,1.0,10.0,35138,6.0
67e1d85800cb3a05eae74bbf,18,other,2,5ed40545225e613ba9f16b57,1.0,16.0,35138,17.0
67e1d85800cb3a05eae74bbf,18,other,3,5991b5cd7d29e700017303bb,0.0,6.0,35138,2.0
67e1d85800cb3a05eae74bbf,18,other,4,60535adfff835194160cd3bb,0.0,13.0,35138,13.0
67eee89119de070d8b864f60,5,self,1,67eee89119de070d8b864f60,0.0,11.0,35385,15.0
67eee89119de070d8b864f60,5,other,2,5cb128db0d14d3001838eef5,1.0,8.0,35385,8.0
67eee89119de070d8b864f60,5,other,3,5de83840271a1c7b0fb7ec16,1.0,9.0,35385,9.0
67eee89119de070d8b864f60,5,other,4,676f0bdedfb3362f560115f0,0.0,19.0,35385,27.0
67efe4d2d2018d216ac7ff4f,5,self,1,67efe4d2d2018d216ac7ff4f,0.0,2.0,35405,3.0
67efe4d2d2018d216ac7ff4f,5,other,2,66928f171518765c5f8cea5b,1.0,1.0,35405,10.0
67efe4d2d2018d216ac7ff4f,5,other,3,652ecb92078fe073ab29b920,1.0,10.0,35405,0.0
67efe4d2d2018d216ac7ff4f,5,other,4,6633ee8ca35ae4b909110ee3,0.0,12.0,35405,11.0
67f67d04686f4f467e3a6c76,5,self,1,67f67d04686f4f467e3a6c76,0.0,10.0,35485,11.0
67f67d04686f4f467e3a6c76,5,other,2,5d092c1f7dad2200193be669,1.0,24.0,35485,18.0
67f67d04686f4f467e3a6c76,5,other,3,5eab170759f5390b776df5a1,1.0,18.0,35485,16.0
67f67d04686f4f467e3a6c76,5,other,4,6697c11cb2a452583e99cd86,0.0,32.0,35485,23.0
67fab05a945608890ebd90cb,17,self,1,67fab05a945608890ebd90cb,1.0,13.0,35537,14.0
67fab05a945608890ebd90cb,17,other,2,66e9d794bd67a9a02ca66a8f,1.0,8.0,35537,8.0
67fab05a945608890ebd90cb,17,other,3,614c3ad2075d2710db4dc03e,0.0,9.0,35537,10.0
67fab05a945608890ebd90cb,17,other,4,6668929d181484a688e8d5d0,0.0,25.0,35537,18.0
67fb712344e93ae6c23a6805,1,self,1,67fb712344e93ae6c23a6805,0.0,2.0,35541,9.0
67fb712344e93ae6c23a6805,1,other,2,676065103aced1871a84ec5c,1.0,10.0,35541,10.0
67fb712344e93ae6c23a6805,1,other,3,5aeb5aba7ed5460001572dad,1.0,23.0,35541,22.0
67fb712344e93ae6c23a6805,1,other,4,665c492a372cfba059fbeb56,0.0,17.0,35541,9.0
67fb712344e93ae6c23a6805,7,self,1,67fb712344e93ae6c23a6805,0.0,2.0,35547,9.0
67fb712344e93ae6c23a6805,7,other,2,6050ea8a95817a2bfddc9d09,1.0,21.0,35547,21.0
67fb712344e93ae6c23a6805,7,other,3,6658d02b830a00e979619fb8,1.0,0.0,35547,0.0
67fb712344e93ae6c23a6805,7,other,4,5cbe1e098f939c0015c0b9d8,0.0,17.0,35547,12.0
67fb712344e93ae6c23a6805,10,self,1,67fb712344e93ae6c23a6805,0.0,2.0,35550,9.0
67fb712344e93ae6c23a6805,10,other,2,62ea57db8ebcd07b26b66eec,1.0,5.0,35550,3.0
67fb712344e93ae6c23a6805,10,other,3,5d0e091ccd9c9300191cb9c9,1.0,16.0,35550,18.0
67fb712344e93ae6c23a6805,10,other,4,5a9fa90f873cda00010d29d8,0.0,10.0,35550,13.0
67fb712344e93ae6c23a6805,20,self,1,67fb712344e93ae6c23a6805,0.0,2.0,35560,9.0
67fb712344e93ae6c23a6805,20,other,2,6775f7bf80cba9df1032a472,1.0,10.0,35560,17.0
67fb712344e93ae6c23a6805,20,other,3,5898e520979a590001d21df2,1.0,16.0,35560,13.0
67fb712344e93ae6c23a6805,20,other,4,6630fbbf430541e72d02c6e5,0.0,20.0,35560,16.0
680c0636408121caf12fe0d1,6,self,1,680c0636408121caf12fe0d1,1.0,2.0,35566,3.0
680c0636408121caf12fe0d1,6,other,2,659ab50980820849a02c0b5f,1.0,9.0,35566,8.0
680c0636408121caf12fe0d1,6,other,3,5d5d65f84bd7800017a4f90e,0.0,24.0,35566,25.0
680c0636408121caf12fe0d1,6,other,4,5e1f2837d95637258ebc9ace,0.0,4.0,35566,9.0
680c0636408121caf12fe0d1,8,self,1,680c0636408121caf12fe0d1,1.0,2.0,35568,3.0
680c0636408121caf12fe0d1,8,other,2,643ebfff661435ecda5a3580,1.0,8.0,35568,4.0
680c0636408121caf12fe0d1,8,other,3,647849063b9fd9be24803727,0.0,11.0,35568,13.0
680c0636408121caf12fe0d1,8,other,4,5eadb9ba99443b0a80211eaa,0.0,25.0,35568,19.0
683cb872454bffb744e2608c,1,self,1,683cb872454bffb744e2608c,1.0,23.0,35821,16.0
683cb872454bffb744e2608c,1,other,2,5e13ad514c81b2a01ae4aa9f,1.0,16.0,35821,6.0
683cb872454bffb744e2608c,1,other,3,61bb36eb40db417c1a13895a,0.0,31.0,35821,28.0
683cb872454bffb744e2608c,1,other,4,5b82e33f184f45000155f0ba,0.0,12.0,35821,13.0
683cb872454bffb744e2608c,2,self,1,683cb872454bffb744e2608c,1.0,23.0,35822,16.0
683cb872454bffb744e2608c,2,other,2,615eca41d537883c96fc9eec,1.0,8.0,35822,12.0
683cb872454bffb744e2608c,2,other,3,5ea96c415a6a4e068b6d1e84,0.0,16.0,35822,17.0
683cb872454bffb744e2608c,2,other,4,5a9fa90f873cda00010d29d8,0.0,10.0,35822,13.0
683cb872454bffb744e2608c,5,self,1,683cb872454bffb744e2608c,1.0,23.0,35825,16.0
683cb872454bffb744e2608c,5,other,2,5f985f3a4bc1cf120675f408,1.0,25.0,35825,20.0
683cb872454bffb744e2608c,5,other,3,66a6563f5b48ef9ac1d41881,0.0,0.0,35825,5.0
683cb872454bffb744e2608c,5,other,4,6632687cb045de5ac33ceea3,0.0,9.0,35825,15.0
683cb872454bffb744e2608c,8,self,1,683cb872454bffb744e2608c,1.0,23.0,35828,16.0
683cb872454bffb744e2608c,8,other,2,67215f2922159d42abf932a4,1.0,25.0,35828,21.0
683cb872454bffb744e2608c,8,other,3,5e62b7646cf0bf04667c8683,0.0,20.0,35828,18.0
683cb872454bffb744e2608c,8,other,4,63d863ab3ccec5d222287168,0.0,24.0,35828,18.0
683cb872454bffb744e2608c,15,self,1,683cb872454bffb744e2608c,1.0,23.0,35835,16.0
683cb872454bffb744e2608c,15,other,2,67dbeabb9f3bd066c8a56685,1.0,12.0,35835,17.0
683cb872454bffb744e2608c,15,other,3,67657e578046d60e4b772013,0.0,20.0,35835,18.0
683cb872454bffb744e2608c,15,other,4,5dd9a7ff98981d926df9ea18,0.0,24.0,35835,24.0
683cb872454bffb744e2608c,20,self,1,683cb872454bffb744e2608c,1.0,23.0,35840,16.0
683cb872454bffb744e2608c,20,other,2,6664927aa7e156f84937c5bf,1.0,18.0,35840,17.0
683cb872454bffb744e2608c,20,other,3,67f7f883cb3cd4c0f5177411,0.0,16.0,35840,16.0
683cb872454bffb744e2608c,20,other,4,6650ecda2657647b60a302eb,0.0,10.0,35840,11.0
68a741770ddcfded8f735e8e,16,self,1,68a741770ddcfded8f735e8e,0.0,20.0,35876,20.0
68a741770ddcfded8f735e8e,16,other,2,65524ce2443c9df5aba5960c,1.0,8.0,35876,9.0
68a741770ddcfded8f735e8e,16,other,3,5d4bf8571348c800174c6ecb,1.0,24.0,35876,19.0
68a741770ddcfded8f735e8e,16,other,4,5d953b22b7555900159f2913,0.0,12.0,35876,19.0
68c9a88016a72793ea49ad8c,20,self,1,68c9a88016a72793ea49ad8c,0.0,12.0,35920,17.0
68c9a88016a72793ea49ad8c,20,other,2,665ec25c1ecf0a89934b7a7e,1.0,13.0,35920,11.0
68c9a88016a72793ea49ad8c,20,other,3,56780a5a89319e0011644cb4,1.0,21.0,35920,17.0
68c9a88016a72793ea49ad8c,20,other,4,664a0d8b5ef52adae600c9fa,0.0,5.0,35920,8.0
6912179bef81177cf16f4c4c,3,self,1,6912179bef81177cf16f4c4c,0.0,16.0,35923,9.0
6912179bef81177cf16f4c4c,3,other,2,6764698dfd3a27abba661f46,1.0,17.0,35923,10.0
6912179bef81177cf16f4c4c,3,other,3,6137d3b8b1252a85f556d3d8,1.0,19.0,35923,18.0
6912179bef81177cf16f4c4c,3,other,4,5fa4c21a04bc5912180291bc,0.0,18.0,35923,17.0
6912179bef81177cf16f4c4c,11,self,1,6912179bef81177cf16f4c4c,0.0,16.0,35931,9.0
6912179bef81177cf16f4c4c,11,other,2,661d4230dd564f5f2a226612,1.0,10.0,35931,16.0
6912179bef81177cf16f4c4c,11,other,3,6717fca726a4dc3a00ad40db,1.0,9.0,35931,4.0
6912179bef81177cf16f4c4c,11,other,4,629e3ebd335abaaefd1111db,0.0,19.0,35931,23.0
6927765bbe35814d222e4fe7,2,self,1,6927765bbe35814d222e4fe7,0.0,14.0,35962,12.0
6927765bbe35814d222e4fe7,2,other,2,65ae75b0066b2d1c8156bae2,1.0,16.0,35962,17.0
6927765bbe35814d222e4fe7,2,other,3,63af62a1d6cc4166b7a6e646,1.0,11.0,35962,1.0
6927765bbe35814d222e4fe7,2,other,4,6361661d1e9f0ed11a83645c,0.0,9.0,35962,13.0
6927765bbe35814d222e4fe7,17,self,1,6927765bbe35814d222e4fe7,0.0,14.0,35977,12.0
6927765bbe35814d222e4fe7,17,other,2,5efcf3be07207311b09d14ab,1.0,11.0,35977,16.0
6927765bbe35814d222e4fe7,17,other,3,6774ba2b35bfe170ef2d7c87,1.0,16.0,35977,16.0
6927765bbe35814d222e4fe7,17,other,4,62926f5a375553f13d68bc92,0.0,9.0,35977,9.0
